{"type": "FeatureCollection", "features": [{"type": "Feature", "properties": {"NAME": "半淞园", "idx": 0}, "geometry": {"type": "Polygon", "coordinates": [[[121.49242500052257, 31.21477799993862], [121.49632999983145, 31.212294000356266], [121.49852199994935, 31.208364000079506], [121.5006910001321, 31.20758699960479], [121.49601000014674, 31.200565000440083], [121.4913539999219, 31.195603000054298], [121.48687700037921, 31.20081000030861], [121.48224999962359, 31.199559000037123], [121.47960000029026, 31.206969000234164], [121.47979200024632, 31.209548999709273], [121.47720599993391, 31.21324400003427], [121.49242500052257, 31.21477799993862]]]}}, {"type": "Feature", "properties": {"NAME": "老西门", "idx": 1}, "geometry": {"type": "Polygon", "coordinates": [[[121.48950599959895, 31.224020999847358], [121.4910719996896, 31.21490500003642], [121.47720599993391, 31.21324400003427], [121.47591799980452, 31.21818799983819], [121.4784979998274, 31.21929700021923], [121.4781939995483, 31.220847999877936], [121.48025299967561, 31.221078999810004], [121.48459000030465, 31.223626999793247], [121.48950599959895, 31.224020999847358]]]}}, {"type": "Feature", "properties": {"NAME": "豫园", "idx": 2}, "geometry": {"type": "Polygon", "coordinates": [[[121.48228900015884, 31.230852000297173], [121.49025199950664, 31.231014999657344], [121.49213299960043, 31.228689000385693], [121.49254499947611, 31.227266000144155], [121.49073800041613, 31.2272730004524], [121.4907189995646, 31.22388299990774], [121.48459000030465, 31.223626999793247], [121.48025299967561, 31.221078999810004], [121.4781939995483, 31.220847999877936], [121.47568600011357, 31.227610999707164], [121.48228900015884, 31.230852000297173]]]}}, {"type": "Feature", "properties": {"NAME": "小东门", "idx": 3}, "geometry": {"type": "Polygon", "coordinates": [[[121.50007599954105, 31.227519999734557], [121.50384200018058, 31.2226490000313], [121.505548999507, 31.21734399978488], [121.50444400016556, 31.21377700011156], [121.5006910001321, 31.20758699960479], [121.49852199994935, 31.208364000079506], [121.49533400042141, 31.213296000386872], [121.4910719996896, 31.21490500003642], [121.48950599959895, 31.224020999847358], [121.4907189995646, 31.22388299990774], [121.49073800041613, 31.2272730004524], [121.49255400007532, 31.227302999796166], [121.49184900029272, 31.229258000049708], [121.48942700038123, 31.231227999962787], [121.49319499952965, 31.233594000169337], [121.50007599954105, 31.227519999734557]]]}}, {"type": "Feature", "properties": {"NAME": "南京东路", "idx": 4}, "geometry": {"type": "Polygon", "coordinates": [[[121.4713990002813, 31.24335000015929], [121.47416300005534, 31.24222000016553], [121.47645000035367, 31.236493000099102], [121.47560599959549, 31.236188000262143], [121.47619799954529, 31.235224999811376], [121.47705800006541, 31.235536000405233], [121.47842499976798, 31.23293400004391], [121.47367399967192, 31.230548999824133], [121.4751430003765, 31.228518000347485], [121.46575699996575, 31.224999000101683], [121.46445499994913, 31.22621699997192], [121.46269799966547, 31.22573300012115], [121.46317899969304, 31.227570999928314], [121.46156400036294, 31.23618600008246], [121.45821300039559, 31.243231000420696], [121.46510700033687, 31.24111500021522], [121.4713990002813, 31.24335000015929]]]}}, {"type": "Feature", "properties": {"NAME": "外滩", "idx": 5}, "geometry": {"type": "Polygon", "coordinates": [[[121.4833270004465, 31.246045000149504], [121.49023299948841, 31.244298000434565], [121.48863100014789, 31.24160199969458], [121.48862200011091, 31.23868500029584], [121.48971400001874, 31.23653799955649], [121.49319499952965, 31.233594000169337], [121.48942700038123, 31.231227999962787], [121.48235700026105, 31.230871000114906], [121.47568600011357, 31.227610999707164], [121.47367399967192, 31.230548999824133], [121.47842499976798, 31.23293400004391], [121.47705800006541, 31.235536000405233], [121.47619799954529, 31.235224999811376], [121.47560599959549, 31.236188000262143], [121.47645000035367, 31.236493000099102], [121.47416300005534, 31.24222000016553], [121.47621599957395, 31.242201000214806], [121.48049500031176, 31.24568800022539], [121.4833270004465, 31.246045000149504]]]}}, {"type": "Feature", "properties": {"NAME": "平凉路街道", "idx": 6}, "geometry": {"type": "Polygon", "coordinates": [[[121.52281299989204, 31.268293000272276], [121.52935899998604, 31.259037999893646], [121.5309570001935, 31.25798799962808], [121.53138400014504, 31.255402999781616], [121.53344699989314, 31.25261400021168], [121.52396400034237, 31.249347000286622], [121.51179200001933, 31.249118999675282], [121.51141300015807, 31.253588999578916], [121.51296999980353, 31.25382599957336], [121.50843199994301, 31.259962999725843], [121.51513399956434, 31.264773999797256], [121.52281299989204, 31.268293000272276]]]}}, {"type": "Feature", "properties": {"NAME": "江浦路街道", "idx": 7}, "geometry": {"type": "Polygon", "coordinates": [[[121.51505799975044, 31.277306999728037], [121.52281299989204, 31.268293000272276], [121.51332999999728, 31.26375599980952], [121.50843199994301, 31.259962999725843], [121.5018680004131, 31.267739000160987], [121.50190300045672, 31.272519000102285], [121.50577499991581, 31.275164999839554], [121.51505799975044, 31.277306999728037]]]}}, {"type": "Feature", "properties": {"NAME": "大桥街道", "idx": 8}, "geometry": {"type": "Polygon", "coordinates": [[[121.53611499965416, 31.27991400037687], [121.5391440000381, 31.27638800038164], [121.53596399953041, 31.274236999731993], [121.54376599982382, 31.267341000003807], [121.54526700036593, 31.268390000292698], [121.5498930004117, 31.263269999702256], [121.53344699989314, 31.25261400021168], [121.53138400014504, 31.255402999781616], [121.5309570001935, 31.25798799962808], [121.52935899998604, 31.259037999893646], [121.51865700028394, 31.274097000344486], [121.52493200026433, 31.277349000282225], [121.53611499965416, 31.27991400037687]]]}}, {"type": "Feature", "properties": {"NAME": "控江路街道", "idx": 9}, "geometry": {"type": "Polygon", "coordinates": [[[121.52300000044077, 31.2909370000017], [121.53046900045179, 31.278532999924522], [121.52493200026433, 31.277349000282225], [121.51865700028394, 31.274097000344486], [121.5166080004355, 31.27643400024046], [121.51312400025297, 31.27811300016557], [121.51178099982147, 31.28164799964555], [121.50684099955974, 31.286999999927115], [121.5106089995359, 31.286710999689863], [121.52140799953841, 31.289507999741208], [121.52300000044077, 31.2909370000017]]]}}, {"type": "Feature", "properties": {"NAME": "四平路街道", "idx": 10}, "geometry": {"type": "Polygon", "coordinates": [[[121.49806700007991, 31.291442999789776], [121.50882700026153, 31.28546299990798], [121.51178099982147, 31.28164799964555], [121.51312400025297, 31.27811300016557], [121.51505799975044, 31.277306999728037], [121.50577499991581, 31.275164999839554], [121.50190300045672, 31.272519000102285], [121.49576300039972, 31.277559000002796], [121.49189900010062, 31.27829399957308], [121.49166200050007, 31.286119999648683], [121.49806700007991, 31.291442999789776]]]}}, {"type": "Feature", "properties": {"NAME": "延吉新村街道", "idx": 11}, "geometry": {"type": "Polygon", "coordinates": [[[121.53418900034447, 31.297210000003133], [121.53669100039056, 31.293839000147255], [121.53456500035516, 31.292598000023503], [121.5392779998735, 31.288041999904397], [121.54136100047012, 31.282878000321524], [121.53640299950908, 31.279959000025563], [121.53046900045179, 31.278532999924522], [121.52325299988581, 31.29061000024171], [121.53418900034447, 31.297210000003133]]]}}, {"type": "Feature", "properties": {"NAME": "长白新村街道", "idx": 12}, "geometry": {"type": "Polygon", "coordinates": [[[121.55383399993887, 31.3056129999151], [121.5544750001613, 31.29276899993905], [121.54901500035417, 31.290711999804042], [121.55113299965883, 31.2889299997284], [121.54136100047012, 31.282878000321524], [121.5392779998735, 31.288041999904397], [121.53456500035516, 31.292598000023503], [121.53669100039056, 31.293839000147255], [121.53418900034447, 31.297210000003133], [121.53773399978117, 31.29910800004427], [121.53809400032502, 31.301391999661494], [121.54065899983429, 31.30269699972572], [121.54099099969558, 31.303851000290713], [121.55383399993887, 31.3056129999151]]]}}, {"type": "Feature", "properties": {"NAME": "定海路街道", "idx": 13}, "geometry": {"type": "Polygon", "coordinates": [[[121.55825799977377, 31.30028599958155], [121.56463799955219, 31.28584599981062], [121.56388400037697, 31.278170000171112], [121.5604159995584, 31.27256999980667], [121.5498930004117, 31.263269999702256], [121.54526700036593, 31.268390000292698], [121.54376599982382, 31.267341000003807], [121.53596399953041, 31.274236999731993], [121.5391440000381, 31.27638800038164], [121.53640299950908, 31.279959000025563], [121.55113299965883, 31.2889299997284], [121.54901500035417, 31.290711999804042], [121.5544750001613, 31.29276899993905], [121.55327300048562, 31.303271999843037], [121.55383399993887, 31.3056129999151], [121.5572479996677, 31.30606100036039], [121.55825799977377, 31.30028599958155]]]}}, {"type": "Feature", "properties": {"NAME": "五角场街道", "idx": 14}, "geometry": {"type": "Polygon", "coordinates": [[[121.48061800024435, 31.313417999590257], [121.49132600000347, 31.31341800022481], [121.49155400016056, 31.30994999966844], [121.51472499997365, 31.310066000402173], [121.51480100005173, 31.30791299995239], [121.51801200003221, 31.308495999933214], [121.51985599978687, 31.304846999887076], [121.5178519995961, 31.304138000285167], [121.52144000031052, 31.29570900025677], [121.51486199988032, 31.29361899984401], [121.51731200047895, 31.288238999960036], [121.50867900028659, 31.28678299962321], [121.50102400028834, 31.289217000437002], [121.49760399966834, 31.292045999545504], [121.49591899956177, 31.297423999672485], [121.48536099988495, 31.294617999613088], [121.48082799977229, 31.305774999696457], [121.48061800024435, 31.313417999590257]]]}}, {"type": "Feature", "properties": {"NAME": "五角场镇", "idx": 15}, "geometry": {"type": "Polygon", "coordinates": [[[121.52094599988781, 31.32927300029014], [121.52116100030624, 31.31675399975063], [121.52747700049756, 31.31676600045086], [121.52749199998077, 31.313522999770807], [121.54137900023694, 31.313542000062284], [121.54142899982836, 31.316678999661], [121.55779500019376, 31.31844099964192], [121.5572479996677, 31.30606100036039], [121.54099099969558, 31.303851000290713], [121.54065899983429, 31.30269699972572], [121.53809400032502, 31.301391999661494], [121.53744200040121, 31.298888000352804], [121.52140799953841, 31.289507999741208], [121.51731200047895, 31.288238999960036], [121.51486199988032, 31.29361899984401], [121.52144000031052, 31.29570900025677], [121.5178519995961, 31.304138000285167], [121.519841999919, 31.304775000172615], [121.51863099974017, 31.307755999561046], [121.51801200003221, 31.308495999933214], [121.51480100005173, 31.30791299995239], [121.51472499997365, 31.310066000402173], [121.50643100020898, 31.310021999836795], [121.50456500006877, 31.313065000136376], [121.51313999978355, 31.32295899984154], [121.52094599988781, 31.32927300029014]]]}}, {"type": "Feature", "properties": {"NAME": "新江湾城街道", "idx": 16}, "geometry": {"type": "Polygon", "coordinates": [[[121.51566600006204, 31.345629999600842], [121.52450200000993, 31.342082999866093], [121.5245880004126, 31.340789000071652], [121.51972300044973, 31.33910300038378], [121.52447099961009, 31.33554900006602], [121.52406600018175, 31.334003999593918], [121.52091799993198, 31.329330000309646], [121.51313999978355, 31.32295899984154], [121.50495599988744, 31.313684999600632], [121.50639400017971, 31.31008300041537], [121.49155400016056, 31.30994999966844], [121.49134399987476, 31.325374999851327], [121.4942809996548, 31.327441000443454], [121.4930099997614, 31.329814000401512], [121.48878699951328, 31.33217399963124], [121.48949599972742, 31.333246999780968], [121.5009840004455, 31.347871999627955], [121.51300800022128, 31.342612999792607], [121.51566600006204, 31.345629999600842]]]}}, {"type": "Feature", "properties": {"NAME": "殷行街道", "idx": 17}, "geometry": {"type": "Polygon", "coordinates": [[[121.52885300038469, 31.345121000194418], [121.54572600047814, 31.339967999756215], [121.55097900041055, 31.33669300026118], [121.55481200041972, 31.332468999881655], [121.55620200009047, 31.32915200034951], [121.55742000015925, 31.325542999874237], [121.55779500019376, 31.31844099964192], [121.54142899982836, 31.316678999661], [121.54137900023694, 31.313542000062284], [121.52749199998077, 31.313522999770807], [121.52747700049756, 31.31676600045086], [121.52116100030624, 31.31675399975063], [121.52091799993198, 31.329330000309646], [121.52447099961009, 31.33554900006602], [121.51972300044973, 31.33910300038378], [121.5245880004126, 31.340789000071652], [121.52450200000993, 31.342082999866093], [121.51836599960973, 31.344779999959695], [121.52077800015218, 31.34879200043133], [121.52885300038469, 31.345121000194418]]]}}, {"type": "Feature", "properties": {"NAME": "提篮桥街道", "idx": 18}, "geometry": {"type": "Polygon", "coordinates": [[[121.51179200001933, 31.249118999675282], [121.50160000018798, 31.24876699974929], [121.49023299948841, 31.244298000434565], [121.48457999968008, 31.24560899993978], [121.48510899992843, 31.249977999770763], [121.48396799986294, 31.253890000206038], [121.48734199959739, 31.255448000212734], [121.49073999997789, 31.255663999853454], [121.50387699981697, 31.264704000162244], [121.51296999980353, 31.25382599957336], [121.51141300015807, 31.253588999578916], [121.51179200001933, 31.249118999675282]]]}}, {"type": "Feature", "properties": {"NAME": "四川北路街道", "idx": 19}, "geometry": {"type": "Polygon", "coordinates": [[[121.47938899976843, 31.270106999632077], [121.48338400051782, 31.270153000021953], [121.48502899995442, 31.266439999840536], [121.48611199993412, 31.26614700016757], [121.48307299985208, 31.257854999783024], [121.48734199959739, 31.255448000212734], [121.48396799986294, 31.253890000206038], [121.48510899992843, 31.249977999770763], [121.48457999968008, 31.24560899993978], [121.4812759995831, 31.24599700020538], [121.47829900013022, 31.24389299991381], [121.47652600001324, 31.249856000410144], [121.47480299979951, 31.25176600031387], [121.47701600052521, 31.252639999877875], [121.4749699999545, 31.255483000283512], [121.47583999961527, 31.25770099957017], [121.47504100032542, 31.271474999605257], [121.47938899976843, 31.270106999632077]]]}}, {"type": "Feature", "properties": {"NAME": "嘉兴路街道", "idx": 20}, "geometry": {"type": "Polygon", "coordinates": [[[121.50164600021147, 31.269189999612284], [121.50387699981697, 31.264704000162244], [121.49073999997789, 31.255663999853454], [121.48734199959739, 31.255448000212734], [121.48311400041928, 31.25755099999322], [121.48687499972677, 31.267763999897415], [121.49676799952235, 31.276769000433056], [121.50190300045672, 31.272519000102285], [121.50164600021147, 31.269189999612284]]]}}, {"type": "Feature", "properties": {"NAME": "欧阳路街道", "idx": 21}, "geometry": {"type": "Polygon", "coordinates": [[[121.4840010003667, 31.278490999962273], [121.49407199993297, 31.278227000178575], [121.49676799952235, 31.276769000433056], [121.487594000143, 31.2686299998044], [121.48611199993412, 31.26614700016757], [121.48502899995442, 31.266439999840536], [121.48338400051782, 31.270153000021953], [121.47715100041192, 31.270431000167598], [121.47504100032542, 31.271474999605257], [121.4745700001066, 31.27327800001613], [121.47544399958495, 31.277092000310507], [121.47809499970293, 31.27685399983966], [121.4840010003667, 31.278490999962273]]]}}, {"type": "Feature", "properties": {"NAME": "广中路街道", "idx": 22}, "geometry": {"type": "Polygon", "coordinates": [[[121.47747999992805, 31.281409000065374], [121.47455600029328, 31.274045999560755], [121.47562699962339, 31.260505999694672], [121.46482000033969, 31.269583000315638], [121.46008900026104, 31.276023000136448], [121.45803699972281, 31.277228999730962], [121.45670900048562, 31.281402999825936], [121.46383599995225, 31.281778999984734], [121.4705589994833, 31.279631999596607], [121.4729709999355, 31.291404999930354], [121.47619699962625, 31.291880999634195], [121.4766650001351, 31.282651999587785], [121.47747999992805, 31.281409000065374]]]}}, {"type": "Feature", "properties": {"NAME": "曲阳路街道", "idx": 23}, "geometry": {"type": "Polygon", "coordinates": [[[121.49173299999703, 31.28626599992638], [121.49189900010062, 31.27829399957308], [121.48249099994217, 31.278496999944487], [121.47899099974943, 31.27700199980833], [121.47544399958495, 31.277092000310507], [121.47752399991612, 31.281533000433566], [121.4766650001351, 31.282651999587785], [121.47619699962625, 31.291880999634195], [121.49591899956177, 31.297423999672485], [121.49796200031115, 31.291555999602043], [121.49173299999703, 31.28626599992638]]]}}, {"type": "Feature", "properties": {"NAME": "凉城新村街道", "idx": 24}, "geometry": {"type": "Polygon", "coordinates": [[[121.4729709999355, 31.291404999930354], [121.4705589994833, 31.279631999596607], [121.4645700001182, 31.281677000370138], [121.45697700003436, 31.28158500020583], [121.4566449999407, 31.28895199958692], [121.45524099955936, 31.2917119999805], [121.45943900043358, 31.298494000123053], [121.4594450002796, 31.301989999566064], [121.46458300044192, 31.30275499962651], [121.47166599990858, 31.302311999675005], [121.4729709999355, 31.291404999930354]]]}}, {"type": "Feature", "properties": {"NAME": "江湾镇街道", "idx": 25}, "geometry": {"type": "Polygon", "coordinates": [[[121.46354499981827, 31.31792599979214], [121.47420899952368, 31.316475000005], [121.48063999949112, 31.316669999783212], [121.48075899968373, 31.306090999614092], [121.48519399961093, 31.294454999670368], [121.47332300019937, 31.29124599972152], [121.47190400051996, 31.295839000139807], [121.47166599990858, 31.302311999675005], [121.46458300044192, 31.30275499962651], [121.4594450002796, 31.301989999566064], [121.45871899957989, 31.307916999988315], [121.46287900022122, 31.308208999917213], [121.46354499981827, 31.31792599979214]]]}}, {"type": "Feature", "properties": {"NAME": "北站街道", "idx": 26}, "geometry": {"type": "Polygon", "coordinates": [[[121.47513800028095, 31.254968999658544], [121.47701600052521, 31.252639999877875], [121.47480299979951, 31.25176600031387], [121.47652600001324, 31.249856000410144], [121.47829900013022, 31.24389299991381], [121.47664400017736, 31.24242200038867], [121.47483500009709, 31.242037000365475], [121.47028199957836, 31.243350999961105], [121.46485800019803, 31.241119999875433], [121.45821300039559, 31.243231000420696], [121.45757100001524, 31.246072000409182], [121.45821600041815, 31.249437000358153], [121.46372100048978, 31.248559999743495], [121.47272599983204, 31.254135000274506], [121.47339600013798, 31.253395999592573], [121.47513800028095, 31.254968999658544]]]}}, {"type": "Feature", "properties": {"NAME": "天目西路街道", "idx": 27}, "geometry": {"type": "Polygon", "coordinates": [[[121.45001399952228, 31.261099000003615], [121.45361500000186, 31.25573099963162], [121.45459499953472, 31.25561700021955], [121.4547760003186, 31.250662999964838], [121.45821600041815, 31.249437000358153], [121.45757100001524, 31.246072000409182], [121.45821300039559, 31.243231000420696], [121.45288300045394, 31.239887000122398], [121.45077100001727, 31.24064299990501], [121.44340799966413, 31.2467100000147], [121.44570499970192, 31.24988699957819], [121.44657800011117, 31.25405800011434], [121.44454900018401, 31.254814000352237], [121.44625199988752, 31.25808799988913], [121.44493499991046, 31.260034000068238], [121.45001399952228, 31.261099000003615]]]}}, {"type": "Feature", "properties": {"NAME": "芷江西路街道", "idx": 28}, "geometry": {"type": "Polygon", "coordinates": [[[121.4613200004103, 31.26448199972648], [121.46565000017259, 31.249434000418223], [121.46202899981373, 31.2483919997044], [121.4547760003186, 31.250662999964838], [121.45459499953472, 31.25561700021955], [121.45361500000186, 31.25573099963162], [121.44988499980553, 31.260346999593747], [121.45001399952228, 31.261099000003615], [121.4613200004103, 31.26448199972648]]]}}, {"type": "Feature", "properties": {"NAME": "宝山路街道", "idx": 29}, "geometry": {"type": "Polygon", "coordinates": [[[121.46658699952808, 31.26791800037728], [121.47562699962339, 31.260505999694672], [121.47582100016773, 31.257319999827196], [121.47401600047212, 31.253774999573842], [121.47272599983204, 31.254135000274506], [121.46565000017259, 31.249434000418223], [121.4613200004103, 31.26448199972648], [121.46658699952808, 31.26791800037728]]]}}, {"type": "Feature", "properties": {"NAME": "共和新路街道", "idx": 30}, "geometry": {"type": "Polygon", "coordinates": [[[121.45901600041472, 31.276857000153644], [121.46658699952808, 31.26791800037728], [121.46291999953138, 31.265146999664985], [121.45510199972652, 31.2622149999593], [121.44493499991046, 31.260034000068238], [121.43803400026003, 31.269059000118826], [121.43481699950658, 31.27036799998881], [121.44438499970595, 31.271920000159835], [121.44605300050286, 31.269660999968274], [121.4530940004746, 31.269968999731848], [121.45085600049329, 31.273296999670976], [121.45901600041472, 31.276857000153644]]]}}, {"type": "Feature", "properties": {"NAME": "大宁路街道", "idx": 31}, "geometry": {"type": "Polygon", "coordinates": [[[121.45905400002557, 31.306482999889838], [121.45943900043358, 31.298494000123053], [121.45524099955936, 31.2917119999805], [121.45702699999855, 31.286535999572404], [121.45707499984658, 31.279163000338652], [121.45901600041472, 31.276857000153644], [121.45085600049329, 31.273296999670976], [121.4530940004746, 31.269968999731848], [121.44605300050286, 31.269660999968274], [121.44387199957106, 31.272484000225955], [121.43901999982053, 31.275485000217415], [121.4403960004682, 31.275987999806496], [121.44159000036292, 31.275233999803586], [121.44251599978243, 31.27752200032957], [121.44359099990426, 31.277634000256317], [121.44327900020386, 31.27878000009186], [121.44453599969415, 31.27844000023605], [121.4473099997069, 31.281187999986823], [121.4431499996729, 31.281070000402888], [121.44273500024659, 31.285133000315387], [121.4379020004549, 31.284615999738758], [121.43608699955915, 31.29504099974618], [121.43617799995081, 31.301522999945057], [121.44406799981861, 31.302238000132395], [121.44399299954705, 31.304199999669], [121.45187799982108, 31.306053999827277], [121.45905400002557, 31.306482999889838]]]}}, {"type": "Feature", "properties": {"NAME": "彭浦镇", "idx": 32}, "geometry": {"type": "Polygon", "coordinates": [[[121.42969200034396, 31.31433899980185], [121.43099999960127, 31.305968000097938], [121.44380699979129, 31.307594999887954], [121.44406799981861, 31.302238000132395], [121.43617799995081, 31.301522999945057], [121.4359459996672, 31.297091999630243], [121.4379020004549, 31.284615999738758], [121.44273500024659, 31.285133000315387], [121.4431499996729, 31.281070000402888], [121.4473099997069, 31.281187999986823], [121.44453599969415, 31.27844000023605], [121.44327900020386, 31.27878000009186], [121.44359099990426, 31.277634000256317], [121.44251599978243, 31.27752200032957], [121.44159000036292, 31.275233999803586], [121.4403960004682, 31.275987999806496], [121.43901999982053, 31.275485000217415], [121.44438499970595, 31.271920000159835], [121.43481699950658, 31.27036799998881], [121.42765199949692, 31.273712999714164], [121.42498899983106, 31.276720000120086], [121.42028900033185, 31.272512000069746], [121.41989599977033, 31.27309600016416], [121.41969600019429, 31.281509999664355], [121.41795800031271, 31.28607199958837], [121.41892500042017, 31.292796000010604], [121.41393899978002, 31.293430999950782], [121.41412499992168, 31.296626000117133], [121.4154350002707, 31.297506999622776], [121.41514599966816, 31.298727000113544], [121.42209899992729, 31.30036199990399], [121.42144700022544, 31.304998999936544], [121.42636600003816, 31.3054440002673], [121.42609899986786, 31.307604999773996], [121.42756600048536, 31.307742999715238], [121.42672200026198, 31.311617000350317], [121.42762699992963, 31.312118999702605], [121.42729099950178, 31.31356600000934], [121.42969200034396, 31.31433899980185]]]}}, {"type": "Feature", "properties": {"NAME": "彭浦新村街道", "idx": 33}, "geometry": {"type": "Polygon", "coordinates": [[[121.42938400048394, 31.32267300008596], [121.43167199947732, 31.3226110002616], [121.43186699973488, 31.32139800037162], [121.44166899996539, 31.321893999860013], [121.44305000019992, 31.318842999790277], [121.44826699991455, 31.320122000058934], [121.45104100050314, 31.321938999796973], [121.45054600050916, 31.307365999680766], [121.44862899998547, 31.30729299989951], [121.44986700007331, 31.30530700021069], [121.44399299954705, 31.304199999669], [121.44380699979129, 31.307594999887954], [121.43099999960127, 31.305968000097938], [121.43076900029192, 31.311058000106684], [121.42755199969301, 31.320632999721912], [121.42849900003644, 31.320528000076244], [121.42938400048394, 31.32267300008596]]]}}, {"type": "Feature", "properties": {"NAME": "临汾路街道", "idx": 34}, "geometry": {"type": "Polygon", "coordinates": [[[121.46061300017845, 31.322948999986156], [121.46048300038149, 31.321976999875282], [121.46337399983523, 31.32208500018376], [121.46287900022122, 31.308208999917213], [121.45871899957989, 31.307916999988315], [121.4587550000276, 31.30661000038721], [121.44986700007331, 31.30530700021069], [121.44862899998547, 31.30729299989951], [121.45054600050916, 31.307365999680766], [121.45104100050314, 31.321938999796973], [121.45222700021377, 31.32272700033948], [121.46061300017845, 31.322948999986156]]]}}, {"type": "Feature", "properties": {"NAME": "长风新村街道", "idx": 35}, "geometry": {"type": "Polygon", "coordinates": [[[121.41495900003076, 31.238245000411492], [121.41919099997796, 31.23055499956688], [121.41573300021332, 31.22713199960001], [121.41233199976863, 31.229350000189697], [121.41324499961358, 31.230475000199412], [121.41229800043523, 31.23231700044524], [121.40998499971599, 31.230044000097056], [121.41099900051371, 31.228196000400718], [121.41082700009741, 31.22591199970488], [121.39970500004814, 31.222533999641666], [121.39552900001866, 31.22258499982756], [121.39416400029282, 31.220113000253686], [121.38365300016595, 31.220490000370866], [121.3716769997457, 31.22248699958942], [121.37187399974925, 31.22721599972548], [121.37718700035894, 31.23640699956694], [121.37930099963792, 31.234294999601733], [121.38455499982175, 31.23367700022122], [121.39235800002287, 31.236620999932967], [121.3974080002269, 31.237323000119222], [121.39804900016338, 31.23689400022139], [121.39706099952583, 31.23393799969485], [121.40572299955835, 31.232975000023547], [121.41083299967835, 31.24090100029563], [121.41495900003076, 31.238245000411492]]]}}, {"type": "Feature", "properties": {"NAME": "曹杨新村街道", "idx": 36}, "geometry": {"type": "Polygon", "coordinates": [[[121.40614800044511, 31.247462000125655], [121.41030500009985, 31.246407000052002], [121.4145410001771, 31.243466000209974], [121.4103610004238, 31.240377000351614], [121.40572299955835, 31.232975000023547], [121.39706099952583, 31.23393799969485], [121.39804900016338, 31.23689400022139], [121.39455600036183, 31.236833000139168], [121.39398600015411, 31.244504999825647], [121.39594600003771, 31.24648200038975], [121.40614800044511, 31.247462000125655]]]}}, {"type": "Feature", "properties": {"NAME": "长征镇", "idx": 37}, "geometry": {"type": "MultiPolygon", "coordinates": [[[[121.37315299956926, 31.251641999851728], [121.39594600003771, 31.24648200038975], [121.39394200036362, 31.24441399955683], [121.39455600036183, 31.236833000139168], [121.38455499982175, 31.23367700022122], [121.37930099963792, 31.234294999601733], [121.37718700035894, 31.23640699956694], [121.37187399974925, 31.22721599972548], [121.3716769997457, 31.22248699958942], [121.36908300022289, 31.22166500030645], [121.36619600001474, 31.224617000387674], [121.36223299948453, 31.225588999801666], [121.361056999806, 31.227902999578088], [121.35606499963284, 31.228574000135765], [121.34940000039047, 31.23909099976642], [121.3514099999689, 31.239578999694537], [121.35151500027163, 31.24206499996292], [121.35531899987402, 31.242409000134156], [121.35585799968509, 31.24046400044656], [121.35904400017041, 31.241286000146214], [121.3582850004998, 31.24193300034746], [121.3597119999714, 31.244799999741385], [121.36355200027667, 31.249240999802325], [121.36749400037881, 31.245619000114512], [121.36824800028073, 31.247485999881327], [121.37089300039239, 31.2462279996824], [121.37315299956926, 31.251641999851728]]], [[[121.39287299992674, 31.281569999693613], [121.3980639999037, 31.278014000429003], [121.39970900038787, 31.27799399984169], [121.4000029996153, 31.279023999656026], [121.40163399988538, 31.278615999561794], [121.40055699978323, 31.274832999666305], [121.40607399985616, 31.274972999841623], [121.40574799978369, 31.272136000281282], [121.41055600000045, 31.270889999933384], [121.4109580002116, 31.267708999858236], [121.41459000020387, 31.267097000396838], [121.41651600033212, 31.268608999871095], [121.41646500004582, 31.269541000427242], [121.41510000009472, 31.270082999765478], [121.41665400038067, 31.270776000060092], [121.41838400043268, 31.270238999614744], [121.41737999955009, 31.261361999809015], [121.3924310003674, 31.266171999791958], [121.39097599984733, 31.271048999652553], [121.3896599996413, 31.270950999978577], [121.38723800012592, 31.27590900003359], [121.38756399978514, 31.27725499986555], [121.38990899953704, 31.277551000280962], [121.3899259996331, 31.27928700039528], [121.39195699981778, 31.279089999920508], [121.39157899962201, 31.280722000314327], [121.39263100022646, 31.280691999857545], [121.39287299992674, 31.281569999693613]]]]}}, {"type": "Feature", "properties": {"NAME": "长寿路街道", "idx": 38}, "geometry": {"type": "Polygon", "coordinates": [[[121.44584300003581, 31.252604000019133], [121.44570499970192, 31.24988699957819], [121.4434139997141, 31.24697999989031], [121.44519699982953, 31.245105999985988], [121.44440800036922, 31.24429699999981], [121.44114300009637, 31.243289000189655], [121.43082500048821, 31.23723899984477], [121.42625999991608, 31.236990999823472], [121.42314200011194, 31.233052000145292], [121.42270599989908, 31.231105000185703], [121.41932399951574, 31.23029400031797], [121.4153770001854, 31.237809000294714], [121.41083299967835, 31.24090100029563], [121.4241459996188, 31.248501999823187], [121.42805400030568, 31.25209200000073], [121.43286300004814, 31.249754999853096], [121.43530399986085, 31.254828999825165], [121.43664700007385, 31.254343999859447], [121.43824200006233, 31.251512999582953], [121.44584300003581, 31.252604000019133]]]}}, {"type": "Feature", "properties": {"NAME": "石泉路街道", "idx": 39}, "geometry": {"type": "Polygon", "coordinates": [[[121.40414000041173, 31.26351500005493], [121.42598300040909, 31.259741000085693], [121.4259089996601, 31.25695899991793], [121.42805400030568, 31.25209200000073], [121.4241459996188, 31.248501999823187], [121.4145410001771, 31.243466000209974], [121.40950499969442, 31.246742000231208], [121.40399000020666, 31.247418999851188], [121.40246899960779, 31.25237999954778], [121.40622499990651, 31.253360999730013], [121.40589700027421, 31.261529999643773], [121.40414000041173, 31.26351500005493]]]}}, {"type": "Feature", "properties": {"NAME": "宜川路街道", "idx": 40}, "geometry": {"type": "Polygon", "coordinates": [[[121.44584300003581, 31.252604000019133], [121.43824200006233, 31.251512999582953], [121.43544399992163, 31.254870000217675], [121.4325180005009, 31.249708999676006], [121.42852299999878, 31.25130500027892], [121.42594299973987, 31.256835000278166], [121.42598300040909, 31.259741000085693], [121.4314360004419, 31.258673999739145], [121.43015599996116, 31.261847999885443], [121.43939499974765, 31.267342999571557], [121.44625199988752, 31.25808799988913], [121.44454900018401, 31.254814000352237], [121.44657800011117, 31.25405800011434], [121.44584300003581, 31.252604000019133]]]}}, {"type": "Feature", "properties": {"NAME": "真如镇", "idx": 41}, "geometry": {"type": "Polygon", "coordinates": [[[121.39097599984733, 31.271048999652553], [121.3924310003674, 31.266171999791958], [121.40439199994572, 31.26390600012705], [121.40562200016765, 31.2622599996193], [121.40622499990651, 31.253360999730013], [121.40246899960779, 31.25237999954778], [121.40399000020666, 31.247418999851188], [121.39204900033863, 31.24671600020613], [121.37315299956926, 31.251641999851728], [121.37757999998163, 31.26632700005287], [121.3768720003035, 31.268312000287846], [121.37445299994164, 31.269365999680176], [121.38810999962196, 31.26684799988594], [121.3864289998222, 31.26808600033377], [121.38622599956258, 31.270704000225066], [121.39097599984733, 31.271048999652553]]]}}, {"type": "Feature", "properties": {"NAME": "甘泉路街道", "idx": 42}, "geometry": {"type": "Polygon", "coordinates": [[[121.43939499974765, 31.267342999571557], [121.43015599996116, 31.261847999885443], [121.4314360004419, 31.258673999739145], [121.41737999955009, 31.261361999809015], [121.41838400043268, 31.270238999614744], [121.42498899983106, 31.276720000120086], [121.42765199949692, 31.273712999714164], [121.4375219997393, 31.269435000212784], [121.43939499974765, 31.267342999571557]]]}}, {"type": "Feature", "properties": {"NAME": "桃浦镇", "idx": 43}, "geometry": {"type": "Polygon", "coordinates": [[[121.355359999678, 31.29644199994381], [121.3535039996724, 31.295281000039914], [121.36125400034915, 31.29278599961223], [121.3610889997543, 31.292187000075554], [121.36469000013534, 31.291017000144908], [121.3650980001515, 31.292186999920624], [121.36820099975064, 31.29198199973228], [121.36806699969827, 31.291017999838918], [121.36957499994051, 31.29091799987374], [121.37123399973464, 31.29250399966912], [121.3765520001851, 31.291289000154755], [121.37663900020449, 31.29453500021817], [121.37821999974832, 31.294588000040704], [121.37820699994627, 31.295655000047848], [121.37975399979246, 31.29630100026689], [121.3826000003759, 31.296093000362063], [121.38395900035461, 31.297147999990575], [121.38859900003136, 31.296544999740597], [121.38964199994872, 31.29632599996602], [121.38861099971393, 31.29307400042856], [121.39283899978193, 31.29224400042851], [121.39248099994941, 31.291147000247573], [121.39494700017823, 31.290314999930185], [121.39444999970972, 31.289604000182113], [121.39353100029493, 31.290268999562993], [121.39351400035675, 31.288984000395036], [121.39550599977372, 31.28902500030016], [121.39540599981416, 31.287971000125662], [121.39951200018054, 31.28810699990479], [121.39531199991035, 31.280340000262278], [121.39287299992674, 31.281569999693613], [121.39263100022646, 31.280691999857545], [121.39157899962201, 31.280722000314327], [121.39195699981778, 31.279089999920508], [121.3899259996331, 31.27928700039528], [121.38990899953704, 31.277551000280962], [121.38756399978514, 31.27725499986555], [121.38723800012592, 31.27590900003359], [121.3896599996413, 31.270950999978577], [121.38622599956258, 31.270704000225066], [121.3864289998222, 31.26808600033377], [121.38810999962196, 31.26684799988594], [121.37453899977028, 31.269417000049533], [121.37665699962868, 31.26851099987938], [121.3775729995865, 31.266910000423774], [121.37596399975759, 31.259280000022848], [121.37470600010062, 31.2596530001174], [121.37506800048061, 31.26053300025163], [121.37243500003376, 31.261340000444534], [121.37030499951352, 31.261104999549023], [121.36997499991942, 31.258844000136495], [121.36100600002449, 31.25949400044588], [121.36102500028886, 31.26130500021243], [121.35711700024787, 31.261759999602663], [121.35403599959183, 31.265601000155993], [121.35519600003971, 31.266461000324572], [121.35489000033252, 31.268889999758873], [121.35695700012303, 31.269427000342706], [121.36176700041693, 31.26844699967382], [121.36253000048205, 31.27155799965884], [121.35635999978788, 31.272719000317867], [121.35405299951806, 31.270640000318387], [121.35244799981179, 31.27343700007201], [121.34919600043399, 31.274068999644882], [121.34934700044448, 31.27487000025924], [121.34751500028503, 31.27506300034819], [121.34738299991486, 31.2743880000667], [121.33980699961691, 31.275861999734392], [121.33871499963914, 31.273382999592442], [121.33339999999163, 31.274851000437266], [121.33411599961705, 31.276972999845434], [121.33131600001855, 31.27754499987065], [121.33055699991091, 31.27916399970025], [121.33174200013656, 31.279359000134782], [121.33116400040002, 31.281997000278277], [121.33003000024826, 31.28166700019157], [121.32839800048505, 31.284125000341305], [121.3289699999253, 31.284584999568196], [121.32770699995896, 31.287815000064324], [121.32424299981749, 31.286460999791167], [121.32333200052676, 31.287457999621992], [121.3224379999136, 31.287117999632795], [121.32116799987034, 31.289247999832355], [121.32216499950948, 31.290193000016423], [121.32161900051639, 31.290816999683567], [121.32833799960692, 31.292972999665228], [121.32738100003985, 31.295054999759245], [121.3294349999997, 31.295100000198474], [121.32931100024993, 31.296248999742975], [121.33081200011624, 31.295883999875084], [121.33155700038101, 31.296851000337423], [121.33203399968095, 31.29549200034467], [121.3335079997475, 31.295150000227995], [121.33428800044194, 31.29630099979229], [121.33603600027031, 31.295625999993117], [121.33596100035794, 31.29936599982472], [121.3420340002422, 31.29956300033646], [121.34211099953185, 31.298179000125174], [121.3437289998746, 31.298333000360508], [121.34367899987792, 31.29940000034425], [121.34469100007507, 31.29941000036144], [121.34395999964458, 31.302170000143366], [121.34799300033771, 31.30353799981098], [121.35035599957456, 31.301668999668863], [121.35536999983898, 31.304466000290105], [121.35854600002266, 31.30459599986659], [121.355359999678, 31.29644199994381]]]}}, {"type": "Feature", "properties": {"NAME": "静安寺街道", "idx": 44}, "geometry": {"type": "Polygon", "coordinates": [[[121.44180799958612, 31.231248000337917], [121.44428299960532, 31.22349500008701], [121.44486699998393, 31.223717999780796], [121.4473770000485, 31.219282999639624], [121.43457900047243, 31.216089000038064], [121.43128599954645, 31.222635999777427], [121.43069199998503, 31.226805999845617], [121.43497899958233, 31.227293999996245], [121.44180799958612, 31.231248000337917]]]}}, {"type": "Feature", "properties": {"NAME": "南京西路街道", "idx": 45}, "geometry": {"type": "Polygon", "coordinates": [[[121.46221200007622, 31.23282200031103], [121.46317899969304, 31.227570999928314], [121.46269799966547, 31.22573300012115], [121.45202399993526, 31.22575499980722], [121.45290999950231, 31.22203199978708], [121.4473770000485, 31.219282999639624], [121.44486699998393, 31.223717999780796], [121.44428299960532, 31.22349500008701], [121.44223000041647, 31.228534000023842], [121.45040700044174, 31.23207299958482], [121.45188699985414, 31.230111000212986], [121.45671999968124, 31.23274699981465], [121.46221200007622, 31.23282200031103]]]}}, {"type": "Feature", "properties": {"NAME": "曹家渡街道", "idx": 46}, "geometry": {"type": "Polygon", "coordinates": [[[121.43868299964961, 31.229761000063498], [121.43497899958233, 31.227293999996245], [121.43069199998503, 31.226805999845617], [121.4294560004714, 31.22772600040362], [121.4242079997735, 31.22490700017918], [121.42282500043571, 31.226068999857443], [121.42292999952588, 31.23255400003979], [121.42625999991608, 31.236990999823472], [121.43044699997859, 31.237108000188776], [121.43316799977623, 31.238846999593786], [121.43556300012806, 31.236246000452283], [121.43868299964961, 31.229761000063498]]]}}, {"type": "Feature", "properties": {"NAME": "石门二路街道", "idx": 47}, "geometry": {"type": "Polygon", "coordinates": [[[121.46221200007622, 31.23282200031103], [121.45671999968124, 31.23274699981465], [121.45188699985414, 31.230111000212986], [121.44780800026048, 31.236270999648166], [121.45205600022027, 31.23760000029735], [121.45067999952579, 31.240722000112886], [121.45356000031613, 31.240063999985143], [121.45821300039559, 31.243231000420696], [121.4613740000027, 31.236735000114457], [121.46221200007622, 31.23282200031103]]]}}, {"type": "Feature", "properties": {"NAME": "江宁路街道", "idx": 48}, "geometry": {"type": "Polygon", "coordinates": [[[121.45064900015788, 31.240748000405173], [121.45205600022027, 31.23760000029735], [121.44780800026048, 31.236270999648166], [121.45040700044174, 31.23207299958482], [121.4421740004381, 31.229057000118893], [121.44180799958612, 31.231248000337917], [121.43868299964961, 31.229761000063498], [121.43556300012806, 31.236246000452283], [121.43316799977623, 31.238846999593786], [121.44519699982953, 31.245105999985988], [121.45064900015788, 31.240748000405173]]]}}, {"type": "Feature", "properties": {"NAME": "虹桥街道", "idx": 49}, "geometry": {"type": "Polygon", "coordinates": [[[121.40423599981824, 31.20579300018972], [121.40713599962895, 31.207820000230342], [121.40866800036396, 31.20175300015289], [121.41402400017998, 31.203484000401893], [121.41732299959094, 31.19548699975171], [121.41639599974197, 31.193178999854656], [121.41170500044963, 31.192714000359288], [121.41136300004219, 31.194246999676995], [121.41007500045619, 31.192827999902942], [121.38773699958205, 31.193829999592612], [121.38047699986681, 31.192853000268332], [121.37737699994518, 31.197570999893802], [121.39047500044958, 31.20260999996901], [121.3938679999493, 31.202354000137152], [121.39529399964022, 31.207729000325926], [121.39942099970206, 31.207575000249754], [121.40423599981824, 31.20579300018972]]]}}, {"type": "Feature", "properties": {"NAME": "程家桥街道", "idx": 50}, "geometry": {"type": "Polygon", "coordinates": [[[121.33861899969718, 31.207649000316252], [121.34046600003157, 31.207642999559923], [121.34065100047631, 31.20652600002497], [121.34762800002582, 31.20592099965251], [121.34737200028111, 31.197245999554276], [121.34867299989548, 31.195139000412], [121.34786600030479, 31.194544000377114], [121.35318999998718, 31.18880200011172], [121.35236599971779, 31.196788000030732], [121.35407399982027, 31.19698799990966], [121.35362899950692, 31.198815999831755], [121.36170799953952, 31.1992310001327], [121.36337900040371, 31.197352999665302], [121.36598000016564, 31.198271999736548], [121.36646799966267, 31.197519000030685], [121.36524300002583, 31.197043999999945], [121.36609499972471, 31.19472199964851], [121.36882000008134, 31.19502899963542], [121.3722259998378, 31.19691499981611], [121.36913999975951, 31.20071900005905], [121.36905700038395, 31.203730999959227], [121.37185299948129, 31.20689100035611], [121.38072899949204, 31.203781000327254], [121.3806830001856, 31.20133599995521], [121.38340800003732, 31.200844999924012], [121.38350299978582, 31.199930999628684], [121.37737699994518, 31.197570999893802], [121.38047699986681, 31.192853000268332], [121.35968400037122, 31.187122000364887], [121.35352599983703, 31.187844999875256], [121.35164199971261, 31.184508999644432], [121.34851000044657, 31.18353400004092], [121.34668100014639, 31.185463000321228], [121.33733999980934, 31.1816460004387], [121.33696800048742, 31.17976599968647], [121.33666000006642, 31.181419000445608], [121.33376300017544, 31.18206699973453], [121.32724200002987, 31.19163000008269], [121.33340999951514, 31.194633999671325], [121.33264100019159, 31.197665999706892], [121.33416400028324, 31.198338000105213], [121.33370400020554, 31.214365999551763], [121.33666599962905, 31.214385999700298], [121.33673600000873, 31.213109000125833], [121.3382020000793, 31.21264699962628], [121.33861899969718, 31.207649000316252]]]}}, {"type": "Feature", "properties": {"NAME": "新华路街道", "idx": 51}, "geometry": {"type": "Polygon", "coordinates": [[[121.43037899974433, 31.212985000125716], [121.43310000029561, 31.205748999894098], [121.41936300002034, 31.199386999910747], [121.41675599991298, 31.197122000265843], [121.41212399986372, 31.209902000010974], [121.42446300017976, 31.212188999712893], [121.42590399957282, 31.214643999935532], [121.42822500013823, 31.215982999775797], [121.42956299965999, 31.212999000169223], [121.43037899974433, 31.212985000125716]]]}}, {"type": "Feature", "properties": {"NAME": "仙霞新村街道", "idx": 52}, "geometry": {"type": "Polygon", "coordinates": [[[121.38512700023541, 31.216115000384654], [121.395506999636, 31.21357500042768], [121.3956750001457, 31.209901000042812], [121.3938679999493, 31.202354000137152], [121.39099199981194, 31.202731999921923], [121.38350299978582, 31.199930999628684], [121.38340800003732, 31.200844999924012], [121.3806830001856, 31.20133599995521], [121.38072899949204, 31.203781000327254], [121.37595400017189, 31.205683000049333], [121.37903500036542, 31.20921500027014], [121.37998499972127, 31.21418000036369], [121.38414399955211, 31.213921000335382], [121.38512700023541, 31.216115000384654]]]}}, {"type": "Feature", "properties": {"NAME": "天山路街道", "idx": 53}, "geometry": {"type": "Polygon", "coordinates": [[[121.41236500029599, 31.21269500041389], [121.41216200045731, 31.208984999562585], [121.41420299963218, 31.20353599960527], [121.40866800036396, 31.20175300015289], [121.40713599962895, 31.207820000230342], [121.40423599981824, 31.20579300018972], [121.39942099970206, 31.207575000249754], [121.39529399964022, 31.207729000325926], [121.395506999636, 31.21357500042768], [121.39071599998391, 31.21491099979381], [121.3909169995544, 31.21585399971736], [121.39469099961228, 31.217119999715393], [121.39975699956862, 31.21586200018777], [121.40006200010103, 31.217490000143194], [121.4065799997598, 31.217075999567637], [121.40787899986593, 31.21209099994774], [121.41026100044148, 31.2137590003509], [121.41236500029599, 31.21269500041389]]]}}, {"type": "Feature", "properties": {"NAME": "周家桥街道", "idx": 54}, "geometry": {"type": "Polygon", "coordinates": [[[121.41236500029599, 31.21269500041389], [121.41026100044148, 31.2137590003509], [121.40787899986593, 31.21209099994774], [121.4065799997598, 31.217075999567637], [121.40006200010103, 31.217490000143194], [121.39975699956862, 31.21586200018777], [121.39469099961228, 31.217119999715393], [121.3909169995544, 31.21585399971736], [121.39071599998391, 31.21491099979381], [121.38132899963038, 31.216921999746276], [121.38269499968162, 31.217860999812526], [121.38346499990918, 31.220515000333894], [121.39416400029282, 31.220113000253686], [121.39552900001866, 31.22258499982756], [121.39970500004814, 31.222533999641666], [121.40848600042945, 31.2248619998969], [121.41220200044397, 31.217149000328458], [121.41236500029599, 31.21269500041389]]]}}, {"type": "Feature", "properties": {"NAME": "江苏路街道", "idx": 55}, "geometry": {"type": "Polygon", "coordinates": [[[121.43441199974748, 31.216299999999197], [121.4339430001612, 31.214475000439116], [121.43140499963371, 31.21299199960405], [121.42956299965999, 31.212999000169223], [121.42822500013823, 31.215982999775797], [121.4262790002359, 31.214969999716576], [121.42046900049598, 31.215181000335374], [121.42050399957407, 31.22076799985776], [121.41671399959812, 31.22105200015238], [121.42289799995518, 31.22601899971244], [121.4242079997735, 31.22490700017918], [121.4294560004714, 31.22772600040362], [121.43069199998503, 31.226805999845617], [121.43128599954645, 31.222635999777427], [121.43441199974748, 31.216299999999197]]]}}, {"type": "Feature", "properties": {"NAME": "北新泾街道", "idx": 56}, "geometry": {"type": "Polygon", "coordinates": [[[121.37626799977234, 31.221650999876346], [121.37593100051622, 31.217641000363464], [121.37236100024887, 31.21789000038967], [121.37063699958371, 31.216226999654804], [121.35622200051846, 31.21828299979614], [121.35747499978683, 31.227807999607304], [121.361056999806, 31.227902999578088], [121.36223299948453, 31.225588999801666], [121.36619600001474, 31.224617000387674], [121.36874699960596, 31.221696999869952], [121.37177899954243, 31.222487999835554], [121.37626799977234, 31.221650999876346]]]}}, {"type": "Feature", "properties": {"NAME": "华阳路街道", "idx": 57}, "geometry": {"type": "Polygon", "coordinates": [[[121.41292300019425, 31.230854999789486], [121.41233199976863, 31.229350000189697], [121.41547400050726, 31.2270470001709], [121.41919099997796, 31.23055499956688], [121.42270599989908, 31.231105000185703], [121.42289799995518, 31.22601899971244], [121.41670599986371, 31.22095300013224], [121.42050399957407, 31.22076799985776], [121.42046900049598, 31.215181000335374], [121.4262790002359, 31.214969999716576], [121.42446300017976, 31.212188999712893], [121.41212399986372, 31.209902000010974], [121.41255700034125, 31.21588600030837], [121.40848600042945, 31.2248619998969], [121.41112500010946, 31.22630999958143], [121.40998499961535, 31.229935000426], [121.41055899949492, 31.231427999964527], [121.41229800043523, 31.23231700044524], [121.41292300019425, 31.230854999789486]]]}}, {"type": "Feature", "properties": {"NAME": "新泾镇", "idx": 58}, "geometry": {"type": "Polygon", "coordinates": [[[121.3449929997551, 31.244538999927787], [121.34391899997938, 31.241296999870357], [121.34880199964493, 31.239837999795064], [121.35572199971831, 31.228993000191746], [121.35747499978683, 31.227807999607304], [121.35622200051846, 31.21828299979614], [121.37063699958371, 31.216226999654804], [121.37236100024887, 31.21789000038967], [121.37593100051622, 31.217641000363464], [121.37626799977234, 31.221650999876346], [121.37822800006082, 31.221668999707163], [121.38346499990918, 31.220515000333894], [121.38269499968162, 31.217860999812526], [121.38132899963038, 31.216921999746276], [121.38512700023541, 31.216115000384654], [121.38414399955211, 31.213921000335382], [121.37998499972127, 31.21418000036369], [121.37903500036542, 31.20921500027014], [121.37595400017189, 31.205683000049333], [121.37185299948129, 31.20689100035611], [121.36905700038395, 31.203730999959227], [121.36913999975951, 31.20071900005905], [121.3722259998378, 31.19691499981611], [121.36882000008134, 31.19502899963542], [121.36609499972471, 31.19472199964851], [121.36524300002583, 31.197043999999945], [121.36646799966267, 31.197519000030685], [121.36598000016564, 31.198271999736548], [121.36337900040371, 31.197352999665302], [121.36170799953952, 31.1992310001327], [121.35362899950692, 31.198815999831755], [121.35407399982027, 31.19698799990966], [121.35236599971779, 31.196788000030732], [121.35318999998718, 31.18880200011172], [121.34786600030479, 31.194544000377114], [121.34867299989548, 31.195139000412], [121.34737200028111, 31.197245999554276], [121.34762800002582, 31.20592099965251], [121.34065100047631, 31.20652600002497], [121.34046600003157, 31.207642999559923], [121.33862299972729, 31.20757600039741], [121.33832599976688, 31.21247200005418], [121.33673600000873, 31.213109000125833], [121.33666599962905, 31.214385999700298], [121.33532899974817, 31.214391999802544], [121.33646399986405, 31.216388999654598], [121.33551400049811, 31.21642000029012], [121.33514400003348, 31.21488700040341], [121.3344179999814, 31.21654700042388], [121.3346159998006, 31.218590000366454], [121.33780199982947, 31.219716000337574], [121.33841199980465, 31.22501299956722], [121.34063499968316, 31.224633999953507], [121.34078600018576, 31.225386000145317], [121.33603899991392, 31.226648999822835], [121.33839500027055, 31.22947200017923], [121.34066400048219, 31.229887000176205], [121.33994600003582, 31.23211099957126], [121.34068399972662, 31.23233500000647], [121.33880399987984, 31.236293000180083], [121.33773600023932, 31.236117999622785], [121.3362139998501, 31.23787799959929], [121.33403600037329, 31.237596999706167], [121.33361099978018, 31.239532999914342], [121.33662999959435, 31.242102000316162], [121.34083800032175, 31.241771999699477], [121.33983800037521, 31.245422999948985], [121.34129200041077, 31.245869999662723], [121.34082400028491, 31.243881999753707], [121.34223700046891, 31.242805999798712], [121.34324699954482, 31.245492000233863], [121.3449929997551, 31.244538999927787]]]}}, {"type": "Feature", "properties": {"NAME": "华泾镇", "idx": 59}, "geometry": {"type": "Polygon", "coordinates": [[[121.4471330001349, 31.111995000347836], [121.4454919997681, 31.11453100010584], [121.44688400020333, 31.11670499964964], [121.44597299947712, 31.11729000004923], [121.44179100034738, 31.11613199989459], [121.44105300022316, 31.117149999570735], [121.43699999957775, 31.114462000272205], [121.4331639996109, 31.113709000086768], [121.43221699993923, 31.115198999881354], [121.4308809996049, 31.115395999724345], [121.43415600032452, 31.12130299986071], [121.43174199990644, 31.13081999982632], [121.45394199985142, 31.132269999988075], [121.45853900001896, 31.135339000266335], [121.46401499998883, 31.129993999731656], [121.46571200033691, 31.123835000248746], [121.46497699998979, 31.120433999801232], [121.4592369996821, 31.111797999862024], [121.45773199985042, 31.103740000190825], [121.4478190002142, 31.102868999928038], [121.4471059995943, 31.105685000031862], [121.44575799949706, 31.105688999843085], [121.44573599981763, 31.10678599998866], [121.44144300009614, 31.107569999754265], [121.44123000001345, 31.108328999868522], [121.44276899993027, 31.109225000327566], [121.44697100028947, 31.109576000209948], [121.4471330001349, 31.111995000347836]]]}}, {"type": "Feature", "properties": {"NAME": "凌云路街道", "idx": 60}, "geometry": {"type": "Polygon", "coordinates": [[[121.4191540001532, 31.154248000264044], [121.42365399975814, 31.14859700020394], [121.42448700028318, 31.1438999995688], [121.42798399948414, 31.13712000033162], [121.43053900018698, 31.135168000003155], [121.43174199990644, 31.13081999982632], [121.41671300031359, 31.12898399988396], [121.40683399986912, 31.14247000031098], [121.4191540001532, 31.154248000264044]]]}}, {"type": "Feature", "properties": {"NAME": "长桥街道", "idx": 61}, "geometry": {"type": "Polygon", "coordinates": [[[121.44575899976209, 31.149396999774407], [121.451970000273, 31.151117999938617], [121.45375099963874, 31.15016300017678], [121.45224000010776, 31.14715400014426], [121.45282800015848, 31.143190000230817], [121.45546100017665, 31.138330999612425], [121.45853900001896, 31.135339000266335], [121.45394199985142, 31.132269999988075], [121.43174199990644, 31.13081999982632], [121.43053900018698, 31.135168000003155], [121.42798399948414, 31.13712000033162], [121.42496899973001, 31.14281400015091], [121.42365399975814, 31.14859700020394], [121.42550000031119, 31.1504020002421], [121.42643899992862, 31.149485000212792], [121.44539600013553, 31.155453000188345], [121.44575899976209, 31.149396999774407]]]}}, {"type": "Feature", "properties": {"NAME": "虹梅路街道", "idx": 62}, "geometry": {"type": "MultiPolygon", "coordinates": [[[[121.39704199980247, 31.159370000340605], [121.39730000048493, 31.1586660001366], [121.39969799974071, 31.159336000082316], [121.40001699966993, 31.15856999970813], [121.39614100009484, 31.157104000164537], [121.39672500042163, 31.155241000098062], [121.39226699964458, 31.15409300026876], [121.39105000033005, 31.15770299958223], [121.39704199980247, 31.159370000340605]]], [[[121.39101200040746, 31.179715000307986], [121.39295499955965, 31.17272300001132], [121.38912700007727, 31.171356000439012], [121.38786599965857, 31.174761999927345], [121.38963399984472, 31.17511299968749], [121.38973299955866, 31.176260000240134], [121.390590000239, 31.17640799972984], [121.38963699948205, 31.179645999633014], [121.39101200040746, 31.179715000307986]]], [[[121.39327400027801, 31.18006799960165], [121.39270599965334, 31.18121199977094], [121.39528100029564, 31.18063100044217], [121.39327400027801, 31.18006799960165]]], [[[121.41025899994126, 31.18522299959636], [121.41007200028417, 31.18403700042733], [121.40917299994618, 31.184090999785578], [121.41027799977147, 31.179491999774264], [121.41378499988116, 31.18026499967073], [121.4148150002088, 31.176973999904465], [121.41140299965701, 31.176220000207167], [121.41390400048023, 31.168666000401934], [121.40987100002528, 31.16679400007411], [121.40287100015402, 31.165421000153092], [121.40116600048317, 31.17413399959273], [121.40752300033687, 31.175462000038575], [121.40534700011443, 31.18202899965799], [121.39986600041053, 31.18043300005175], [121.39946899983532, 31.18184999981112], [121.41025899994126, 31.18522299959636]]]]}}, {"type": "Feature", "properties": {"NAME": "康健新村街道", "idx": 63}, "geometry": {"type": "Polygon", "coordinates": [[[121.42021000044232, 31.169471000380117], [121.42126200049185, 31.162192000447458], [121.42434400032857, 31.159244999865965], [121.40682200044094, 31.14249899997], [121.39773899959016, 31.16400600002569], [121.40987100002528, 31.16679400007411], [121.41390400048023, 31.168666000401934], [121.42021000044232, 31.169471000380117]]]}}, {"type": "Feature", "properties": {"NAME": "漕河泾街道", "idx": 64}, "geometry": {"type": "Polygon", "coordinates": [[[121.4311910001383, 31.181151000345146], [121.43844800027063, 31.178528000086803], [121.4400110002181, 31.176349999606465], [121.44074600026289, 31.16790399981392], [121.44521299969277, 31.158855999786727], [121.44539600013553, 31.155453000188345], [121.42643899992862, 31.149485000212792], [121.42550000031119, 31.1504020002421], [121.42365399975814, 31.14859700020394], [121.4191540001532, 31.154248000264044], [121.42434400032857, 31.159244999865965], [121.42126200049185, 31.162192000447458], [121.42021000044232, 31.169471000380117], [121.42977099979177, 31.170208000216835], [121.4311910001383, 31.181151000345146]]]}}, {"type": "Feature", "properties": {"NAME": "漕河泾新兴技术开发区", "idx": 65}, "geometry": {"type": "Polygon", "coordinates": [[[121.40534700011443, 31.18202899965799], [121.40752300033687, 31.175462000038575], [121.40116600048317, 31.17413399959273], [121.40287100015402, 31.165421000153092], [121.38976500023729, 31.16145999975117], [121.38669599974038, 31.170534000140627], [121.39295499955965, 31.17272300001132], [121.39101200040746, 31.179715000307986], [121.39946899983532, 31.18184999981112], [121.39986600041053, 31.18043300005175], [121.40534700011443, 31.18202899965799]]]}}, {"type": "Feature", "properties": {"NAME": "龙华街道", "idx": 66}, "geometry": {"type": "Polygon", "coordinates": [[[121.44819199973517, 31.18419800011183], [121.45258200029015, 31.17921600039286], [121.46047200038817, 31.180227999806743], [121.46023400051645, 31.175682000034406], [121.46407799983974, 31.166706000224178], [121.46481899976379, 31.161755000006465], [121.46226699972674, 31.157640999829393], [121.45375099963874, 31.15016300017678], [121.451970000273, 31.151117999938617], [121.44666800009479, 31.149268999790287], [121.44575899976209, 31.149396999774407], [121.44521299969277, 31.158855999786727], [121.44090799981666, 31.16729100030965], [121.4400110002181, 31.176349999606465], [121.43901499958925, 31.177973999829145], [121.44130399958449, 31.17859299980129], [121.44044700049145, 31.17981800004901], [121.44285399952085, 31.180453000038618], [121.44285799975762, 31.181172999731924], [121.44747899961247, 31.182589000444818], [121.44819199973517, 31.18419800011183]]]}}, {"type": "Feature", "properties": {"NAME": "田林街道", "idx": 67}, "geometry": {"type": "Polygon", "coordinates": [[[121.41714399963367, 31.196186999939293], [121.42399599953102, 31.186529000295796], [121.4311910001383, 31.181151000345146], [121.42977099979177, 31.170208000216835], [121.41390400048023, 31.168666000401934], [121.41140299965701, 31.176220000207167], [121.4148150002088, 31.176973999904465], [121.41378499988116, 31.18026499967073], [121.41027799977147, 31.179491999774264], [121.40917299994618, 31.184090999785578], [121.41007200028417, 31.18403700042733], [121.4108540004329, 31.18769399959465], [121.41035799957966, 31.189137999650388], [121.408764999639, 31.18863999975175], [121.40817600031055, 31.189596000366006], [121.40774799971597, 31.192936999899274], [121.41007500045619, 31.192827999902942], [121.41136300004219, 31.194246999676995], [121.41170500044963, 31.192714000359288], [121.4156500004487, 31.192786999889066], [121.4171830005165, 31.194125999782422], [121.41714399963367, 31.196186999939293]]]}}, {"type": "Feature", "properties": {"NAME": "枫林路街道", "idx": 68}, "geometry": {"type": "Polygon", "coordinates": [[[121.45092100012985, 31.203098000407763], [121.4577379998153, 31.192130000083896], [121.45165899980967, 31.188799000427032], [121.4526060001829, 31.18696700009119], [121.44814000005908, 31.184164999630354], [121.44747899961247, 31.182589000444818], [121.44044700049145, 31.17981800004901], [121.44130399958449, 31.17859299980129], [121.43901499958925, 31.177973999829145], [121.43613399979228, 31.17957100012804], [121.43994799998445, 31.18246799957293], [121.43828000041914, 31.18713600003234], [121.44402999991243, 31.190341999910025], [121.43995300017714, 31.198861999959323], [121.45092100012985, 31.203098000407763]]]}}, {"type": "Feature", "properties": {"NAME": "徐家汇街道", "idx": 69}, "geometry": {"type": "Polygon", "coordinates": [[[121.43225700033607, 31.200176999716263], [121.43352799974814, 31.200535999973965], [121.43545499997096, 31.198086999858756], [121.43832400037797, 31.20179700016542], [121.44402999991243, 31.190341999910025], [121.43828000041914, 31.18713600003234], [121.43994799998445, 31.18246799957293], [121.43613399979228, 31.17957100012804], [121.42820099967672, 31.182663000006848], [121.42293999956729, 31.18768000016222], [121.41672299953683, 31.197115999990853], [121.42085700005869, 31.200166999902834], [121.4304929994868, 31.204099999745093], [121.43225700033607, 31.200176999716263]]]}}, {"type": "Feature", "properties": {"NAME": "斜土路街道", "idx": 70}, "geometry": {"type": "Polygon", "coordinates": [[[121.4618760001382, 31.206217999935035], [121.46559899968445, 31.193138999708808], [121.4700540003549, 31.19213600037003], [121.4706810000032, 31.189910000181857], [121.46402100020806, 31.18571200014207], [121.46047200038817, 31.180227999806743], [121.45258200029015, 31.17921600039286], [121.44819199973517, 31.18419800011183], [121.4526060001829, 31.18696700009119], [121.45165899980967, 31.188799000427032], [121.4577379998153, 31.192130000083896], [121.45092100012985, 31.203098000407763], [121.4618760001382, 31.206217999935035]]]}}, {"type": "Feature", "properties": {"NAME": "天平路街道", "idx": 71}, "geometry": {"type": "Polygon", "coordinates": [[[121.45592199946893, 31.215361000441717], [121.45748099997604, 31.204835000274326], [121.43995300017714, 31.198861999959323], [121.43832400037797, 31.20179700016542], [121.43545499997096, 31.198086999858756], [121.43352799974814, 31.200535999973965], [121.43225700033607, 31.200176999716263], [121.4304929994868, 31.204099999745093], [121.44325699956806, 31.212349999940432], [121.45592199946893, 31.215361000441717]]]}}, {"type": "Feature", "properties": {"NAME": "湖南路街道", "idx": 72}, "geometry": {"type": "Polygon", "coordinates": [[[121.45290999950231, 31.22203199978708], [121.45592199946893, 31.215361000441717], [121.44325699956806, 31.212349999940432], [121.43310000029561, 31.205748999894098], [121.43037899974433, 31.212985000125716], [121.43301900009176, 31.213624999626948], [121.43463599952125, 31.21628899988121], [121.44423699994317, 31.218160999706523], [121.45290999950231, 31.22203199978708]]]}}, {"type": "Feature", "properties": {"NAME": "五里桥街道", "idx": 73}, "geometry": {"type": "Polygon", "coordinates": [[[121.47997100034213, 31.208830000025856], [121.48224999962359, 31.199559000037123], [121.48687000037224, 31.200814000188366], [121.4913539999219, 31.195603000054298], [121.48511300017344, 31.19305400016838], [121.4706810000032, 31.189910000181857], [121.4700540003549, 31.19213600037003], [121.46570199982128, 31.193035999730245], [121.46317199996074, 31.203090000315036], [121.47180700003972, 31.205309000243027], [121.47997100034213, 31.208830000025856]]]}}, {"type": "Feature", "properties": {"NAME": "打浦桥街道", "idx": 74}, "geometry": {"type": "Polygon", "coordinates": [[[121.47603299982327, 31.21568599980767], [121.47997100034213, 31.208830000025856], [121.47180700003972, 31.205309000243027], [121.46317199996074, 31.203090000315036], [121.4618760001382, 31.206217999935035], [121.45748099997604, 31.204835000274326], [121.45724099978645, 31.208425000306413], [121.47603299982327, 31.21568599980767]]]}}, {"type": "Feature", "properties": {"NAME": "瑞金二路街道", "idx": 75}, "geometry": {"type": "Polygon", "coordinates": [[[121.46445499994913, 31.22621699997192], [121.46709099954283, 31.22219799958997], [121.465750000328, 31.21571599995196], [121.46731300011284, 31.212732999700567], [121.45724099978645, 31.208425000306413], [121.45617099987986, 31.214699999678256], [121.45215099954626, 31.223644000281134], [121.45202399993526, 31.22575499980722], [121.46445499994913, 31.22621699997192]]]}}, {"type": "Feature", "properties": {"NAME": "淮海中路街道", "idx": 76}, "geometry": {"type": "Polygon", "coordinates": [[[121.47518300026893, 31.228533999684103], [121.47873800030004, 31.21989099979189], [121.47591799980452, 31.21818799983819], [121.47640699948278, 31.215774000338932], [121.46731300011284, 31.212732999700567], [121.465750000328, 31.21571599995196], [121.46709099954283, 31.22219799958997], [121.46575699996575, 31.224999000101683], [121.47518300026893, 31.228533999684103]]]}}, {"type": "Feature", "properties": {"NAME": "前卫农场", "idx": 77}, "geometry": {"type": "MultiPolygon", "coordinates": [[[[121.74853800037877, 31.380343999562125], [121.75216399997669, 31.373169999723412], [121.75152200010734, 31.371796999865825], [121.74760600028145, 31.37077900007315], [121.74975699974061, 31.366199999567986], [121.75957100050863, 31.366551999665], [121.77091099956755, 31.358624000125975], [121.76710099998229, 31.352584000121045], [121.74306299978646, 31.356900000427864], [121.7391160001813, 31.35179499980988], [121.73633500028357, 31.353991000212233], [121.73823500006364, 31.35620299989531], [121.73597999957843, 31.354228999896698], [121.72560799970823, 31.36122199956359], [121.72590100012206, 31.36481299963734], [121.73276300014187, 31.364289999659558], [121.73405700030706, 31.370488999884312], [121.73734400002141, 31.36756700028656], [121.7394340001808, 31.370417999669357], [121.74455500034414, 31.36812599992033], [121.74459599975394, 31.377706000430763], [121.74268500005093, 31.37792399955856], [121.74606199950908, 31.381862999644518], [121.74853800037877, 31.380343999562125]]], [[[121.70873600052116, 31.409307999976633], [121.71452300014806, 31.405009000357886], [121.71695499953806, 31.407289999874816], [121.71157900047243, 31.410306999955267], [121.71003999991743, 31.412866000155116], [121.7217719995522, 31.409026999912445], [121.7212279998261, 31.40606100021879], [121.73333100050169, 31.401385000371512], [121.73782799999667, 31.39608600001039], [121.73658100019355, 31.392938000190547], [121.73253999978914, 31.39287799985718], [121.73177899953731, 31.39099600039152], [121.73063399968821, 31.390715999705176], [121.71303800024792, 31.395950999844096], [121.71225299951244, 31.393503999774836], [121.71125200044249, 31.393832999884303], [121.70954499964746, 31.39076100008639], [121.71567300040887, 31.38681499984113], [121.71441099978469, 31.384334999730452], [121.70997899980694, 31.38767500015387], [121.70888200006081, 31.386586000200573], [121.71318900036711, 31.383090000153768], [121.71270399967861, 31.382487999741997], [121.7080210004957, 31.386619000004366], [121.70980400052481, 31.388413999621076], [121.70563299962416, 31.39257499985015], [121.70247600028789, 31.395422999868508], [121.6994179999311, 31.395331999987814], [121.69924499956356, 31.396940999667528], [121.69723999950408, 31.39684099983124], [121.69518400011681, 31.398578999886407], [121.6956700000299, 31.401136999962027], [121.69222400031269, 31.406611000347464], [121.68891400018003, 31.41695399960585], [121.70873600052116, 31.409307999976633]]]]}}, {"type": "Feature", "properties": {"NAME": "横沙乡", "idx": 78}, "geometry": {"type": "Polygon", "coordinates": [[[121.79740099972483, 31.38207600016431], [121.81823899949542, 31.379997999803155], [121.82258300007732, 31.374721000022674], [121.82573899974948, 31.375868999851402], [121.82995699996064, 31.374797000387982], [121.83853900027529, 31.375355000358848], [121.85439399978873, 31.36864900009229], [121.85857500004266, 31.365779999808467], [121.87322900044428, 31.3618080002105], [121.8777619999123, 31.357038999948454], [121.8779430003191, 31.354235999861466], [121.88253800015332, 31.34334599980176], [121.88412700039251, 31.342283999982943], [121.88242600036861, 31.3394840004417], [121.8839279994822, 31.3357640004095], [121.88327399985413, 31.331389000255456], [121.87248000021071, 31.31691900032649], [121.87273000022293, 31.31615300000356], [121.86610300013668, 31.312385999986418], [121.8618860002873, 31.303895999577506], [121.8499579997962, 31.29579000032501], [121.84716600013057, 31.298301999643304], [121.84551899979252, 31.297651000414774], [121.84617699984054, 31.298442999715327], [121.84444900052122, 31.299864000073278], [121.8308620001196, 31.307815999553604], [121.83349799984845, 31.30895999991117], [121.83010799995277, 31.30820699966056], [121.82420200038811, 31.311448999978566], [121.80948999997155, 31.322723000128057], [121.80754400051875, 31.32983700025094], [121.81035599950998, 31.333178000111324], [121.81213599957523, 31.33251299985351], [121.81107300015633, 31.333599000038166], [121.81224599964246, 31.334068999625853], [121.81284500008354, 31.333337999698042], [121.81403900051835, 31.33505800013643], [121.80345600021258, 31.33218300020985], [121.80019200042607, 31.34306499988493], [121.7994019997582, 31.351208999935174], [121.80591699992002, 31.351897999648525], [121.8061800002425, 31.352972999629774], [121.80496200036359, 31.355411999703442], [121.803617000504, 31.35539399957429], [121.80197999974318, 31.359987000210396], [121.80290299969607, 31.360824999840954], [121.79600399964043, 31.369709000445937], [121.79732799985369, 31.371053000254157], [121.79425900015771, 31.37145800043464], [121.79365199962423, 31.375248999773188], [121.79225099955917, 31.376729999714772], [121.79066599988916, 31.37646300017202], [121.79167999984246, 31.377585000163393], [121.7911020004374, 31.37994699990083], [121.79559000025455, 31.379749999923206], [121.79543399992279, 31.381255000009354], [121.79740099972483, 31.38207600016431]]]}}, {"type": "Feature", "properties": {"NAME": "长兴镇", "idx": 79}, "geometry": {"type": "Polygon", "coordinates": [[[121.58874599992957, 31.449050999935153], [121.61196399971585, 31.445158999687894], [121.62371699978829, 31.440946000157595], [121.6255880002414, 31.43937200014997], [121.62998199966441, 31.438757999828127], [121.64295400031901, 31.433515000074898], [121.66392700016648, 31.429925000380724], [121.67965999974089, 31.423523999989442], [121.68057300024, 31.420781000153433], [121.68834599956679, 31.420463000091992], [121.70953699960091, 31.413771000195325], [121.71157900047243, 31.410306999955267], [121.71695499953806, 31.407289999874816], [121.71512599966105, 31.405340999949964], [121.71452300014806, 31.405009000357886], [121.70926500023346, 31.409178999636918], [121.68891400018003, 31.41695399960585], [121.69222400031269, 31.406611000347464], [121.6956700000299, 31.401136999962027], [121.69518400011681, 31.398578999886407], [121.69723999950408, 31.39684099983124], [121.69924499956356, 31.396940999667528], [121.6994179999311, 31.395331999987814], [121.70247600028789, 31.395422999868508], [121.70563299962416, 31.39257499985015], [121.70980400052481, 31.388413999621076], [121.7080210004957, 31.386619000004366], [121.71270399967861, 31.382487999741997], [121.71318900036711, 31.383090000153768], [121.70888200006081, 31.386586000200573], [121.70997899980694, 31.38767500015387], [121.71441099978469, 31.384334999730452], [121.71567300040887, 31.38681499984113], [121.70954499964746, 31.39076100008639], [121.71125200044249, 31.393832999884303], [121.71225299951244, 31.393503999774836], [121.71303800024792, 31.395950999844096], [121.73099999975543, 31.390685000431105], [121.73253999978914, 31.39287799985718], [121.73658100019355, 31.392938000190547], [121.73797800028102, 31.39608599990842], [121.74354499965474, 31.394125000345294], [121.7597710001005, 31.378908000343515], [121.76343399951338, 31.379633999715264], [121.77580000005226, 31.37393399995508], [121.77853200027101, 31.371600000074086], [121.78445300021185, 31.36067699988482], [121.78310800049093, 31.35943400015292], [121.78450800034204, 31.357451999706214], [121.7848400001572, 31.352429000269], [121.78313599970939, 31.34987699998016], [121.78603400046686, 31.344329999904954], [121.78624099981985, 31.342635000332535], [121.78500399959614, 31.34128799966623], [121.78697299955675, 31.33698699978518], [121.78429799988879, 31.333851999685844], [121.7864310004319, 31.329922000207432], [121.7834419998334, 31.32612400004102], [121.78169499962756, 31.321227999826814], [121.7806339997532, 31.319862999693044], [121.77186499957011, 31.31857700030307], [121.76759400020184, 31.320987999594916], [121.76407999983337, 31.31989799991266], [121.76218000001296, 31.3208109995875], [121.75576499961598, 31.326989000134958], [121.75622799971609, 31.328977999620353], [121.75773900030856, 31.33016400014564], [121.75534999996687, 31.329144000397033], [121.75311500050847, 31.33036500026748], [121.75242599969835, 31.332254999586862], [121.75292100041946, 31.3366790003101], [121.74907499959185, 31.339051999693872], [121.7506310003302, 31.342650999564043], [121.74791800008954, 31.340370999803476], [121.74714600001906, 31.34388199992297], [121.74127000038487, 31.346810000447608], [121.74013999962435, 31.34854599958575], [121.73906200045094, 31.351670999621636], [121.74306299978646, 31.356900000427864], [121.75641300044566, 31.354294999632348], [121.76120299949544, 31.354238999961442], [121.76704100033623, 31.352565999797033], [121.77091099956755, 31.358624000125975], [121.75957100050863, 31.366551999665], [121.74975699974061, 31.366199999567986], [121.74760600028145, 31.37077900007315], [121.75152200010734, 31.371796999865825], [121.75216399997669, 31.373169999723412], [121.74817899962353, 31.380757999830344], [121.74606199950908, 31.381862999644518], [121.74268500005093, 31.37792399955856], [121.74459599975394, 31.377706000430763], [121.74455500034414, 31.36812599992033], [121.7394340001808, 31.370417999669357], [121.73734400002141, 31.36756700028656], [121.73405700030706, 31.370488999884312], [121.73276300014187, 31.364289999659558], [121.7246709996081, 31.364846999579818], [121.72389400043875, 31.362575999825005], [121.71681699982582, 31.366878999981587], [121.7144389998384, 31.36472999965843], [121.71216299986814, 31.36637999984456], [121.71320899984701, 31.368917999568758], [121.71128900038454, 31.370906000364418], [121.70330200008735, 31.372202000046308], [121.68748300022354, 31.3789099999995], [121.6833470000506, 31.381564000205337], [121.68280800021539, 31.380538000002236], [121.68211399989687, 31.38097100025483], [121.6831839995218, 31.38205599957579], [121.68220899954922, 31.3843789999391], [121.68047200024978, 31.384840000147488], [121.68113099952774, 31.38405200036709], [121.68049600002482, 31.383477000245822], [121.66961099955017, 31.39022700028762], [121.65049200037274, 31.39895800020844], [121.63836699989685, 31.40841200029322], [121.63479100011666, 31.40949800018409], [121.62591400050323, 31.41725000021753], [121.62306599948035, 31.41773600019724], [121.61806600012774, 31.4208050003907], [121.61511900025361, 31.424062999641496], [121.60735899991408, 31.426412999873783], [121.60598000024831, 31.430112999996258], [121.59704300041811, 31.42897199970791], [121.59048900001302, 31.43468300019791], [121.58595399963194, 31.434282000280216], [121.57917900053185, 31.437968999581134], [121.57583800044111, 31.437004000274484], [121.57515800034759, 31.439317000134317], [121.57351699961752, 31.44036600000757], [121.57375600007998, 31.4421920004454], [121.57049399957661, 31.446900000194844], [121.57088300004605, 31.45051599990024], [121.57755500049433, 31.452808999760716], [121.58230599980004, 31.451240000085598], [121.58454499955742, 31.452559999664164], [121.58856600038162, 31.450053999635234], [121.58874599992957, 31.449050999935153]]]}}, {"type": "Feature", "properties": {"NAME": "陈家镇", "idx": 80}, "geometry": {"type": "MultiPolygon", "coordinates": [[[[121.87985400042002, 31.49499500028661], [121.87048299997105, 31.49506900000227], [121.87491200001492, 31.502486999993828], [121.87634899989766, 31.511882000049532], [121.87437400010745, 31.513578999968846], [121.87532399978585, 31.515848000005903], [121.87735599961955, 31.516372999656852], [121.87931700000046, 31.529089000028442], [121.89011799974264, 31.527173999915938], [121.89008799957121, 31.524375999849386], [121.88045299996867, 31.496586999912537], [121.87985400042002, 31.49499500028661]]], [[[121.87096399975458, 31.572651999835575], [121.87209799967647, 31.571121999784648], [121.86820100012757, 31.56386900027169], [121.8442419996018, 31.57199400040488], [121.83998000028248, 31.57227100028777], [121.83970899997061, 31.566231999906666], [121.84051000043947, 31.565657000150164], [121.83336699994655, 31.56126600010683], [121.83574500018615, 31.557664999599083], [121.837780999645, 31.55759099994736], [121.84808800014562, 31.550605000280587], [121.85457800030497, 31.544361000109866], [121.8575459995411, 31.535036999922703], [121.85556800023463, 31.515491999583727], [121.85671900021583, 31.514491000286515], [121.8569149995901, 31.51204899963142], [121.8548460003389, 31.509569000075622], [121.8528140003587, 31.49681299962571], [121.85657400024566, 31.494680999614978], [121.85670999995389, 31.493787000406698], [121.85574500020388, 31.489848000081597], [121.85277699951476, 31.485781999831904], [121.85267400018073, 31.48402499966722], [121.85846499997763, 31.483182000154322], [121.85773699974506, 31.481359000066703], [121.85922100044465, 31.47859199955462], [121.8482820000195, 31.471234000175443], [121.84273100032576, 31.469703000352332], [121.84322299981285, 31.468357999668513], [121.85164699998757, 31.462396999555335], [121.84160900023936, 31.453660999670483], [121.8407150004457, 31.454479999974883], [121.82610300030149, 31.450131000355167], [121.82856999961184, 31.44182599969747], [121.82723399996212, 31.441527000246708], [121.81235899972927, 31.44716000039327], [121.81369399986873, 31.451472999711804], [121.80554400001813, 31.452585999762302], [121.78241799967115, 31.466201999739916], [121.78124100014428, 31.467474999687045], [121.78299799970551, 31.471925000192112], [121.78155400046832, 31.470914999970372], [121.77993900037609, 31.4714039999928], [121.77557099961477, 31.466388000132884], [121.76274199961603, 31.473738000259857], [121.75983200009446, 31.474191000240676], [121.74887600044812, 31.479390000056334], [121.75029299966386, 31.48092400015365], [121.74948199986034, 31.481429999577927], [121.75654599995322, 31.48832200035986], [121.81394099953265, 31.5640340004377], [121.81562300007224, 31.565864000007114], [121.81679600021143, 31.56575000031418], [121.81741299968388, 31.567736000061746], [121.82272699997883, 31.572757999735355], [121.82640500044015, 31.57307399977748], [121.83099000031096, 31.586472000343786], [121.847584999496, 31.582534999553456], [121.87096399975458, 31.572651999835575]]]]}}, {"type": "Feature", "properties": {"NAME": "东平镇", "idx": 81}, "geometry": {"type": "MultiPolygon", "coordinates": [[[[121.84091499969048, 31.565917000272627], [121.8698950002785, 31.5544130001569], [121.8730279999132, 31.549789000328396], [121.87577299986341, 31.548599999746525], [121.88164499976351, 31.539779000314837], [121.87735599961955, 31.516372999656852], [121.87532399978585, 31.515848000005903], [121.87437400010745, 31.513578999968846], [121.87634899989766, 31.511882000049532], [121.87491200001492, 31.502486999993828], [121.87048299997105, 31.49506900000227], [121.87985400042002, 31.49499500028661], [121.87714900036157, 31.48690600040699], [121.85922100044465, 31.47859199955462], [121.85773699974506, 31.481359000066703], [121.85846499997763, 31.483182000154322], [121.85267400018073, 31.48402499966722], [121.85277699951476, 31.485781999831904], [121.85574500020388, 31.489848000081597], [121.85670999995389, 31.493787000406698], [121.85657400024566, 31.494680999614978], [121.8528140003587, 31.49681299962571], [121.8548460003389, 31.509569000075622], [121.8569149995901, 31.51204899963142], [121.85671900021583, 31.514491000286515], [121.85556800023463, 31.515491999583727], [121.8575459995411, 31.535036999922703], [121.85457800030497, 31.544361000109866], [121.84808800014562, 31.550605000280587], [121.837780999645, 31.55759099994736], [121.83574500018615, 31.557664999599083], [121.833352000074, 31.561198000143317], [121.84091499969048, 31.565917000272627]]], [[[121.88848300024956, 31.58892100033422], [121.9193680003349, 31.57384500027678], [121.9259800002524, 31.569049000127777], [121.93383899952252, 31.561049000261246], [121.9308040002875, 31.559183999890774], [121.92682900013213, 31.563759000442413], [121.90168599983744, 31.577295000024577], [121.8759229996475, 31.580689000047037], [121.87933100036899, 31.58939500006633], [121.88848300024956, 31.58892100033422]]], [[[121.45236600024235, 31.73348800045074], [121.4599750002152, 31.729383000062647], [121.49270399952356, 31.720312000240977], [121.51553299951803, 31.711020999909326], [121.5239770002868, 31.708939000256585], [121.52685799995757, 31.706816999977878], [121.53449700018841, 31.70722599984812], [121.55004999989099, 31.702334000263004], [121.55019600004103, 31.70312500026706], [121.53266099952143, 31.71622100015565], [121.53535899990611, 31.72017100034348], [121.55109399982084, 31.709000000172555], [121.55177999965254, 31.71067599958607], [121.57577299971851, 31.698850999656365], [121.57349700030578, 31.694545999714666], [121.56650200038149, 31.68998600016494], [121.56596400011587, 31.686777999740055], [121.57117200021867, 31.681540999555924], [121.57310400022682, 31.67699400003431], [121.57971400006932, 31.669755999950834], [121.60746700050713, 31.65626800040093], [121.6087380002657, 31.656435999571464], [121.60980599962288, 31.66018000013341], [121.61102699983405, 31.66118699990841], [121.6111680005042, 31.663604000358053], [121.61354700042166, 31.66495000032728], [121.61255400048, 31.666758999999846], [121.61533700015555, 31.666714000270872], [121.61698999981412, 31.668635999980346], [121.61783300006809, 31.668341000212145], [121.61860799995054, 31.672222000094433], [121.62199900021972, 31.671729000345128], [121.6326420003859, 31.66719599992541], [121.65133100026006, 31.65594699963537], [121.6459389995496, 31.643809999566088], [121.65574800033248, 31.63987100032326], [121.65332899969849, 31.634514999978926], [121.64355799996119, 31.638023999905812], [121.63845699974907, 31.628975000153044], [121.6366779998123, 31.629071000099522], [121.63232899953428, 31.630697000117223], [121.62929899950963, 31.633934999884772], [121.60973100028187, 31.63977799993119], [121.59522299985638, 31.638957999740835], [121.59492099972256, 31.637717999583913], [121.57004700018865, 31.637446999673315], [121.54005400028569, 31.642700000314626], [121.53942000031196, 31.64195600032833], [121.53117900052213, 31.644745000012488], [121.52719500034263, 31.647389999664693], [121.51826499993194, 31.649116999555737], [121.50487999997367, 31.653644000223004], [121.50454199990521, 31.65188299974489], [121.5038160003962, 31.652186000080032], [121.4952299997488, 31.658632000111403], [121.49082300030989, 31.660069000302084], [121.49109300027175, 31.66145400027608], [121.48017700014138, 31.66421099965856], [121.48635600024568, 31.691437000109286], [121.46903599992034, 31.69448900017087], [121.46615299962444, 31.682375000436082], [121.4618170004702, 31.685959999669087], [121.46254500020326, 31.687475000324458], [121.4562180002006, 31.69357600002723], [121.45401800026696, 31.69392500041859], [121.45220900018326, 31.695796000197472], [121.45263100052189, 31.696739999939744], [121.44145599994646, 31.707097000252038], [121.43595800025837, 31.713632000199812], [121.43013800029871, 31.714773999881164], [121.43094999989748, 31.71679700038662], [121.42806600036992, 31.720330999930386], [121.42538400014253, 31.72181400020586], [121.42610999993833, 31.724550999647718], [121.43335599951926, 31.726603999624814], [121.44132799988725, 31.732345999783284], [121.44588499960693, 31.733566000438802], [121.45236600024235, 31.73348800045074]]]]}}, {"type": "Feature", "properties": {"NAME": "堡镇", "idx": 82}, "geometry": {"type": "MultiPolygon", "coordinates": [[[[121.89008699980471, 31.527422000284872], [121.87931700000046, 31.529089000028442], [121.88164499976351, 31.539779000314837], [121.87577299986341, 31.548599999746525], [121.8730279999132, 31.549789000328396], [121.8698950002785, 31.5544130001569], [121.85664099996964, 31.560594000330763], [121.8573660000937, 31.56753400019184], [121.87360800012765, 31.561983000145936], [121.87469099977108, 31.55867300035049], [121.88885200049278, 31.549869000211356], [121.89134099957705, 31.544264999727226], [121.89139599987196, 31.535706000194775], [121.89009899974266, 31.534171000328985], [121.89008699980471, 31.527422000284872]]], [[[121.62919500005874, 31.575911000208336], [121.63019899992973, 31.57571600007787], [121.62996799978175, 31.572759000424053], [121.63668199975868, 31.569435999839584], [121.63157399980857, 31.562288000289993], [121.6315159999778, 31.560806000344716], [121.63204300020789, 31.561750999626717], [121.63227199972097, 31.560657999818837], [121.6336780002886, 31.560621999880908], [121.64341199981659, 31.56170700023655], [121.6619009999114, 31.5574100000215], [121.66577399956508, 31.562596000087318], [121.68734099964664, 31.55745799995643], [121.68795000033752, 31.558292000168645], [121.69053899964732, 31.556697000347956], [121.69300200021097, 31.556463999668473], [121.69283199962614, 31.55532000032606], [121.69538300034426, 31.55380699998138], [121.69497000031193, 31.553267000266366], [121.70049500049977, 31.54405500020351], [121.70306499978726, 31.535965000347563], [121.68765699965036, 31.515107000257654], [121.68500100017508, 31.508487000079185], [121.67060100023701, 31.513138999938164], [121.65756600000205, 31.515842000248078], [121.65847300014352, 31.51732800030233], [121.65768599995481, 31.517650000375326], [121.656918999798, 31.516635999591852], [121.65562599951403, 31.516982999554095], [121.65506999964839, 31.515759000309963], [121.64405100007353, 31.5180199997835], [121.64148600014097, 31.519450999853436], [121.63248999956583, 31.52029500034417], [121.63274000008734, 31.520900999816863], [121.6258459995175, 31.52138300021254], [121.62351000022926, 31.51915399962507], [121.61912400022356, 31.521003999941573], [121.61614000015014, 31.519276000365267], [121.61246399964865, 31.52188500040828], [121.6044249999608, 31.5236690002263], [121.60354000030247, 31.52226799986384], [121.60286500007176, 31.522692999759645], [121.60418699989391, 31.52382299969494], [121.60263000026707, 31.523146000150696], [121.60352500033285, 31.524234999821527], [121.6020570004438, 31.524461999668148], [121.60215900002797, 31.523115999959064], [121.60058599993857, 31.524851000362208], [121.59963999965413, 31.523838999762496], [121.59920499970836, 31.524921999666386], [121.59902800049143, 31.524089000306603], [121.59827400040855, 31.525481999819238], [121.59808700033726, 31.524589999904144], [121.5971500000282, 31.52509399970625], [121.5980339997536, 31.525623999805145], [121.59677599992953, 31.527098999802263], [121.58715999986302, 31.532244000173712], [121.57985900051166, 31.533533000099354], [121.5779019998029, 31.535368000279508], [121.59186299963646, 31.5602550003722], [121.59634600037009, 31.559778000159763], [121.59936800044827, 31.56523200035925], [121.60294799987555, 31.59037400018475], [121.63005599978169, 31.57735600010728], [121.62919500005874, 31.575911000208336]]], [[[121.73840399969333, 31.610173000082245], [121.752355999723, 31.602192999809034], [121.7517330002667, 31.600915999816916], [121.73089800035922, 31.609465999657065], [121.72758800011981, 31.60891199970838], [121.72517499992394, 31.60969100039407], [121.72781800043542, 31.6143340001163], [121.73840399969333, 31.610173000082245]]]]}}, {"type": "Feature", "properties": {"NAME": "港沿镇", "idx": 83}, "geometry": {"type": "MultiPolygon", "coordinates": [[[[121.8573660000937, 31.56753400019184], [121.85664099996964, 31.560594000330763], [121.84051000043947, 31.565657000150164], [121.83970899997061, 31.566231999906666], [121.83998000028248, 31.57227100028777], [121.8442419996018, 31.57199400040488], [121.8573660000937, 31.56753400019184]]], [[[121.73088499984448, 31.61993799957453], [121.72556399951301, 31.614657999786935], [121.71418399968506, 31.621043999723412], [121.6832600000257, 31.63337499967584], [121.68792500004373, 31.63920900013632], [121.7065109999063, 31.632920999575067], [121.7349490003284, 31.625838000355813], [121.73217400003121, 31.621475000243876], [121.7302829997852, 31.620958000129182], [121.73088499984448, 31.61993799957453]]], [[[121.6557119998326, 31.639733000074894], [121.67519200001404, 31.630420999669568], [121.69680900001238, 31.62421299967871], [121.72521000051206, 31.60967599992727], [121.72758800011981, 31.60891199970838], [121.73089800035922, 31.609465999657065], [121.7517330002667, 31.600915999816916], [121.74961399991899, 31.596196999663015], [121.74816100050616, 31.596813000269233], [121.70306499978726, 31.535965000347563], [121.70049500049977, 31.54405500020351], [121.69497000031193, 31.553267000266366], [121.69538300034426, 31.55380699998138], [121.69283199962614, 31.55532000032606], [121.69300200021097, 31.556463999668473], [121.69053899964732, 31.556697000347956], [121.68795000033752, 31.558292000168645], [121.68734099964664, 31.55745799995643], [121.66577399956508, 31.562596000087318], [121.6619009999114, 31.5574100000215], [121.64341199981659, 31.56170700023655], [121.6336780002886, 31.560621999880908], [121.63227199972097, 31.560657999818837], [121.63204300020789, 31.561750999626717], [121.6315159999778, 31.560806000344716], [121.63157399980857, 31.562288000289993], [121.63668199975868, 31.569435999839584], [121.62996799978175, 31.572759000424053], [121.63019899992973, 31.57571600007787], [121.62915100029007, 31.57651499999159], [121.63005599978169, 31.57735600010728], [121.60294799987555, 31.59037400018475], [121.60338900041957, 31.59479300043724], [121.60438100018962, 31.594752000119378], [121.61691300034536, 31.589511000351866], [121.61736599960157, 31.594531999595414], [121.61818899997299, 31.594693999777768], [121.62304100030565, 31.617094000141932], [121.62385100002916, 31.616945999913842], [121.62472800014825, 31.619955000119358], [121.63304399993157, 31.63080299958328], [121.63845699974907, 31.628975000153044], [121.64355799996119, 31.638023999905812], [121.65323200021268, 31.634336000064188], [121.6557119998326, 31.639733000074894]]]]}}, {"type": "Feature", "properties": {"NAME": "上实现代农业园区", "idx": 84}, "geometry": {"type": "Polygon", "coordinates": [[[121.90157100036737, 31.57733100040706], [121.92682900013213, 31.563759000442413], [121.9308040002875, 31.559183999890774], [121.93383899952252, 31.561049000261246], [121.93806400003544, 31.555568000144756], [121.95312800050235, 31.543434999854515], [121.95511199971693, 31.511313999813648], [121.94706499984096, 31.493189000201536], [121.93924799979588, 31.47841399998817], [121.92144100028207, 31.465069999989645], [121.92532799981426, 31.46294300014138], [121.92540999952543, 31.461503999806656], [121.91329200025173, 31.454460000361156], [121.90022199983648, 31.449915999789], [121.88670500037057, 31.45095399971187], [121.88290700031385, 31.44295600017932], [121.86596399992916, 31.441636000403875], [121.86650599989372, 31.442609999782576], [121.86480699960745, 31.443349000068096], [121.86379699958152, 31.4414819996472], [121.82920199991469, 31.43973400010923], [121.82610300030149, 31.450131000355167], [121.8407150004457, 31.454479999974883], [121.84160900023936, 31.453660999670483], [121.85164699998757, 31.462396999555335], [121.84322299981285, 31.468357999668513], [121.84273100032576, 31.469703000352332], [121.8482820000195, 31.471234000175443], [121.85922100044465, 31.47859199955462], [121.87714900036157, 31.48690600040699], [121.89008799957121, 31.524375999849386], [121.89009899974266, 31.534171000328985], [121.89139599987196, 31.535706000194775], [121.89134099957705, 31.544264999727226], [121.88889100006178, 31.549812000058576], [121.88290300026661, 31.55426700027513], [121.87469099977108, 31.55867300035049], [121.87360800012765, 31.561983000145936], [121.86820100012757, 31.56386900027169], [121.8758040001472, 31.580507000263637], [121.90157100036737, 31.57733100040706]]]}}, {"type": "Feature", "properties": {"NAME": "建设镇", "idx": 85}, "geometry": {"type": "MultiPolygon", "coordinates": [[[[121.44621399979191, 31.59919999963066], [121.45565200007889, 31.592541000155954], [121.4564200002976, 31.593085999801314], [121.46534399982389, 31.58912899963905], [121.46481700012846, 31.587953000148467], [121.46686399994294, 31.587512999725316], [121.46550699949408, 31.58480999959789], [121.46184600004916, 31.586433000073864], [121.46278799988197, 31.587898000262953], [121.45359199963208, 31.5908969999103], [121.45433199968689, 31.59229200001827], [121.4434789998905, 31.596192999572978], [121.44424500052106, 31.597810000171677], [121.44299800048034, 31.598489000375668], [121.44519100040782, 31.601433999646268], [121.44621399979191, 31.59919999963066]]], [[[121.58420899955156, 31.682942000057395], [121.58159099995633, 31.66880699982711], [121.57956999983408, 31.669855999670283], [121.57310400022682, 31.67699400003431], [121.57117200021867, 31.681540999555924], [121.56596400011587, 31.686777999740055], [121.56650200038149, 31.68998600016494], [121.56867100030344, 31.691697999587735], [121.58420899955156, 31.682942000057395]]], [[[121.45401800026696, 31.69392500041859], [121.4562180002006, 31.69357600002723], [121.46254500020326, 31.687475000324458], [121.4618170004702, 31.685959999669087], [121.46330000034861, 31.685217999925815], [121.46300000037091, 31.68436300036115], [121.4647600001722, 31.68416900014419], [121.46954700045636, 31.678917000063255], [121.46909700048954, 31.677905999899473], [121.4747359999413, 31.673222999616424], [121.4760720004475, 31.668532000022193], [121.48076899988632, 31.666745000131556], [121.48017700014138, 31.66421099965856], [121.49109300027175, 31.66145400027608], [121.49082300030989, 31.660069000302084], [121.4952299997488, 31.658632000111403], [121.50454199990521, 31.65188299974489], [121.49720499982271, 31.615311999950173], [121.48746099982388, 31.6015030001569], [121.48155199973006, 31.60410100042398], [121.4774050004857, 31.607160000377778], [121.45671500001485, 31.61614900029144], [121.4727169999587, 31.635199999587005], [121.458608000198, 31.643999000191645], [121.42425800049354, 31.648092999833423], [121.4434209995114, 31.705805999880532], [121.45263100052189, 31.696739999939744], [121.45220900018326, 31.695796000197472], [121.45401800026696, 31.69392500041859]]], [[[121.46474800052069, 31.73753999997145], [121.48577000046815, 31.73071699970563], [121.50156800050328, 31.7258379999656], [121.49997300037955, 31.72216500044095], [121.47806199958596, 31.730519000117752], [121.47527700052665, 31.725124999559622], [121.4599750002152, 31.729383000062647], [121.46474800052069, 31.73753999997145]]]]}}, {"type": "Feature", "properties": {"NAME": "向化镇", "idx": 86}, "geometry": {"type": "Polygon", "coordinates": [[[121.75623999989158, 31.60333900016935], [121.79351899982879, 31.592590999741635], [121.7871159999727, 31.58429600006692], [121.78391600048309, 31.585515000129814], [121.78313599955858, 31.583983999694187], [121.78524099976873, 31.582999000321106], [121.78413399971636, 31.5805279998256], [121.72088600011685, 31.499824999878385], [121.71798900046568, 31.495859999711648], [121.71850099970032, 31.49534800043052], [121.71775399969883, 31.494958000076696], [121.71122000031248, 31.497836999879688], [121.70156699990996, 31.502997000027], [121.68500100017508, 31.508487000079185], [121.68765699965036, 31.515107000257654], [121.7051350004702, 31.53967399980949], [121.70845099984031, 31.543023000166514], [121.74816100050616, 31.596813000269233], [121.74961399991899, 31.596196999663015], [121.75223899999617, 31.602264999794325], [121.75623999989158, 31.60333900016935]]]}}, {"type": "Feature", "properties": {"NAME": "中兴镇", "idx": 87}, "geometry": {"type": "Polygon", "coordinates": [[[121.78620300047345, 31.610870000251733], [121.78853800020485, 31.608647000366748], [121.82843900044656, 31.595766999771794], [121.82944399977815, 31.59729800039137], [121.83353999960943, 31.596617000260068], [121.8334910002883, 31.595418000108616], [121.83455600024793, 31.594974000121663], [121.83577200045897, 31.5962620002278], [121.84467699983578, 31.59489400024986], [121.84664099984624, 31.595364000092797], [121.87957099974786, 31.58959599993527], [121.87222100025743, 31.571664999880312], [121.847584999496, 31.582534999553456], [121.83106299993844, 31.586525999999253], [121.82640500044015, 31.57307399977748], [121.82272699997883, 31.572757999735355], [121.81741299968388, 31.567736000061746], [121.81679600021143, 31.56575000031418], [121.81562300007224, 31.565864000007114], [121.81394099953265, 31.5640340004377], [121.7515410003925, 31.48260600002671], [121.75021599951528, 31.482314999881037], [121.74987100017225, 31.48103000032926], [121.74877600009071, 31.4811369995869], [121.73583700031985, 31.48456999968819], [121.71798900046568, 31.495859999711648], [121.78413399971636, 31.5805279998256], [121.78524099976873, 31.582999000321106], [121.78313599955858, 31.583983999694187], [121.78391600048309, 31.585515000129814], [121.7871159999727, 31.58429600006692], [121.79351899982879, 31.592590999741635], [121.75623999989158, 31.60333900016935], [121.75223899999617, 31.602264999794325], [121.7404359998857, 31.609153000091805], [121.72989300013587, 31.613587000168497], [121.73984600023812, 31.623913000255417], [121.762090999848, 31.6207729997261], [121.78620300047345, 31.610870000251733]]]}}, {"type": "Feature", "properties": {"NAME": "竖新镇", "idx": 88}, "geometry": {"type": "MultiPolygon", "coordinates": [[[[121.61122299957324, 31.63935299973194], [121.62929899950963, 31.633934999884772], [121.63304399993157, 31.63080299958328], [121.62472800014825, 31.619955000119358], [121.62385100002916, 31.616945999913842], [121.62304100030565, 31.617094000141932], [121.61818899997299, 31.594693999777768], [121.61736599960157, 31.594531999595414], [121.61691300034536, 31.589511000351866], [121.60338900041957, 31.59479300043724], [121.59936800044827, 31.56523200035925], [121.59634600037009, 31.559778000159763], [121.59186299963646, 31.5602550003722], [121.57753199958661, 31.53485699976097], [121.57200099957296, 31.536562000326295], [121.56800999948446, 31.53901999977751], [121.5681890004945, 31.53992700022997], [121.55860699950544, 31.54409500043597], [121.55928599968833, 31.54523399967347], [121.55791400016665, 31.54633800036508], [121.55456299990408, 31.547180999921625], [121.55388699981458, 31.54430199981494], [121.53431700004363, 31.552777000241676], [121.53344899981232, 31.551499000398614], [121.53054800016493, 31.552734999761334], [121.53392299992628, 31.558461999595195], [121.53991799992657, 31.555031999612567], [121.54266899952003, 31.558236000238892], [121.54599299983451, 31.583643999679104], [121.5560279998888, 31.57858100026604], [121.56498899997985, 31.619148000209346], [121.56425299967216, 31.619265000334657], [121.5653060004146, 31.62865299977736], [121.56549300022154, 31.629430000104097], [121.5670739996433, 31.629246999731595], [121.5699560001131, 31.63751700027716], [121.59492099972256, 31.637717999583913], [121.59522299985638, 31.638957999740835], [121.61122299957324, 31.63935299973194]]], [[[121.68128200005201, 31.634061999953442], [121.71418399968506, 31.621043999723412], [121.72392700030868, 31.61576900032634], [121.72556399951301, 31.614657999786935], [121.72362000015218, 31.610377000024982], [121.69680900001238, 31.62421299967871], [121.67519200001404, 31.630420999669568], [121.6459389995496, 31.643809999566088], [121.64981999953123, 31.651641000377772], [121.68285599970177, 31.6377519996911], [121.68128200005201, 31.634061999953442]]], [[[121.49460699953418, 31.75516599974103], [121.51042199962616, 31.74485500029521], [121.52430599983612, 31.741678000124296], [121.5244319996315, 31.740752000217455], [121.53572799987573, 31.737803000392002], [121.53547299969976, 31.735836000049257], [121.54597699958408, 31.7293829999381], [121.54631899952383, 31.73048600040912], [121.56014100008895, 31.719564999631835], [121.57482700043579, 31.71318099971015], [121.5888059995971, 31.70909899986394], [121.58835499973391, 31.70749600010309], [121.59557300033589, 31.70490700020626], [121.59757600040574, 31.709178000360765], [121.62333399962179, 31.6997380004234], [121.62370100013312, 31.698622000415384], [121.6217210001675, 31.695568999967563], [121.61435300023277, 31.69525100026459], [121.59769199974973, 31.703820999944565], [121.58859900022973, 31.70711899975081], [121.58832600009971, 31.706119999763406], [121.56322100000102, 31.715228000343465], [121.53440100033757, 31.731276000421676], [121.519763999499, 31.741515999678178], [121.52021200003989, 31.742337000237004], [121.51034699962698, 31.74458500031334], [121.50509800021405, 31.746414000017428], [121.4933090003034, 31.752366999842337], [121.4903640003557, 31.75552200028849], [121.49460699953418, 31.75516599974103]]], [[[121.48335599993383, 31.751666999625506], [121.48827599981878, 31.746508000337762], [121.48895100004378, 31.74705999966733], [121.49186600047787, 31.744132999744217], [121.49838100027934, 31.740304999940722], [121.5059650003436, 31.73762400035238], [121.50636900028762, 31.738302999559714], [121.512267999895, 31.73545099999968], [121.53367899990012, 31.721241999555414], [121.51853399953531, 31.730389000171538], [121.51595700052806, 31.72542499995404], [121.51827299948187, 31.724418000070024], [121.51529800047925, 31.715408000209138], [121.52105399948319, 31.712671000116824], [121.52009699969233, 31.709853000412902], [121.49270399952356, 31.720312000240977], [121.48108399984528, 31.723010000175062], [121.47536000028296, 31.725271999904606], [121.47806199958596, 31.730519000117752], [121.49997300037955, 31.72216500044095], [121.50156800050328, 31.7258379999656], [121.49926399989948, 31.726558000178482], [121.50126400030105, 31.732834999589212], [121.49668500007812, 31.735587999799666], [121.48020799961387, 31.750564000048943], [121.47524499975869, 31.75340500014401], [121.47666699951577, 31.757290999751067], [121.48211399998465, 31.756501999550945], [121.48335599993383, 31.751666999625506]]]]}}, {"type": "Feature", "properties": {"NAME": "新河镇", "idx": 89}, "geometry": {"type": "MultiPolygon", "coordinates": [[[[121.53942000031196, 31.64195600032833], [121.54005400028569, 31.642700000314626], [121.5699560001131, 31.63751700027716], [121.5670739996433, 31.629246999731595], [121.56549300022154, 31.629430000104097], [121.5653060004146, 31.62865299977736], [121.56425299967216, 31.619265000334657], [121.56498899997985, 31.619148000209346], [121.5560279998888, 31.57858100026604], [121.54599299983451, 31.583643999679104], [121.54266899952003, 31.558236000238892], [121.53991799992657, 31.555031999612567], [121.53392299992628, 31.558461999595195], [121.53051799973692, 31.558532000112294], [121.51668399962479, 31.564922000058736], [121.51814099994947, 31.569915000423862], [121.51540599988769, 31.566396000032743], [121.51397499958122, 31.568260000169744], [121.51409700031067, 31.56960500038431], [121.51267699949643, 31.5682509997999], [121.50499200047568, 31.572119000003894], [121.50362600048132, 31.57032300023665], [121.50428299992586, 31.56988499970184], [121.50223000046306, 31.57110399997709], [121.50370999997986, 31.570684999692535], [121.50453399980313, 31.573388000133885], [121.49986800041636, 31.57441500026803], [121.49855399980783, 31.573731999634223], [121.49920500015143, 31.57473200042809], [121.4955469998911, 31.576673999994007], [121.49571499968015, 31.578361000244964], [121.48299400016175, 31.583457999900542], [121.48068400023917, 31.583424999692657], [121.47739900052166, 31.586722999668027], [121.49720499982271, 31.615311999950173], [121.50487999997367, 31.653644000223004], [121.51826499993194, 31.649116999555737], [121.52719500034263, 31.647389999664693], [121.53117900052213, 31.644745000012488], [121.53942000031196, 31.64195600032833]]], [[[121.60829699992247, 31.656718999735293], [121.60746700050713, 31.65626800040093], [121.60072299975253, 31.658938999996614], [121.58159099995633, 31.66880699982711], [121.58420899955156, 31.682942000057395], [121.56867100030344, 31.691697999587735], [121.57512499954785, 31.695502999858064], [121.59768999989697, 31.683513000348004], [121.60710300047346, 31.679494000160393], [121.61697400016183, 31.67360099979257], [121.61188899995433, 31.66719499965369], [121.60829699992247, 31.656718999735293]]], [[[121.53266099952143, 31.71622100015565], [121.55019600004103, 31.70312500026706], [121.55004999989099, 31.702334000263004], [121.53449700018841, 31.70722599984812], [121.52726999949344, 31.706767999953588], [121.52512399972184, 31.708119999566048], [121.52932199989452, 31.71126500009292], [121.53266099952143, 31.71622100015565]]], [[[121.52433300012537, 31.70891400030343], [121.52011699956977, 31.709871000085066], [121.52105399948319, 31.712671000116824], [121.51529800047925, 31.715408000209138], [121.51827299948187, 31.724418000070024], [121.51595700052806, 31.72542499995404], [121.51853399953531, 31.730389000171538], [121.5321830003207, 31.721870000354283], [121.52557299958389, 31.718266000421416], [121.52542500048962, 31.71732399998063], [121.52708000044915, 31.716625000179814], [121.52842000003764, 31.714032000186833], [121.52433300012537, 31.70891400030343]]], [[[121.50126400030105, 31.732834999589212], [121.49926399989948, 31.726558000178482], [121.47256800022485, 31.73473399968591], [121.47834799993602, 31.751611000255203], [121.49668500007812, 31.735587999799666], [121.50126400030105, 31.732834999589212]]]]}}, {"type": "Feature", "properties": {"NAME": "城桥镇", "idx": 90}, "geometry": {"type": "MultiPolygon", "coordinates": [[[[121.36779400041209, 31.67432500010521], [121.42350600041884, 31.64580700026054], [121.42425800049354, 31.648092999833423], [121.458608000198, 31.643999000191645], [121.4727169999587, 31.635199999587005], [121.45671500001485, 31.61614900029144], [121.4774050004857, 31.607160000377778], [121.48155199973006, 31.60410100042398], [121.48746099982388, 31.6015030001569], [121.47740700032928, 31.587079999931003], [121.47659500035354, 31.586341000454556], [121.46923800041891, 31.58812600039086], [121.46844699963644, 31.587140999873895], [121.46490099972112, 31.58791399991568], [121.46531100001182, 31.589153000303224], [121.4564200002976, 31.593085999801314], [121.45565200007889, 31.592541000155954], [121.44621399979191, 31.59919999963066], [121.44519100040782, 31.601433999646268], [121.44299800048034, 31.598489000375668], [121.4377309998719, 31.600938000430602], [121.43588600022454, 31.60004300021959], [121.4300680000229, 31.604215000345135], [121.42918899958238, 31.60381399960821], [121.42323900027273, 31.60678800004067], [121.42094799960635, 31.608538000270215], [121.42212199970527, 31.609561999959606], [121.41851999986734, 31.60910999964517], [121.41275199994467, 31.61226100027968], [121.41349399960843, 31.615224000100774], [121.41159700018603, 31.612278999765927], [121.39889500022278, 31.61739000039555], [121.3904270004144, 31.618328000257787], [121.390480000235, 31.61707800033115], [121.38973300012272, 31.617350999628005], [121.39006000018365, 31.618561000309185], [121.38923800011094, 31.617656000420524], [121.38927699994179, 31.618677999899877], [121.38758300023564, 31.61823399981699], [121.3881050002839, 31.61885500026293], [121.38592300025003, 31.619229000155617], [121.38649000029139, 31.62033800020272], [121.38411799997812, 31.6201240001926], [121.37824900005715, 31.622799999841163], [121.37531000006815, 31.62627000028794], [121.3767830002995, 31.62888399960906], [121.37411200006039, 31.629280999586598], [121.36930199956055, 31.634112000209125], [121.36140500010434, 31.638235999708655], [121.3510410003705, 31.641880000352096], [121.35004800003924, 31.646620999962046], [121.3492009997532, 31.646860999989194], [121.35204599976389, 31.64894199955083], [121.35445599999048, 31.65234499973971], [121.35547600014237, 31.656453000407172], [121.36632100028646, 31.657681999570233], [121.36637499980534, 31.666518000407535], [121.36912399952863, 31.665252999660026], [121.36779400041209, 31.67432500010521]]], [[[121.4726469994766, 31.734966000430898], [121.46137199985803, 31.738755999752783], [121.46798000032051, 31.75864499955506], [121.47666699951577, 31.757290999751067], [121.47524499975869, 31.75340500014401], [121.47834799993602, 31.751611000255203], [121.4726469994766, 31.734966000430898]]], [[[121.45757199996872, 31.759838999758713], [121.45171200019387, 31.742229000405395], [121.44271999948607, 31.744783000011957], [121.44093200048825, 31.74335900010708], [121.43893200028523, 31.744348000091804], [121.44059900027969, 31.745352000093124], [121.4328430002551, 31.75135199990756], [121.43484399970716, 31.753061000267206], [121.43991700049958, 31.749792000296473], [121.44660800001708, 31.763067999629882], [121.45757199996872, 31.759838999758713]]], [[[121.4156589996073, 31.775085999718648], [121.41610299950855, 31.774300000177025], [121.41714399947705, 31.77479599974035], [121.41992500048786, 31.769656000044602], [121.41820400050037, 31.76897500016242], [121.4156589996073, 31.775085999718648]]]]}}, {"type": "Feature", "properties": {"NAME": "东平林场", "idx": 91}, "geometry": {"type": "Polygon", "coordinates": [[[121.48076899988632, 31.666745000131556], [121.4760720004475, 31.668532000022193], [121.4747359999413, 31.673222999616424], [121.46909700048954, 31.677905999899473], [121.46954700045636, 31.678917000063255], [121.46597800002432, 31.682049999656076], [121.46903599992034, 31.69448900017087], [121.48635600024568, 31.691437000109286], [121.48076899988632, 31.666745000131556]]]}}, {"type": "Feature", "properties": {"NAME": "三星镇", "idx": 92}, "geometry": {"type": "MultiPolygon", "coordinates": [[[[121.27506599954621, 31.69462899989703], [121.25586299989338, 31.700636000167535], [121.24537399963538, 31.70501200027362], [121.2391689995053, 31.713214000212123], [121.23929499984115, 31.716233999646295], [121.24096799982377, 31.717690999816696], [121.24389599982011, 31.71799800022782], [121.25070199966632, 31.715354999673455], [121.25988300045903, 31.709826000277857], [121.265800999851, 31.708554000191597], [121.27376400047804, 31.701468999752585], [121.2761559996552, 31.69578799989247], [121.27506599954621, 31.69462899989703]]], [[[121.3082439995097, 31.810705999641144], [121.32164099953886, 31.795243999679958], [121.32838999948366, 31.790636000239733], [121.3280330002443, 31.790075000013356], [121.33445099967118, 31.785958999573865], [121.33974599948813, 31.785045000210896], [121.34645000024757, 31.781464999982767], [121.32510799965658, 31.747895999951407], [121.32363699948502, 31.7474430002107], [121.32166400045986, 31.74451299982769], [121.32091000009012, 31.743123000124154], [121.32172299975424, 31.742588000268466], [121.303361999952, 31.71412799966254], [121.29118499983137, 31.700034000411865], [121.28959199984385, 31.701030000226687], [121.2880889997033, 31.69973899984337], [121.28919200011407, 31.69889399980917], [121.28671399987, 31.697988999735493], [121.2838859996555, 31.699147999744337], [121.27417300039085, 31.709163000380798], [121.27080000037421, 31.714938999616862], [121.27212199977696, 31.71538699981025], [121.27070299963566, 31.720409999804883], [121.28109099979594, 31.72468699976882], [121.27891100019221, 31.72768400002748], [121.28191800032985, 31.72835599968169], [121.28042399947759, 31.729867000192424], [121.2797950004658, 31.732888000329073], [121.27799399966929, 31.732744999558328], [121.2783839997491, 31.733807000080443], [121.27608500035196, 31.736273999794953], [121.26703000000201, 31.73169700007556], [121.2707859996311, 31.73450599976701], [121.26542400025784, 31.73778799972146], [121.26455099950009, 31.740363000414053], [121.25708000023589, 31.743258999756492], [121.25471599977757, 31.750481000091604], [121.2522989999455, 31.752571999592682], [121.24867499963659, 31.752152999678323], [121.24637599967816, 31.754918000381732], [121.24373100015586, 31.760803000317253], [121.24169299969833, 31.75936099997864], [121.23639900005232, 31.7643899997279], [121.24352399974663, 31.763844000157537], [121.24398000024107, 31.76601400001783], [121.24172500025861, 31.76604499981631], [121.2361169998532, 31.773893999562738], [121.23019500013113, 31.780065999876157], [121.21766700035694, 31.787845000098663], [121.21790700017579, 31.79046400004039], [121.21883800046795, 31.790701000159007], [121.21977599965182, 31.78825799967514], [121.2237989996598, 31.786328999975506], [121.22859500020454, 31.792641000221746], [121.23589200049314, 31.78840300043595], [121.24150500005638, 31.789653999745806], [121.24268499989435, 31.783115999633964], [121.24732199976407, 31.783052999623923], [121.27064999981246, 31.792621000127053], [121.27184499981375, 31.79592100005983], [121.27600999999065, 31.79627200005948], [121.27625799968297, 31.798142999998053], [121.28000400035015, 31.801578999662752], [121.28001000048535, 31.800747000024074], [121.28708699998221, 31.800990000236116], [121.2880809996871, 31.80739699982776], [121.30010400029235, 31.805358999727318], [121.3070449999812, 31.806271999978307], [121.3082439995097, 31.810705999641144]]]]}}, {"type": "Feature", "properties": {"NAME": "庙镇", "idx": 93}, "geometry": {"type": "MultiPolygon", "coordinates": [[[[121.27608500035196, 31.736273999794953], [121.2783839997491, 31.733807000080443], [121.27799399966929, 31.732744999558328], [121.2797950004658, 31.732888000329073], [121.28042399947759, 31.729867000192424], [121.28191800032985, 31.72835599968169], [121.27891100019221, 31.72768400002748], [121.28109099979594, 31.72468699976882], [121.27070299963566, 31.720409999804883], [121.27212199977696, 31.71538699981025], [121.27080000037421, 31.714938999616862], [121.26744099974908, 31.716347000422182], [121.25976800045862, 31.720732999896757], [121.25895000037504, 31.723310999880056], [121.25737100028384, 31.724048000266734], [121.25855799985445, 31.72551200013452], [121.26703000000201, 31.73169700007556], [121.27608500035196, 31.736273999794953]]], [[[121.34672200038504, 31.780775999732423], [121.35539999997263, 31.780738000379973], [121.35568099989825, 31.778253999656577], [121.37113899966575, 31.775876000340737], [121.37228399971164, 31.77523800017689], [121.37177599961277, 31.772697000117926], [121.37820200003317, 31.76994400021554], [121.3790470004904, 31.770946000255663], [121.38281999997095, 31.766294999594514], [121.38206600020382, 31.76532600000706], [121.38331799985644, 31.7647599999633], [121.38683600009581, 31.768119000029085], [121.3885769997583, 31.767549999583757], [121.39260599997202, 31.74571999987403], [121.39301999998538, 31.74621799971964], [121.39555499963353, 31.74090100036521], [121.3990690003076, 31.7374309999915], [121.3885150001165, 31.712004000451657], [121.38861000002568, 31.706411000058523], [121.38115100029984, 31.69633300019246], [121.36975800003968, 31.673038999761538], [121.36779400041209, 31.67432500010521], [121.36912399952863, 31.665252999660026], [121.36637499980534, 31.666518000407535], [121.36632100028646, 31.657681999570233], [121.35547600014237, 31.656453000407172], [121.35445599999048, 31.65234499973971], [121.35204599976389, 31.64894199955083], [121.3492009997532, 31.646860999989194], [121.35004800003924, 31.646620999962046], [121.3510410003705, 31.641880000352096], [121.34609300049826, 31.644243000287616], [121.34478200018191, 31.64345700002081], [121.34517100043755, 31.645429999832714], [121.3470960000857, 31.64582700010465], [121.33933199969259, 31.651134999680494], [121.33823699968903, 31.65036999961615], [121.33282600050867, 31.65404600005071], [121.33337299977397, 31.65468000011203], [121.32848899961876, 31.65776799967648], [121.32582500050033, 31.66119999971204], [121.3243129998583, 31.659788000351053], [121.31295299963898, 31.66722800018469], [121.31361199954382, 31.668710999893406], [121.3123100004061, 31.67116299964666], [121.30670600040621, 31.67802099989664], [121.29993499954908, 31.6822950001584], [121.29109700047395, 31.692814999665238], [121.29087399999823, 31.69633699970872], [121.28819299982003, 31.697996999770133], [121.28919200011407, 31.69889399980917], [121.2880889997033, 31.69973899984337], [121.28959199984385, 31.701030000226687], [121.29118499983137, 31.700034000411865], [121.303361999952, 31.71412799966254], [121.32172299975424, 31.742588000268466], [121.32091000009012, 31.743123000124154], [121.32166400045986, 31.74451299982769], [121.32363699948502, 31.7474430002107], [121.32510799965658, 31.747895999951407], [121.34672200038504, 31.780775999732423]]], [[[121.41597499976878, 31.777643000028455], [121.4146870003003, 31.77597100004053], [121.40601899959651, 31.79133000044428], [121.40744200024896, 31.79197000015806], [121.41013199973496, 31.7889629997687], [121.41597499976878, 31.777643000028455]]], [[[121.41140899964661, 31.799408000444267], [121.40336100041277, 31.79650099994857], [121.39460300006299, 31.807569999900412], [121.39070599982774, 31.80839900044697], [121.39170199984234, 31.80974300019965], [121.39917800031542, 31.81320900023439], [121.406127999704, 31.808601000376687], [121.41140899964661, 31.799408000444267]]], [[[121.26747000010126, 31.850750000050244], [121.26636100012712, 31.842727999717628], [121.24428200012967, 31.841741999765514], [121.24414899947519, 31.844762999954604], [121.24949700015942, 31.845573999599342], [121.24970700032635, 31.84692400020606], [121.26747000010126, 31.850750000050244]]]]}}, {"type": "Feature", "properties": {"NAME": "港西镇", "idx": 94}, "geometry": {"type": "MultiPolygon", "coordinates": [[[[121.40804899975397, 31.732337999891353], [121.41698299995274, 31.729580000387454], [121.4257980002855, 31.72900699999335], [121.42482799967522, 31.72476699978095], [121.42610999993833, 31.724550999647718], [121.42538400014253, 31.72181400020586], [121.42806600036992, 31.720330999930386], [121.43094999989748, 31.71679700038662], [121.4300859996454, 31.714839000324172], [121.43577399970017, 31.713762999900453], [121.44343699954544, 31.7058980001043], [121.42350600041884, 31.64580700026054], [121.36975800003968, 31.673038999761538], [121.38115100029984, 31.69633300019246], [121.38861000002568, 31.706411000058523], [121.3885150001165, 31.712004000451657], [121.3990690003076, 31.7374309999915], [121.40804899975397, 31.732337999891353]]], [[[121.45757199996872, 31.759838999758713], [121.46798000032051, 31.75864499955506], [121.46137199985803, 31.738755999752783], [121.46474800052069, 31.73753999997145], [121.46064500026712, 31.72982100044302], [121.45269800045207, 31.733632999752736], [121.44588499960693, 31.733566000438802], [121.44132799988725, 31.732345999783284], [121.43264699991173, 31.72642700027651], [121.42875499987662, 31.735005999614277], [121.4389840002174, 31.74431699993196], [121.44093200048825, 31.74335900010708], [121.44271999948607, 31.744783000011957], [121.45171200019387, 31.742229000405395], [121.45757199996872, 31.759838999758713]]], [[[121.42722399965258, 31.75952900029937], [121.42947299976898, 31.756677999700592], [121.42824299968045, 31.756712999993475], [121.42924000044202, 31.755700000340042], [121.42992699997028, 31.756630999984075], [121.43296499952365, 31.754510999993304], [121.43135300040188, 31.752886999976745], [121.42587800015373, 31.758621000414752], [121.42722399965258, 31.75952900029937]]]]}}, {"type": "Feature", "properties": {"NAME": "绿华镇", "idx": 95}, "geometry": {"type": "Polygon", "coordinates": [[[121.1858970003246, 31.810161000000647], [121.18468599953225, 31.807678000307355], [121.18470499953976, 31.80048800001862], [121.20592700000068, 31.79636799978005], [121.20992900046923, 31.79992300040173], [121.22639400032025, 31.789724999846456], [121.2237989996598, 31.786328999975506], [121.21977599965182, 31.78825799967514], [121.21883800046795, 31.790701000159007], [121.21790700017579, 31.79046400004039], [121.21766700035694, 31.787845000098663], [121.23019500013113, 31.780065999876157], [121.2361169998532, 31.773893999562738], [121.24172500025861, 31.76604499981631], [121.24398000024107, 31.76601400001783], [121.24352399974663, 31.763844000157537], [121.23639900005232, 31.7643899997279], [121.24169299969833, 31.75936099997864], [121.24373100015586, 31.760803000317253], [121.24637599967816, 31.754918000381732], [121.24867499963659, 31.752152999678323], [121.2522989999455, 31.752571999592682], [121.25471599977757, 31.750481000091604], [121.25708000023589, 31.743258999756492], [121.26455099950009, 31.740363000414053], [121.26542400025784, 31.73778799972146], [121.2707859996311, 31.73450599976701], [121.25650999981525, 31.723625000068807], [121.25164700043176, 31.727955999581066], [121.24549100048701, 31.727484999838374], [121.24506000005343, 31.725703999681826], [121.24069499965071, 31.726804000100355], [121.2402499997694, 31.72832800014437], [121.2127030003024, 31.733610999612125], [121.21035200033646, 31.736703999995], [121.21076800005817, 31.740762999904298], [121.21011299971427, 31.740809000345894], [121.20977100039379, 31.73857699976821], [121.20886300044704, 31.738480000121076], [121.18786399958802, 31.765320000097372], [121.18463899951537, 31.765856999850335], [121.17125100007662, 31.777706999561147], [121.16190400029113, 31.79005400040314], [121.16660299975553, 31.796626999578358], [121.18474200033128, 31.810624999987592], [121.1858970003246, 31.810161000000647]]]}}, {"type": "Feature", "properties": {"NAME": "新海镇", "idx": 96}, "geometry": {"type": "Polygon", "coordinates": [[[121.24382400052329, 31.846061000082084], [121.24428200012967, 31.841741999765514], [121.26636100012712, 31.842727999717628], [121.26571199974647, 31.836040000315787], [121.2914779998047, 31.831430000325923], [121.32275199977866, 31.822982999556878], [121.39460300006299, 31.807569999900412], [121.40461499994447, 31.794266000042153], [121.40701800044558, 31.795130000448133], [121.41757900050565, 31.779749999840348], [121.42571799972646, 31.77212299969309], [121.4421229995647, 31.766244000321144], [121.44655399971356, 31.76298000025452], [121.43991700049958, 31.749792000296473], [121.43484399970716, 31.753061000267206], [121.4328430002551, 31.75135199990756], [121.44059900027969, 31.745352000093124], [121.42875499987662, 31.735005999614277], [121.43264699991173, 31.72642700027651], [121.42482799967522, 31.72476699978095], [121.4257980002855, 31.72900699999335], [121.4136559997792, 31.73028199991267], [121.40121699956369, 31.735858999920765], [121.39555499963353, 31.74090100036521], [121.39301999998538, 31.74621799971964], [121.39260599997202, 31.74571999987403], [121.3885769997583, 31.767549999583757], [121.38683600009581, 31.768119000029085], [121.38331799985644, 31.7647599999633], [121.38206600020382, 31.76532600000706], [121.38281999997095, 31.766294999594514], [121.3790470004904, 31.770946000255663], [121.37820200003317, 31.76994400021554], [121.37177599961277, 31.772697000117926], [121.37228399971164, 31.77523800017689], [121.37113899966575, 31.775876000340737], [121.35568099989825, 31.778253999656577], [121.35539999997263, 31.780738000379973], [121.34616800020859, 31.780783000191672], [121.34645000024757, 31.781464999982767], [121.33974599948813, 31.785045000210896], [121.33445099967118, 31.785958999573865], [121.3223120002568, 31.794591000006616], [121.31501199968503, 31.80387200014857], [121.3082439995097, 31.810705999641144], [121.3070449999812, 31.806271999978307], [121.30010400029235, 31.805358999727318], [121.2880809996871, 31.80739699982776], [121.28708699998221, 31.800990000236116], [121.28001000048535, 31.800747000024074], [121.28000400035015, 31.801578999662752], [121.27625799968297, 31.798142999998053], [121.27600999999065, 31.79627200005948], [121.27184499981375, 31.79592100005983], [121.27064999981246, 31.792621000127053], [121.2471989994942, 31.783034000018418], [121.24268499989435, 31.783115999633964], [121.24150500005638, 31.789653999745806], [121.23589200049314, 31.78840300043595], [121.22859500020454, 31.792641000221746], [121.22639400032025, 31.789724999846456], [121.20992900046923, 31.79992300040173], [121.20592700000068, 31.79636799978005], [121.18708299948871, 31.799434000199557], [121.18461799957944, 31.800582999601524], [121.18468599953225, 31.807678000307355], [121.18618700020778, 31.810272000081117], [121.1857779995664, 31.811794999851855], [121.18841300020165, 31.813867000303116], [121.20602899971043, 31.826572000035387], [121.22303699958805, 31.83715100036931], [121.2240650001772, 31.83415800000767], [121.22390999955557, 31.83670599973613], [121.2270860001607, 31.838666000282117], [121.24382400052329, 31.846061000082084]], [[121.41539899962521, 31.774969999940406], [121.41820400050037, 31.76897500016242], [121.41992500048786, 31.769656000044602], [121.41714399947705, 31.77479599974035], [121.41539899962521, 31.774969999940406]], [[121.42587800015373, 31.758621000414752], [121.43135300040188, 31.752886999976745], [121.43296499952365, 31.754510999993304], [121.42992699997028, 31.756630999984075], [121.42924000044202, 31.755700000340042], [121.42824299968045, 31.756712999993475], [121.42979399950198, 31.7571200001794], [121.42722399965258, 31.75952900029937], [121.42587800015373, 31.758621000414752]], [[121.40601899959651, 31.79133000044428], [121.41323100038335, 31.778384999875865], [121.4146870003003, 31.77597100004053], [121.41597499976878, 31.777643000028455], [121.41153200002215, 31.786869999675815], [121.40744200024896, 31.79197000015806], [121.40601899959651, 31.79133000044428]]]}}, {"type": "Feature", "properties": {"NAME": "新村乡", "idx": 97}, "geometry": {"type": "Polygon", "coordinates": [[[121.32808099950323, 31.843745999966274], [121.3295229996679, 31.843603000029987], [121.33008599973051, 31.847323999840345], [121.33132699984996, 31.84834199965445], [121.3311000003297, 31.852596000317956], [121.33648999973097, 31.85111500003515], [121.35241600026004, 31.842498000087964], [121.36084399988141, 31.83931199989583], [121.36101899993808, 31.838435999726247], [121.36276999967319, 31.838795000398196], [121.3631640000384, 31.837058999852495], [121.36692300042796, 31.833541999613278], [121.38150599983706, 31.825057000444414], [121.38336800049835, 31.82553099986418], [121.38758100049503, 31.823100000193204], [121.38849899975797, 31.82378899964839], [121.39032500000592, 31.822961000200944], [121.39917800031542, 31.81320900023439], [121.39170199984234, 31.80974300019965], [121.39070599982774, 31.80839900044697], [121.32275199977866, 31.822982999556878], [121.2914779998047, 31.831430000325923], [121.26571199974647, 31.836040000315787], [121.26759700007656, 31.85046099979081], [121.26652399986459, 31.853175999795948], [121.2670090002842, 31.85470700024833], [121.27762099994074, 31.86170799963386], [121.29287099953754, 31.86655500020451], [121.30477999956923, 31.865215999560935], [121.32477399967198, 31.85597300028168], [121.32791999978701, 31.85076500031791], [121.32752799958442, 31.848687999775922], [121.329449999754, 31.848336000084114], [121.32808099950323, 31.843745999966274]]]}}, {"type": "Feature", "properties": {"NAME": "临海社区", "idx": 98}, "geometry": {"type": "Polygon", "coordinates": [[[121.45562099951576, 30.842475999544693], [121.45611900005977, 30.83586699958267], [121.45733000049495, 30.83478099979041], [121.46788300034618, 30.833870000428206], [121.46831599980625, 30.82834399985531], [121.46961099999658, 30.827973000125922], [121.4733939997814, 30.8309239996967], [121.47604799965497, 30.83049399992125], [121.47931899979444, 30.833590000110373], [121.47978200047169, 30.832240000116762], [121.48275300048512, 30.83276599975135], [121.4892829998303, 30.82129799973846], [121.4848569995368, 30.818665999872977], [121.48532199964426, 30.817789000359237], [121.48141100013983, 30.816241000294564], [121.48580399968523, 30.807267999766772], [121.48406800051688, 30.80463099998039], [121.48544399951088, 30.802826000415312], [121.48506599969141, 30.801100000325278], [121.4868159998698, 30.795277999799094], [121.48780100000596, 30.795390000405664], [121.47487899982032, 30.7878160001966], [121.42842000047216, 30.769518999596542], [121.42036999966723, 30.78262399987077], [121.43052300041656, 30.787280000430542], [121.42857899999899, 30.791152999609437], [121.44682700014971, 30.800870999570964], [121.44231299969499, 30.80768099976428], [121.44074200049239, 30.807176999810096], [121.43889200030858, 30.808808999725006], [121.43730099963607, 30.807870000234544], [121.43229999974173, 30.820278000132376], [121.43034200033641, 30.82021799968229], [121.43001399995457, 30.81909600044242], [121.42918499999874, 30.82060399976294], [121.42396000026089, 30.82081799974796], [121.42371300042088, 30.820137000311043], [121.41586699950992, 30.82161600033088], [121.4150600001578, 30.818106999868153], [121.4109050004078, 30.81801599997258], [121.41103700024176, 30.822191000212058], [121.40922999975486, 30.822712999669584], [121.41043499975413, 30.829149999857272], [121.40888599967342, 30.829778000231254], [121.4096250003066, 30.832000999945613], [121.41012600047115, 30.833238000367807], [121.41338699953744, 30.832278999674298], [121.41355799991939, 30.833262000088737], [121.41196999966643, 30.833592999939224], [121.4122960004065, 30.83457999966628], [121.41386399995402, 30.83410699976078], [121.41466699976887, 30.83584999989471], [121.41987800029341, 30.8327759998734], [121.42701300046319, 30.830676000434316], [121.43639800042875, 30.83246000000795], [121.4476970001268, 30.83295600032133], [121.45178899955327, 30.83412599964462], [121.45216800041187, 30.840045999879088], [121.45562099951576, 30.842475999544693]]]}}, {"type": "Feature", "properties": {"NAME": "上海市奉贤区海湾旅游", "idx": 99}, "geometry": {"type": "Polygon", "coordinates": [[[121.51836200018504, 30.86107399991712], [121.5250610005013, 30.829798999846822], [121.52845099993898, 30.828526999999553], [121.6147189995846, 30.84502300040791], [121.62588299967057, 30.846165000037974], [121.62735999990576, 30.839301000298896], [121.61477900027036, 30.837130000085345], [121.61512000025819, 30.83332699961098], [121.60663399973134, 30.830875999943604], [121.53169800019111, 30.812169999742558], [121.53029599954576, 30.812792999928277], [121.52821300005039, 30.822167999901556], [121.52722199983917, 30.822761000253134], [121.52633599951926, 30.827040000158046], [121.5253429996362, 30.82737900037066], [121.52607100042977, 30.8226859999218], [121.52519700002635, 30.818998000229914], [121.5154899999642, 30.815134999681078], [121.51474399985867, 30.815700999782706], [121.50703600008983, 30.813282000234693], [121.50348500029727, 30.815400000453728], [121.49958900039636, 30.821522000194495], [121.49740699965665, 30.8271920002468], [121.4967350002952, 30.826936000195648], [121.49173899988133, 30.83330100025509], [121.50149300015462, 30.839282000224575], [121.49736700010381, 30.843666000176388], [121.50944899963493, 30.850620999649614], [121.51003600029456, 30.85351599976533], [121.51184700038806, 30.85567500021101], [121.5137060003866, 30.86302700024775], [121.51619999985165, 30.86061500016662], [121.51836200018504, 30.86107399991712]]]}}, {"type": "Feature", "properties": {"NAME": "海湾镇", "idx": 100}, "geometry": {"type": "Polygon", "coordinates": [[[121.7282269998158, 30.882544000360536], [121.76844599979844, 30.88139800009744], [121.76341499965106, 30.865564000138715], [121.76434299985927, 30.85098399971289], [121.75249500042747, 30.849435000302815], [121.73302299961837, 30.849806000287863], [121.73082799967871, 30.850699000248127], [121.73097600022427, 30.85274199968438], [121.73030600017604, 30.8524769996723], [121.73111100017474, 30.85348600038037], [121.73066099957784, 30.85791099998535], [121.72894400022962, 30.850474000121586], [121.72675800011065, 30.84968399991208], [121.71167200046676, 30.84964900001462], [121.70387200010501, 30.84890600031265], [121.70027899976695, 30.847386999965217], [121.68641399991225, 30.847330000252597], [121.66677699982489, 30.845224000392733], [121.66500599976783, 30.846220999821604], [121.66394399953036, 30.84543000017975], [121.65939100000676, 30.845353000374878], [121.6565290000698, 30.84380000008991], [121.65480600028455, 30.848578000227686], [121.65545000050982, 30.843469000187913], [121.65481800021504, 30.842402999956523], [121.62850799999819, 30.83891899963711], [121.62735999990576, 30.839301000298896], [121.62588299967057, 30.846165000037974], [121.6147189995846, 30.84502300040791], [121.52845099993898, 30.828526999999553], [121.5250610005013, 30.829798999846822], [121.52024900018456, 30.852070000250762], [121.52645099965295, 30.85414700029639], [121.53417499966807, 30.854384999961884], [121.53991700036843, 30.85932499987553], [121.54966800009439, 30.863556999966026], [121.55321600044822, 30.866150000015534], [121.55772699985201, 30.86718999956054], [121.57097400009947, 30.87494200023631], [121.59163500050673, 30.88189200034195], [121.60498899972167, 30.87989800009874], [121.62058799968806, 30.881485999557164], [121.62755499992916, 30.880709999847788], [121.62984200035096, 30.87414400009045], [121.63702999973269, 30.874562999884294], [121.63781799978142, 30.87229600017253], [121.63718800034738, 30.86833200044187], [121.63947000023832, 30.86525000036537], [121.66542800007382, 30.868837999854183], [121.66554499974032, 30.871601999850814], [121.67011900022885, 30.87273600038222], [121.67002800022127, 30.875502000119628], [121.68030400008098, 30.87662799966477], [121.68437600006395, 30.881422000417793], [121.71107899987958, 30.881300999772602], [121.71100200017531, 30.87988799959629], [121.7282269998158, 30.882544000360536]]]}}, {"type": "Feature", "properties": {"NAME": "柘林镇", "idx": 101}, "geometry": {"type": "Polygon", "coordinates": [[[121.50460799982027, 30.891545999908484], [121.50894899968885, 30.88328799957541], [121.50951300009659, 30.875480000368203], [121.51074799966872, 30.872227000202354], [121.5123100000274, 30.871803999712984], [121.51147099992987, 30.86730000003396], [121.51024000033574, 30.86723500024425], [121.51135000042817, 30.86656600016905], [121.51075399961368, 30.86315999986859], [121.51253099966712, 30.862982000380736], [121.51291700024218, 30.862107000285988], [121.51207100030278, 30.85649599963312], [121.51003600029456, 30.85351599976533], [121.50944899963493, 30.850620999649614], [121.49736700010381, 30.843666000176388], [121.50149300015462, 30.839282000224575], [121.49173899988133, 30.83330100025509], [121.4967350002952, 30.826936000195648], [121.49740699965665, 30.8271920002468], [121.49958900039636, 30.821522000194495], [121.50348500029727, 30.815400000453728], [121.50504800030603, 30.815113999690638], [121.51007199956196, 30.805144000240656], [121.49169499958465, 30.796972999888503], [121.48992600018288, 30.7981970004423], [121.48141100013983, 30.816241000294564], [121.48532199964426, 30.817789000359237], [121.4848569995368, 30.818665999872977], [121.4892829998303, 30.82129799973846], [121.48275300048512, 30.83276599975135], [121.47978200047169, 30.832240000116762], [121.47931899979444, 30.833590000110373], [121.47604799965497, 30.83049399992125], [121.4733939997814, 30.8309239996967], [121.46961099999658, 30.827973000125922], [121.46831599980625, 30.82834399985531], [121.46788300034618, 30.833870000428206], [121.45733000049495, 30.83478099979041], [121.45611900005977, 30.83586699958267], [121.45562099951576, 30.842475999544693], [121.45211100039434, 30.839927000277708], [121.45178899955327, 30.83412599964462], [121.44609699970468, 30.83262599991167], [121.43639800042875, 30.83246000000795], [121.42701300046319, 30.830676000434316], [121.41987800029341, 30.8327759998734], [121.41466699976887, 30.83584999989471], [121.41386399995402, 30.83410699976078], [121.4122960004065, 30.83457999966628], [121.41196999966643, 30.833592999939224], [121.41355799991939, 30.833262000088737], [121.41338699953744, 30.832278999674298], [121.41012600047115, 30.833238000367807], [121.40888599967653, 30.829855000384015], [121.41043499975413, 30.829149999857272], [121.40934700005701, 30.824154999982362], [121.40844599976644, 30.82433400041726], [121.40761200021437, 30.82316999971825], [121.40086499974545, 30.824753000406673], [121.39831600016471, 30.828548999725484], [121.3974610004409, 30.82767900032547], [121.39623499957486, 30.831827000310213], [121.39901299991593, 30.83202500019218], [121.39986199964912, 30.83579199974402], [121.39766000006311, 30.83520199998638], [121.39495100012057, 30.83611000015151], [121.39313299990647, 30.835286000157673], [121.39257000041196, 30.83001699992988], [121.38773300027572, 30.82923999962535], [121.38725600004442, 30.831980999709405], [121.38353500024158, 30.831689000287227], [121.38347800040238, 30.834938000262294], [121.38101000011201, 30.835058999977687], [121.38070200016827, 30.8363320003451], [121.37887699967173, 30.83588500026168], [121.37971499982156, 30.837015000325675], [121.3773720001734, 30.83769199987887], [121.37722700025847, 30.836610000339018], [121.37581300026993, 30.838067000221024], [121.3767339996536, 30.8385639998662], [121.3749040000435, 30.841907000230385], [121.37476899995747, 30.84495900028172], [121.3806629999793, 30.845242999851457], [121.37904499975272, 30.853349999775933], [121.37932000023754, 30.865515999747885], [121.38263399996411, 30.86527100035041], [121.3821859997495, 30.863363999981516], [121.38020099948034, 30.863321999869346], [121.38008799981306, 30.86089800028703], [121.38465400039954, 30.860314999726135], [121.38510100041482, 30.863185000056838], [121.38389100031951, 30.863667999833652], [121.3848749999651, 30.86354900004294], [121.38494799984126, 30.865262999936323], [121.40260000028101, 30.8635369996467], [121.40028899963312, 30.871299000004502], [121.40223899993235, 30.87086499956689], [121.4019639996712, 30.872684000122632], [121.40394399980474, 30.87245700039908], [121.40480799962265, 30.87681400004536], [121.40637200043649, 30.877584000168934], [121.40669899985001, 30.879006000416805], [121.40878400015256, 30.87824199990246], [121.4093780003651, 30.87929199996521], [121.4091779996403, 30.87815799993019], [121.4104889998223, 30.87870799966332], [121.41045799976447, 30.87803800007608], [121.41257100030133, 30.877903000303238], [121.41258200045512, 30.88269700012079], [121.41033899997208, 30.882433000397413], [121.41101600027775, 30.88593699955946], [121.41761800033132, 30.88568700030191], [121.41792499971753, 30.88402700007869], [121.42550699957742, 30.886811000133072], [121.42716499960758, 30.877918000169256], [121.4305759999818, 30.87783899960628], [121.43124499960716, 30.879683999690524], [121.43604199977474, 30.880141000183485], [121.43883499987423, 30.874293999662793], [121.45204700038833, 30.87778500016579], [121.45348500041025, 30.8750530000668], [121.46014199954294, 30.87626000031011], [121.45862299949131, 30.880766000429205], [121.4745589995482, 30.885765999982805], [121.47552900013179, 30.883867000393867], [121.48064400044477, 30.88537899977928], [121.4809640000333, 30.884471000040993], [121.4823150004958, 30.88486899972168], [121.48139200049266, 30.88850900008314], [121.49423899979573, 30.891047999955788], [121.49464799983777, 30.889964000019276], [121.49763399977793, 30.889670999950347], [121.50460799982027, 30.891545999908484]]]}}, {"type": "Feature", "properties": {"NAME": "上海海港综合经济开发", "idx": 102}, "geometry": {"type": "MultiPolygon", "coordinates": [[[[121.74371099980672, 30.911916999954368], [121.74349599955639, 30.908684999893193], [121.7445830003138, 30.906507999844827], [121.7465710001009, 30.90719199979714], [121.7488989995807, 30.90557599998216], [121.75802499993202, 30.906387999858996], [121.7595899996594, 30.90883899988781], [121.76031700037377, 30.908384000448574], [121.76141400036727, 30.91137500028168], [121.76204900029869, 30.910303000387735], [121.76298699981402, 30.91074200003837], [121.76290800047589, 30.909217000448077], [121.76425999952593, 30.908447000023152], [121.76688899999616, 30.90854000030636], [121.76672099969974, 30.907052999676754], [121.76915099952033, 30.907813000004392], [121.76906700037541, 30.906190999963833], [121.7705620003813, 30.906078000309], [121.77208900045065, 30.906990000034572], [121.77304599973985, 30.906207999981692], [121.77223500029233, 30.905454000203715], [121.77297300019104, 30.90509900019162], [121.77273799959883, 30.90357899997443], [121.77390700005675, 30.903705000089804], [121.77435500018639, 30.901415000071214], [121.77298999951796, 30.892373999836778], [121.76906399975077, 30.893074000332632], [121.76869799964828, 30.89228099959774], [121.76274999983922, 30.8940719998601], [121.75918400044051, 30.89322899976854], [121.75816599972002, 30.895811000254458], [121.75602399958115, 30.89613599965862], [121.75502100038057, 30.893158999830824], [121.75375699975278, 30.893055999732912], [121.75369500042655, 30.89208299976888], [121.75485400024202, 30.891450000259642], [121.75345400038775, 30.889695999609962], [121.7527130004421, 30.889922999613386], [121.75262000038803, 30.888024999954812], [121.75122400041015, 30.888193000297182], [121.75117099990919, 30.890367999629675], [121.75019700001349, 30.890649999863605], [121.75076199959273, 30.88826100008397], [121.74581699978005, 30.88802600032993], [121.74550300028069, 30.886102999750992], [121.74149199983144, 30.88683200041144], [121.73416299997233, 30.886299999727115], [121.73486000017782, 30.89302199970935], [121.72855900019033, 30.8931679999985], [121.72855099949112, 30.894288000353452], [121.7298370002513, 30.894304999963303], [121.73071100026114, 30.896314000377664], [121.73476700021557, 30.896453999965395], [121.73515299970309, 30.893563000299192], [121.73571800019246, 30.899484000318573], [121.73454199952117, 30.900258000059235], [121.73374999984642, 30.908869999742624], [121.74160999958873, 30.90889200030081], [121.74156300000861, 30.911777999958506], [121.74371099980672, 30.911916999954368]]], [[[121.69558399992238, 30.913928999554887], [121.6965920003507, 30.91041799981229], [121.69787199992473, 30.910926000202654], [121.69742599997006, 30.91271099991579], [121.6987439997163, 30.9127379995626], [121.69905800026969, 30.911847000251363], [121.70216600044714, 30.912032999992313], [121.70241399957733, 30.910023000035903], [121.70370399964034, 30.90984499957141], [121.70416100005677, 30.908090000399067], [121.70524000041473, 30.908711999994765], [121.70831699989743, 30.907853000188023], [121.70796699969532, 30.90718399975277], [121.7108390003885, 30.907344999853887], [121.71116800049326, 30.9024249999379], [121.71303599976808, 30.90446900016737], [121.71684999976, 30.90403000035628], [121.71549100023948, 30.906610999999245], [121.71601499987771, 30.908959999638213], [121.71956699972971, 30.909156999934314], [121.72000799958136, 30.903717999716967], [121.72450800004741, 30.904811000147667], [121.7264049998307, 30.903413000054652], [121.7268460004578, 30.901797999806245], [121.72121399982184, 30.901292000056284], [121.72143199994997, 30.89953199970165], [121.72343900039144, 30.89968100001173], [121.72363000034456, 30.89840699968467], [121.7275240001609, 30.897958999802864], [121.72793700011633, 30.88734200010426], [121.7268380003459, 30.88782799977737], [121.72675299993941, 30.887147000375524], [121.72641300046149, 30.88908899988298], [121.72434700016724, 30.889645000045064], [121.72431300034664, 30.88877099982569], [121.72308900016586, 30.889483999827927], [121.7187319996297, 30.889069000066474], [121.71790199989324, 30.896203000005553], [121.71500299971285, 30.896328999629358], [121.71480700034051, 30.897207999756404], [121.71394600012846, 30.89614100004912], [121.7137420003475, 30.897115000252246], [121.71254299979087, 30.89712300009936], [121.71252400031243, 30.895503000431077], [121.71121500008827, 30.895436000178627], [121.71148299975286, 30.885325000347862], [121.71039799966961, 30.885297000386334], [121.71148899964047, 30.88478499974036], [121.71164999980962, 30.879986999650114], [121.71100200017531, 30.87988799959629], [121.71107899987958, 30.881300999772602], [121.69263299963661, 30.881718000222243], [121.69231400037444, 30.884201000271233], [121.69562400050224, 30.88460700030292], [121.69567400006571, 30.88653300038986], [121.69383000013049, 30.888717999824696], [121.69416299959816, 30.8928180000759], [121.69184299967011, 30.8962630002076], [121.6918609997056, 30.898281000083312], [121.6925480002698, 30.898277000346997], [121.69256499955387, 30.900576000173352], [121.69460100042117, 30.9007929998909], [121.69537300045157, 30.902132000242904], [121.69706500034728, 30.901779999719345], [121.69291299952961, 30.90698999954875], [121.69247899964789, 30.913563999953432], [121.69558399992238, 30.913928999554887]]]]}}, {"type": "Feature", "properties": {"NAME": "南桥镇", "idx": 103}, "geometry": {"type": "MultiPolygon", "coordinates": [[[[121.44399000046943, 30.946164000448718], [121.4486099994887, 30.931567000365792], [121.45156400012135, 30.93256400034889], [121.45479199982931, 30.92167499995489], [121.4773219998657, 30.92555099977699], [121.50401199955895, 30.927611999559545], [121.51204000047612, 30.890043999981085], [121.50754899965177, 30.890603000423656], [121.50656999954765, 30.890387000403717], [121.50649000018767, 30.88929899975942], [121.5052529997031, 30.88942999967344], [121.50460799982027, 30.891545999908484], [121.49756799992156, 30.889667999705594], [121.49464799983777, 30.889964000019276], [121.49423899979573, 30.891047999955788], [121.48139200049266, 30.88850900008314], [121.4826760005126, 30.88500200017845], [121.4809640000333, 30.884471000040993], [121.48064400044477, 30.88537899977928], [121.47552900013179, 30.883867000393867], [121.47458800034427, 30.885768999733525], [121.46753599968515, 30.88391299962742], [121.45862299949131, 30.880766000429205], [121.46022600001443, 30.876293999922122], [121.45356600014955, 30.875052000356803], [121.45204700038833, 30.87778500016579], [121.43883499987423, 30.874293999662793], [121.43747099994944, 30.87847700001376], [121.4358759995188, 30.88016900020949], [121.43124499960716, 30.879683999690524], [121.4305759999818, 30.87783899960628], [121.42726500042109, 30.877842999633693], [121.41914799985872, 30.910217000183998], [121.41059299999286, 30.934574999818793], [121.4393179999484, 30.941089000135214], [121.43828300004637, 30.944692999714363], [121.44399000046943, 30.946164000448718]]], [[[121.4852290002134, 31.016486000188795], [121.48583600050868, 31.009579999915715], [121.4891319996521, 30.996198999921443], [121.4878389998506, 30.995092999721383], [121.48801800003122, 30.99044600017259], [121.48283699994812, 30.988603999889534], [121.48298599953002, 30.98757800031867], [121.4842270000914, 30.987712999861845], [121.48459699978427, 30.985992000140502], [121.48738400033234, 30.985010000211343], [121.48506099954481, 30.982778000358188], [121.48549700051556, 30.978467000262505], [121.46167399985039, 30.975797000221878], [121.4397159997153, 30.970016999630776], [121.43838900033118, 30.969439000247025], [121.44051899984417, 30.967251000320722], [121.4406809999399, 30.96460699995568], [121.4428979996932, 30.9634110004417], [121.44408200033975, 30.963774000158995], [121.44502800028052, 30.96091000041783], [121.44228699975203, 30.960272999742514], [121.44201299982774, 30.96101300015518], [121.43941700033346, 30.960397999628928], [121.4378039998577, 30.96445500015258], [121.43300699992602, 30.962399999800198], [121.43247000029969, 30.964233999600715], [121.43551099952589, 30.96517700029019], [121.43465899952007, 30.968252000262304], [121.41623600040481, 30.96354299970324], [121.40532200022804, 30.99210099980575], [121.41495500012563, 30.99473900006152], [121.42293100045987, 30.99844499967771], [121.43110199974544, 31.005340999977708], [121.4368859996146, 31.00841699972983], [121.45594500020974, 31.00946399961038], [121.47053200018041, 31.014981999787153], [121.48009000039805, 31.01562899973684], [121.48409499956006, 31.017140000233763], [121.4852290002134, 31.016486000188795]]]]}}, {"type": "Feature", "properties": {"NAME": "青村镇", "idx": 104}, "geometry": {"type": "Polygon", "coordinates": [[[121.55198099963229, 30.960698999664388], [121.55101799987717, 30.95929899990551], [121.5529740004144, 30.958363999858314], [121.55708300048877, 30.953552000373474], [121.56269700045476, 30.95538500007971], [121.57270499973447, 30.95303900021354], [121.57929799971365, 30.95307099957198], [121.59727400003601, 30.949853000248662], [121.6005409999697, 30.94339599988935], [121.60449899981995, 30.939225000138734], [121.6016909996873, 30.935387999608537], [121.60078100005427, 30.931856000173266], [121.60328399961337, 30.929835999593212], [121.60174899975674, 30.92991000041291], [121.60040199976106, 30.927451000316417], [121.60515400006709, 30.92362899955265], [121.60289299985445, 30.918769000195823], [121.59664599967049, 30.921730000141988], [121.59555499985008, 30.921840000264478], [121.59528799958326, 30.920411000439298], [121.59367000040645, 30.920487000034974], [121.59321100006683, 30.916197999582273], [121.59629399963286, 30.915133000273595], [121.59501600027578, 30.91280499998492], [121.59624199985095, 30.912149000097152], [121.59620400042775, 30.91019700035915], [121.59702000017853, 30.909891999738], [121.59627399987156, 30.90758000010093], [121.59234299995292, 30.907351000158386], [121.59164499989754, 30.906238000078975], [121.59240700021147, 30.905700999817483], [121.59044799958471, 30.902588999670172], [121.58840900051949, 30.90248299991185], [121.58782400050413, 30.90346499975687], [121.58666000011993, 30.901343999969214], [121.58179900048529, 30.903831999897847], [121.58269900005736, 30.90543700002115], [121.57908099971276, 30.907374000098823], [121.57830299998379, 30.909243000370548], [121.57674300040061, 30.908642999892656], [121.57600500016946, 30.90505099989528], [121.57746899997251, 30.903954000396606], [121.5767209994918, 30.902559000218254], [121.57738699983109, 30.901964999769813], [121.57525400048289, 30.900119999646318], [121.57615600044755, 30.898715000335326], [121.57544000031595, 30.89839299978269], [121.57680299958253, 30.897329000444866], [121.57529900041241, 30.896249000149602], [121.57730900044626, 30.89409899972705], [121.57567699957997, 30.892689999696042], [121.58148200020074, 30.888741999589715], [121.5778569999034, 30.886701999921655], [121.58031099953567, 30.879810999661434], [121.57955700025978, 30.879501000274125], [121.580197999959, 30.87774600019792], [121.5713560004742, 30.87511499978667], [121.55713799962108, 30.86689399971025], [121.55290999977993, 30.866009000443704], [121.54966800009439, 30.863556999966026], [121.53991700036843, 30.85932499987553], [121.53417499966807, 30.854384999961884], [121.52645099965295, 30.85414700029639], [121.52024900018456, 30.852070000250762], [121.51836200018504, 30.86107399991712], [121.51619999985165, 30.86061500016662], [121.51377600043517, 30.863084999653598], [121.51239800022016, 30.862135999729443], [121.51253099966712, 30.862982000380736], [121.51123700051966, 30.86260900004417], [121.51036199967714, 30.864301000376507], [121.51135000042817, 30.86656600016905], [121.51024000033574, 30.86723500024425], [121.51147099992987, 30.86730000003396], [121.5123100000274, 30.871803999712984], [121.51074799966872, 30.872227000202354], [121.50951300009659, 30.875480000368203], [121.50894899968885, 30.88328799957541], [121.5052529997031, 30.88942999967344], [121.50649000018767, 30.88929899975942], [121.50656999954765, 30.890387000403717], [121.50754899965177, 30.890603000423656], [121.51204000047612, 30.890043999981085], [121.50295499952452, 30.932391000034475], [121.50610099988715, 30.93202899955498], [121.50671200051538, 30.9277979996719], [121.5128059995201, 30.928286999955898], [121.51237900045581, 30.929206999690212], [121.51373999963836, 30.930629000097493], [121.51697499956958, 30.93129500036688], [121.5300090000095, 30.931014999553913], [121.52812899950379, 30.941128999870852], [121.53122799986768, 30.94130299976056], [121.52948300043535, 30.952835999719444], [121.53449299985608, 30.955113000409423], [121.53778200011237, 30.958179999881143], [121.53995000018654, 30.95801800009574], [121.5399019998416, 30.95899100034712], [121.54200599968081, 30.959234999886675], [121.54232700041176, 30.96028000015171], [121.54278100000779, 30.959341000283864], [121.5452449998308, 30.961025999967227], [121.5471020004836, 30.95997399969817], [121.55198099963229, 30.960698999664388]]]}}, {"type": "Feature", "properties": {"NAME": "上海工业综合开发区", "idx": 105}, "geometry": {"type": "Polygon", "coordinates": [[[121.4578800000317, 30.962296000052927], [121.47381199954718, 30.9250019995628], [121.45479199982931, 30.92167499995489], [121.45156400012135, 30.93256400034889], [121.4486099994887, 30.931567000365792], [121.44809999961886, 30.93267900014982], [121.44399000046943, 30.946164000448718], [121.43828300004637, 30.944692999714363], [121.4393179999484, 30.941089000135214], [121.41059299999286, 30.934574999818793], [121.39986700036486, 30.963430000127193], [121.40431099975058, 30.9634649997142], [121.40815500044607, 30.96575400032932], [121.41006399957162, 30.965898000044906], [121.41537299978818, 30.96578799973383], [121.41623600040481, 30.96354299970324], [121.43465899952007, 30.968252000262304], [121.43551099952589, 30.96517700029019], [121.43247000029969, 30.964233999600715], [121.43300699992602, 30.962399999800198], [121.4378039998577, 30.96445500015258], [121.43941700033346, 30.960397999628928], [121.44201299982774, 30.96101300015518], [121.44228699975203, 30.960272999742514], [121.44502800028052, 30.96091000041783], [121.44408200033975, 30.963774000158995], [121.4428979996932, 30.9634110004417], [121.4406809999399, 30.96460699995568], [121.44051899984417, 30.967251000320722], [121.43838900033118, 30.969439000247025], [121.45390600027083, 30.97392000005575], [121.4578800000317, 30.962296000052927]]]}}, {"type": "Feature", "properties": {"NAME": "奉贤区现代农业园区", "idx": 106}, "geometry": {"type": "Polygon", "coordinates": [[[121.4928609998594, 30.979333000038316], [121.50401199955895, 30.927611999559545], [121.47381199954718, 30.9250019995628], [121.45846000015841, 30.96070999961672], [121.45390600027083, 30.97392000005575], [121.46208899947719, 30.97586500013025], [121.4928609998594, 30.979333000038316]]]}}, {"type": "Feature", "properties": {"NAME": "四团镇", "idx": 107}, "geometry": {"type": "Polygon", "coordinates": [[[121.69814800045187, 30.988350000262813], [121.72551199962761, 30.970987999693588], [121.73333799959244, 30.96259200031343], [121.73214199980622, 30.960728999631435], [121.73554099948858, 30.958628000170716], [121.73652899956625, 30.959818999559467], [121.73834700039448, 30.958483999906388], [121.73883999977434, 30.958952999713564], [121.74326699953035, 30.95373400015393], [121.74446099964646, 30.95483600017136], [121.74815600015282, 30.954507000092], [121.7564000004553, 30.94957599976601], [121.75634999993522, 30.946693999842157], [121.75957100010744, 30.943665999813113], [121.75686399981538, 30.941558999840417], [121.75700999992365, 30.940512000027883], [121.75843300027327, 30.941105999894372], [121.75988799985514, 30.94008699956245], [121.75900099963147, 30.938877999988513], [121.76160199983487, 30.938434999801462], [121.76332299955652, 30.940278000009606], [121.7641859996955, 30.93960800013223], [121.76378099957962, 30.938697999615172], [121.76517800033149, 30.93848100025972], [121.7647610000283, 30.937507999702124], [121.76827599987844, 30.93582899983682], [121.76853300021855, 30.933800000168326], [121.77216700015745, 30.933489000190523], [121.77324400015517, 30.932842999997344], [121.77298300006257, 30.93167000033947], [121.77437799951915, 30.93193100014897], [121.77308299968051, 30.93091500010958], [121.77445300006079, 30.92649699975632], [121.77348000047897, 30.926017999956468], [121.77467799963645, 30.926038999677335], [121.77513600008491, 30.924985000403844], [121.77322000041583, 30.92533800030502], [121.77316199986949, 30.92471299984047], [121.775240999667, 30.924691000232883], [121.77674099959678, 30.91789600004725], [121.77326200009524, 30.905960999657278], [121.77390700005675, 30.903705000089804], [121.77273799959883, 30.90357899997443], [121.77297300019104, 30.90509900019162], [121.77223500029233, 30.905454000203715], [121.77304599973985, 30.906207999981692], [121.77208900045065, 30.906990000034572], [121.7705620003813, 30.906078000309], [121.76906700037541, 30.906190999963833], [121.76915099952033, 30.907813000004392], [121.76672099969974, 30.907052999676754], [121.76688899999616, 30.90854000030636], [121.76290800047589, 30.909217000448077], [121.76298699981402, 30.91074200003837], [121.76204900029869, 30.910303000387735], [121.76201399977636, 30.91140600016718], [121.75802499993202, 30.906387999858996], [121.7488989995807, 30.90557599998216], [121.7465710001009, 30.90719199979714], [121.74460600020178, 30.906486999860615], [121.74349599955639, 30.908684999893193], [121.74371199977368, 30.911926000406016], [121.74156300000861, 30.911777999958506], [121.74160999958873, 30.90889200030081], [121.73374999984642, 30.908869999742624], [121.73454199952117, 30.900258000059235], [121.73571800019246, 30.899484000318573], [121.73515299970309, 30.893563000299192], [121.73476700021557, 30.896453999965395], [121.73071100026114, 30.896314000377664], [121.7298370002513, 30.894304999963303], [121.72855099949112, 30.894288000353452], [121.72860099983087, 30.89291599989552], [121.73486000017782, 30.89302199970935], [121.7341840004705, 30.886287000078763], [121.74149199983144, 30.88683200041144], [121.74426000024988, 30.885836000042605], [121.74566199976243, 30.886209999847278], [121.74581699978005, 30.88802600032993], [121.75076199959273, 30.88826100008397], [121.75019700001349, 30.890649999863605], [121.75117099990919, 30.890367999629675], [121.75122400041015, 30.888193000297182], [121.75262000038803, 30.888024999954812], [121.7527130004421, 30.889922999613386], [121.75345400038775, 30.889695999609962], [121.75485400024202, 30.891450000259642], [121.75369500042655, 30.89208299976888], [121.75375699975278, 30.893055999732912], [121.75502100038057, 30.893158999830824], [121.75602399958115, 30.89613599965862], [121.75816599972002, 30.895811000254458], [121.75918400044051, 30.89322899976854], [121.76274999983922, 30.8940719998601], [121.76869799964828, 30.89228099959774], [121.76906399975077, 30.893074000332632], [121.77298999951796, 30.892373999836778], [121.77145099996176, 30.888245000361934], [121.77217999955974, 30.882535999879842], [121.76869599984407, 30.88218800006409], [121.76844599979844, 30.88139800009744], [121.76345199987357, 30.882000000321035], [121.73664099985467, 30.881355000300807], [121.7282269998158, 30.882544000360536], [121.71164999980962, 30.879986999650114], [121.71148899964047, 30.88478499974036], [121.71039799966961, 30.885297000386334], [121.71148299975286, 30.885325000347862], [121.71121500008827, 30.895436000178627], [121.71252400031243, 30.895503000431077], [121.712535999756, 30.89711999999759], [121.7137420003475, 30.897115000252246], [121.71394600012846, 30.89614100004912], [121.71480700034051, 30.897207999756404], [121.71500299971285, 30.896328999629358], [121.71790199989324, 30.896203000005553], [121.7187319996297, 30.889069000066474], [121.72308900016586, 30.889483999827927], [121.72431300034664, 30.88877099982569], [121.72434700016724, 30.889645000045064], [121.72641300046149, 30.88908899988298], [121.72675299993941, 30.887147000375524], [121.7268380003459, 30.88782799977737], [121.72793700011633, 30.88734200010426], [121.7275240001609, 30.897958999802864], [121.72363000034456, 30.89840699968467], [121.72343900039144, 30.89968100001173], [121.72143199994997, 30.89953199970165], [121.72121399982184, 30.901292000056284], [121.7268460004578, 30.901797999806245], [121.7264049998307, 30.903413000054652], [121.72450800004741, 30.904811000147667], [121.72000799958136, 30.903717999716967], [121.72010300033786, 30.908473999779545], [121.71854799997318, 30.90947999970981], [121.71632300036302, 30.90917100045101], [121.7154220000321, 30.9075869995761], [121.71685700043558, 30.904036999816984], [121.71293399970068, 30.904439999989616], [121.71170699951632, 30.902462000335735], [121.71106700025344, 30.90253099956381], [121.7108390003885, 30.907344999853887], [121.70796699969532, 30.90718399975277], [121.70831699989743, 30.907853000188023], [121.70524000041473, 30.908711999994765], [121.70413400028477, 30.908110999859545], [121.70370399964034, 30.90984499957141], [121.70231400015064, 30.91032900043993], [121.70168299958671, 30.922299999720074], [121.69987099951163, 30.922930999725622], [121.70055500045903, 30.924717000190753], [121.69909700045248, 30.924764000023874], [121.69651300024319, 30.934567000211043], [121.6962920003754, 30.935911000370876], [121.69806599988351, 30.93836100036994], [121.69685000051696, 30.938004999889664], [121.69692100008702, 30.938944000368206], [121.69579399948579, 30.93927099968509], [121.69497399951608, 30.938255000117298], [121.69392600046311, 30.93875599971417], [121.6944700000954, 30.940487999792186], [121.69334399970785, 30.94578400024719], [121.69045200019193, 30.94672200025158], [121.6896610003137, 30.948066000190472], [121.68209900018803, 30.94936899985318], [121.68236999955103, 30.951874999771615], [121.67885699992965, 30.952775999922338], [121.67887500005007, 30.954256999709553], [121.67602300033003, 30.954370000130343], [121.67522200033947, 30.95814000012036], [121.67118399998759, 30.96021000021493], [121.6715710003066, 30.962425999855757], [121.67578400030041, 30.961717999603614], [121.67613500019945, 30.96269499999327], [121.67387099977668, 30.963268000156372], [121.67497700030167, 30.965191999944686], [121.67359600015679, 30.96589300044022], [121.67306299987197, 30.967571000015703], [121.67937099974158, 30.966811999572748], [121.6796950002414, 30.969252000028167], [121.67807099973894, 30.969586000412995], [121.67853499976252, 30.972164000077278], [121.6772539999356, 30.974741999786893], [121.6792960001843, 30.97413600028328], [121.68055200025951, 30.97599800014662], [121.68041300026596, 30.977499000348146], [121.68190600008742, 30.9779920002903], [121.68142799989951, 30.980335000260418], [121.68432200037864, 30.98121399955886], [121.6866080004202, 30.98006300006804], [121.68815999986506, 30.98195499968106], [121.68876600045132, 30.981324999819424], [121.68937099978153, 30.982992999745573], [121.69030799988953, 30.982778999903505], [121.68951499954251, 30.984119999639216], [121.69249899960032, 30.982939000217144], [121.69237000048125, 30.98365599976717], [121.69733899960602, 30.98264500014207], [121.69738200019769, 30.983676999666574], [121.69629600013803, 30.984017999815034], [121.69814800045187, 30.988350000262813]]]}}, {"type": "Feature", "properties": {"NAME": "庄行镇", "idx": 108}, "geometry": {"type": "Polygon", "coordinates": [[[121.40532200022804, 30.99210099980575], [121.41537299978818, 30.96578799973383], [121.40825399966302, 30.96578499959209], [121.40431099975058, 30.9634649997142], [121.39986700036486, 30.963430000127193], [121.4142130000188, 30.925536000419978], [121.42550699957742, 30.886811000133072], [121.41792499971753, 30.88402700007869], [121.41761800033132, 30.88568700030191], [121.41101600027775, 30.88593699955946], [121.41033899997208, 30.882433000397413], [121.41258200045512, 30.88269700012079], [121.41257100030133, 30.877903000303238], [121.41045799976447, 30.87803800007608], [121.4104889998223, 30.87870799966332], [121.4091779996403, 30.87815799993019], [121.4093780003651, 30.87929199996521], [121.40878400015256, 30.87824199990246], [121.40669899985001, 30.879006000416805], [121.40637200043649, 30.877584000168934], [121.40480799962265, 30.87681400004536], [121.40394399980474, 30.87245700039908], [121.4019639996712, 30.872684000122632], [121.40223899993235, 30.87086499956689], [121.40028899963312, 30.871299000004502], [121.40260000028101, 30.8635369996467], [121.38494799984126, 30.865262999936323], [121.3848749999651, 30.86354900004294], [121.38388200046722, 30.863289000289612], [121.38510100041482, 30.863185000056838], [121.38492399989131, 30.860321000426627], [121.38008799981306, 30.86089800028703], [121.38020099948034, 30.863321999869346], [121.3821859997495, 30.863363999981516], [121.38263399996411, 30.86527100035041], [121.3773570001329, 30.86572099977971], [121.37719899988295, 30.869436999971587], [121.37821300002459, 30.87125899975998], [121.37807000042913, 30.876466999992182], [121.37684800043674, 30.8782369997764], [121.37749600042383, 30.880844000407944], [121.37095800045105, 30.882624000366814], [121.3614499999884, 30.88888899973129], [121.35860900037264, 30.888849999643302], [121.35581799963394, 30.89961200030311], [121.35346900019238, 30.90313200017262], [121.35270799993032, 30.909416999693722], [121.35138200006834, 30.90985799996837], [121.3507670005076, 30.91230599978678], [121.3469709996111, 30.91555099957691], [121.35090899991091, 30.918969999749834], [121.35129500010854, 30.921752000287576], [121.35066999970857, 30.923342000213815], [121.3473989999909, 30.92587600039752], [121.34765800022649, 30.93008799957803], [121.34660399998775, 30.932555000266262], [121.3490860003228, 30.93341600017692], [121.35049999971928, 30.932725999926205], [121.35076900000473, 30.93580399971575], [121.35273199981941, 30.93544400010766], [121.35482599971893, 30.936865000001774], [121.35801900034333, 30.93661000012396], [121.35639899950301, 30.94620700010883], [121.35697000035574, 30.94722499967117], [121.35982399976378, 30.947283000165513], [121.36085899965535, 30.948948000204126], [121.36044499991134, 30.950009000043917], [121.3578070003093, 30.950819000302427], [121.35849700018126, 30.960478000131193], [121.35615399966314, 30.967004999939046], [121.3565979999247, 30.97366800028628], [121.35536699968961, 30.980188999887336], [121.39109499983984, 30.99026899986296], [121.40532200022804, 30.99210099980575]]]}}, {"type": "Feature", "properties": {"NAME": "奉城镇", "idx": 109}, "geometry": {"type": "Polygon", "coordinates": [[[121.63958900048557, 30.995425000388497], [121.6585769997124, 30.99488999986299], [121.65841500010082, 30.993584999619685], [121.65925900048421, 30.99444300041803], [121.66328299963283, 30.994092999880323], [121.66810200051377, 30.991714000320837], [121.67005699982656, 30.993844000226304], [121.6792920002197, 30.991869999789518], [121.68480400027846, 30.9921250003833], [121.69814800045187, 30.988350000262813], [121.69629600013803, 30.984017999815034], [121.69738200019769, 30.983676999666574], [121.69733899960602, 30.98264500014207], [121.69237000048125, 30.98365599976717], [121.69249899960032, 30.982939000217144], [121.68951499954251, 30.984119999639216], [121.69030799988953, 30.982778999903505], [121.68937099978153, 30.982992999745573], [121.68876600045132, 30.981324999819424], [121.68815999986506, 30.98195499968106], [121.6866080004202, 30.98006300006804], [121.68432200037864, 30.98121399955886], [121.68142799989951, 30.980335000260418], [121.68190600008742, 30.9779920002903], [121.68041300026596, 30.977499000348146], [121.68055200025951, 30.97599800014662], [121.6792960001843, 30.97413600028328], [121.6772539999356, 30.974741999786893], [121.67853499976252, 30.972164000077278], [121.67807099973894, 30.969586000412995], [121.6796950002414, 30.969252000028167], [121.67937099974158, 30.966811999572748], [121.67306299987197, 30.967571000015703], [121.67359600015679, 30.96589300044022], [121.67497700030167, 30.965191999944686], [121.67387099977668, 30.963268000156372], [121.67613500019945, 30.96269499999327], [121.67578400030041, 30.961717999603614], [121.6715710003066, 30.962425999855757], [121.67118399998759, 30.96021000021493], [121.67522200033947, 30.95814000012036], [121.67602300033003, 30.954370000130343], [121.67887500005007, 30.954256999709553], [121.67885699992965, 30.952775999922338], [121.68236999955103, 30.951874999771615], [121.68209900018803, 30.94936899985318], [121.6896610003137, 30.948066000190472], [121.69045200019193, 30.94672200025158], [121.69334399970785, 30.94578400024719], [121.6944700000954, 30.940487999792186], [121.69392600046311, 30.93875599971417], [121.69497399951608, 30.938255000117298], [121.69579399948579, 30.93927099968509], [121.69692100008702, 30.938944000368206], [121.69685000051696, 30.938004999889664], [121.69806599988351, 30.93836100036994], [121.6962920003754, 30.935911000370876], [121.69909700045248, 30.924764000023874], [121.70055500045903, 30.924717000190753], [121.69987099951163, 30.922930999725622], [121.70168299958671, 30.922299999720074], [121.70204599981605, 30.920832000259985], [121.70140800049627, 30.92043100013685], [121.70216600044714, 30.912032999992313], [121.69905800026969, 30.911847000251363], [121.6987439997163, 30.9127379995626], [121.69742599997006, 30.91271099991579], [121.69787199992473, 30.910926000202654], [121.6965920003507, 30.91041799981229], [121.69634100001781, 30.91200799975125], [121.69542399954494, 30.911976999648285], [121.69558399992238, 30.913928999554887], [121.69247899964789, 30.913563999953432], [121.69291299952961, 30.90698999954875], [121.6970539994953, 30.90206000005509], [121.69256499955387, 30.900576000173352], [121.6917350002189, 30.89711199978288], [121.69395100004736, 30.893650000368407], [121.69383000013049, 30.888717999824696], [121.69540199989778, 30.887384000345783], [121.69562400050224, 30.88460700030292], [121.69231400037444, 30.884201000271233], [121.69263299963661, 30.881718000222243], [121.68437600006395, 30.881422000417793], [121.68030400008098, 30.87662799966477], [121.67002800022127, 30.875502000119628], [121.67011900022885, 30.87273600038222], [121.66554499974032, 30.871601999850814], [121.66542800007382, 30.868837999854183], [121.6396779998835, 30.865256999764995], [121.63718800034738, 30.86833200044187], [121.63781799978142, 30.87229600017253], [121.63702999973269, 30.874562999884294], [121.62984200035096, 30.87414400009045], [121.62743800025952, 30.880745000019587], [121.62058799968806, 30.881485999557164], [121.60498899972167, 30.87989800009874], [121.59163500050673, 30.88189200034195], [121.580197999959, 30.87774600019792], [121.57955700025978, 30.879501000274125], [121.58031099953567, 30.879810999661434], [121.5778569999034, 30.886701999921655], [121.58148200020074, 30.888741999589715], [121.57567699957997, 30.892689999696042], [121.57730900044626, 30.89409899972705], [121.57529900041241, 30.896249000149602], [121.57680299958253, 30.897329000444866], [121.57544000031595, 30.89839299978269], [121.57615600044755, 30.898715000335326], [121.57525400048289, 30.900119999646318], [121.57738699983109, 30.901964999769813], [121.5767209994918, 30.902559000218254], [121.57746899997251, 30.903954000396606], [121.57600500016946, 30.90505099989528], [121.57674300040061, 30.908642999892656], [121.57830299998379, 30.909243000370548], [121.57908099971276, 30.907374000098823], [121.58269900005736, 30.90543700002115], [121.58179900048529, 30.903831999897847], [121.58666000011993, 30.901343999969214], [121.58782400050413, 30.90346499975687], [121.58840900051949, 30.90248299991185], [121.59044799958471, 30.902588999670172], [121.59240700021147, 30.905700999817483], [121.59164499989754, 30.906238000078975], [121.59234299995292, 30.907351000158386], [121.59627399987156, 30.90758000010093], [121.59702000017853, 30.909891999738], [121.59620400042775, 30.91019700035915], [121.59624199985095, 30.912149000097152], [121.59501600027578, 30.91280499998492], [121.59629399963286, 30.915133000273595], [121.59321100006683, 30.916197999582273], [121.59367000040645, 30.920487000034974], [121.59528799958326, 30.920411000439298], [121.59555499985008, 30.921840000264478], [121.59664599967049, 30.921730000141988], [121.60289299985445, 30.918769000195823], [121.60515400006709, 30.92362899955265], [121.6004040002205, 30.92741999966194], [121.60174899975674, 30.92991000041291], [121.60328399961337, 30.929835999593212], [121.60078100005427, 30.931856000173266], [121.6016909996873, 30.935387999608537], [121.60449899981995, 30.939225000138734], [121.6005409999697, 30.94339599988935], [121.59727400003601, 30.949853000248662], [121.59513800041182, 30.949821000435126], [121.59673899951963, 30.95735099972053], [121.59667799958449, 30.953456999804555], [121.60260800016295, 30.95208999968738], [121.60427300033056, 30.94963700025942], [121.61013100018842, 30.947744000003965], [121.61040900028986, 30.950058000405114], [121.61158300037859, 30.94982800027528], [121.61181699971372, 30.950892000018573], [121.61295099987899, 30.950954999780848], [121.6114830000089, 30.954781999757177], [121.61465599948608, 30.955498999922952], [121.614257000498, 30.960123000209737], [121.61275899973404, 30.962007999686076], [121.61710500007284, 30.962646999917386], [121.61778200006084, 30.963826000244634], [121.6173450003594, 30.964903000002625], [121.61713999990113, 30.964017999583923], [121.61599699956179, 30.96406400008273], [121.61726499947856, 30.969020000394764], [121.61140000038417, 30.971277999690614], [121.61159099972774, 30.97230900010068], [121.61645899964903, 30.97215099990028], [121.6176050002056, 30.974011999839643], [121.6175110000698, 30.976792999962715], [121.62047300027419, 30.976792000097394], [121.62085999965272, 30.97552099987458], [121.62372599953632, 30.975458999704994], [121.62392600046962, 30.980119999663145], [121.62777900045175, 30.979845000104252], [121.62762500003802, 30.981239000215528], [121.63394100048393, 30.984494000092557], [121.63337200018559, 30.985936000310197], [121.63423199986292, 30.98605699961316], [121.6343360003578, 30.9884809997357], [121.63538000020917, 30.98849400034866], [121.63536299949597, 30.98936999960353], [121.64044899953095, 30.98929100005785], [121.640959999624, 30.99331700022256], [121.64056899957625, 30.995085999889948], [121.63958900048557, 30.995425000388497]]]}}, {"type": "Feature", "properties": {"NAME": "金汇镇", "idx": 110}, "geometry": {"type": "Polygon", "coordinates": [[[121.48667700001462, 31.012225000357677], [121.4907890005262, 31.000146999687658], [121.49384199992542, 31.000320999775766], [121.4932540003335, 31.001738000178086], [121.49870899992953, 31.005404000258345], [121.50269499963754, 31.006887999818296], [121.50911399987014, 31.007496000297937], [121.51158600042962, 31.00988200011977], [121.511984000322, 31.008591000351927], [121.51399700025326, 31.00856099988117], [121.51564299947502, 31.006963000266804], [121.51561000045388, 31.00522400015931], [121.5173639997721, 31.00505799980863], [121.51701199999745, 31.004097999930615], [121.5150310002452, 31.00422599983167], [121.51608000039174, 31.00133999969233], [121.51933999955862, 31.00167700018744], [121.52087500020528, 30.999591000001086], [121.52406400031754, 30.997778000358217], [121.52594799992995, 30.998321999812983], [121.526525999858, 30.997155000369556], [121.5294460003764, 30.998239000261393], [121.53031899997406, 30.997031999666085], [121.53332900024898, 30.997026999641406], [121.5334369998607, 30.995144000417966], [121.53685899950683, 30.996540999891497], [121.53993700048093, 30.995099000240636], [121.54030800021388, 30.99619500043093], [121.54051999976517, 30.9950780003978], [121.5425249999667, 30.994420999955206], [121.5446000005057, 30.99055300028974], [121.54671299987987, 30.99008399993394], [121.5483089998884, 30.99078599975527], [121.54911399982277, 30.994831000167963], [121.5478340000325, 30.995386000286384], [121.54865700008804, 30.995871000312], [121.54814199995992, 30.997158999598504], [121.54908300003864, 30.995767000340578], [121.55178199989015, 30.995641999646004], [121.55122700050745, 30.99732999989082], [121.55880899978504, 30.998145999737073], [121.57232800003416, 31.002361000028564], [121.57297299985265, 31.001280000289224], [121.57829699977765, 31.002001999554324], [121.57832399997245, 31.00282300001266], [121.57989300023819, 31.003138999898376], [121.59004100048378, 31.003080000329494], [121.59103000005767, 31.004580000070888], [121.60752300040487, 31.002839999570856], [121.60779600045437, 31.003803999895272], [121.60989100013022, 31.00348800010557], [121.6118329999474, 30.99948899968087], [121.61614299949369, 30.994791999902468], [121.63958900048557, 30.995425000388497], [121.64056899957625, 30.995085999889948], [121.64099700021919, 30.992267000182036], [121.64044899953095, 30.98929100005785], [121.63536299949597, 30.98936999960353], [121.63538000020917, 30.98849400034866], [121.6343360003578, 30.9884809997357], [121.63423199986292, 30.98605699961316], [121.63337200018559, 30.985936000310197], [121.63394100048393, 30.984494000092557], [121.62762500003802, 30.981239000215528], [121.62777900045175, 30.979845000104252], [121.62392600046962, 30.980119999663145], [121.62372599953632, 30.975458999704994], [121.62085999965272, 30.97552099987458], [121.62047300027419, 30.976792000097394], [121.6175110000698, 30.976792999962715], [121.6176050002056, 30.974011999839643], [121.61645899964903, 30.97215099990028], [121.61159099972774, 30.97230900010068], [121.61140000038417, 30.971277999690614], [121.61726499947856, 30.969020000394764], [121.61599699956179, 30.96406400008273], [121.61713999990113, 30.964017999583923], [121.6173450003594, 30.964903000002625], [121.61778200006084, 30.963826000244634], [121.61710500007284, 30.962646999917386], [121.61275899973404, 30.962007999686076], [121.614257000498, 30.960123000209737], [121.61465599948608, 30.955498999922952], [121.6114830000089, 30.954781999757177], [121.61295099987899, 30.950954999780848], [121.61181699971372, 30.950892000018573], [121.61158300037859, 30.94982800027528], [121.61040900028986, 30.950058000405114], [121.61013100018842, 30.947744000003965], [121.60427300033056, 30.94963700025942], [121.60260800016295, 30.95208999968738], [121.59667799958449, 30.953456999804555], [121.59711199994543, 30.957402000292163], [121.59500599962945, 30.949826999599136], [121.57929799971365, 30.95307099957198], [121.57270499973447, 30.95303900021354], [121.56269700045476, 30.95538500007971], [121.55708300048877, 30.953552000373474], [121.5529740004144, 30.958363999858314], [121.55101799987717, 30.95929899990551], [121.55194499992201, 30.960794999878008], [121.5471020004836, 30.95997399969817], [121.5452449998308, 30.961025999967227], [121.54399300001889, 30.960754000385418], [121.54369099969946, 30.959466999930733], [121.54232700041176, 30.96028000015171], [121.54200599968081, 30.959234999886675], [121.5399019998416, 30.95899100034712], [121.53995000018654, 30.95801800009574], [121.5368390005126, 30.95769300025536], [121.53449299985608, 30.955113000409423], [121.52938999957262, 30.9526799996145], [121.53134800049705, 30.943191000208753], [121.53119999992396, 30.94122300016645], [121.52813099986419, 30.9412640001059], [121.5300090000095, 30.931014999553913], [121.51697499956958, 30.93129500036688], [121.51373999963836, 30.930629000097493], [121.51237900045581, 30.929206999690212], [121.5128059995201, 30.928286999955898], [121.50671200051538, 30.9277979996719], [121.50610099988715, 30.93202899955498], [121.50295499952452, 30.932391000034475], [121.4928609998594, 30.979333000038316], [121.48549700051556, 30.978467000262505], [121.48506099954481, 30.982778000358188], [121.48738400033234, 30.985010000211343], [121.48459699978427, 30.985992000140502], [121.4842270000914, 30.987712999861845], [121.48298599953002, 30.98757800031867], [121.48283699994812, 30.988603999889534], [121.4844250000659, 30.98880700023825], [121.48554100014638, 30.99019200017684], [121.48801800003122, 30.99044600017259], [121.4878389998506, 30.995092999721383], [121.4891319996521, 30.996198999921443], [121.48583600050868, 31.009579999915715], [121.4852290002134, 31.016486000188795], [121.48764799991027, 31.01489599984103], [121.48736699989875, 31.012359000328125], [121.48667700001462, 31.012225000357677]]]}}, {"type": "Feature", "properties": {"NAME": "练塘镇", "idx": 111}, "geometry": {"type": "Polygon", "coordinates": [[[121.05554000044086, 31.0520379996936], [121.05353400021959, 31.048631000242366], [121.0584530005272, 31.041046999606333], [121.06637400043512, 31.03521700041915], [121.08484299989796, 31.024705999789486], [121.09810800006743, 31.013151999819645], [121.09964999981234, 31.010292999560313], [121.0994799999427, 30.996990000082903], [121.09547399984447, 30.996919000362386], [121.09461300019963, 30.974952000136092], [121.09049999973097, 30.976110999619266], [121.09080599983446, 30.971120000413418], [121.09323000034719, 30.96769599962965], [121.08385900051265, 30.96604599988942], [121.08387399989708, 30.963996000405313], [121.0755329995079, 30.96398999996339], [121.07617299989218, 30.962120000247467], [121.07405199978038, 30.961862999739576], [121.0743229997431, 30.960119999646167], [121.0719309995723, 30.959507000399668], [121.07196999977714, 30.957728999783185], [121.06658299977133, 30.956673000364137], [121.06020500006328, 30.956902999682544], [121.05569900004699, 30.958468000040853], [121.05497699998408, 30.9610420002108], [121.0534940004927, 30.961383999846994], [121.05350999975244, 30.963006000269875], [121.05235300051655, 30.963736000248673], [121.05271700008886, 30.967217000418657], [121.04816099967017, 30.96630599969261], [121.04645000003747, 30.97136800011033], [121.03850399963659, 30.971273000008026], [121.04163700032947, 30.965565999591096], [121.03784999982932, 30.962245000372306], [121.03914999963845, 30.961141000054447], [121.03904800007145, 30.959418999633844], [121.03533099948359, 30.958232000306708], [121.0313449997852, 30.958956999612365], [121.02869800042677, 30.94898199964634], [121.02350100026213, 30.9480219998313], [121.02369200041345, 30.945772999586673], [121.01528100041452, 30.943481999587906], [121.01502199985279, 30.94425299991859], [121.01281499980873, 30.94366299994078], [121.01345200000434, 30.94198600024183], [121.0111589998182, 30.943169000195606], [121.0100779996837, 30.946575999674714], [121.00748100011228, 30.94594700040449], [121.007245999739, 30.946895000181833], [121.00817800013117, 30.947217999959584], [121.00673500004093, 30.94697900002526], [121.00683000024739, 30.949243000417052], [121.00996699964445, 30.949336999856914], [121.00958799999155, 30.951816000135818], [121.00736500030598, 30.95182699990908], [121.0072399996708, 30.953223999955863], [121.00604700037134, 30.953263000104204], [121.00572000025501, 30.95167100023553], [121.00478499969532, 30.951541000186], [121.00588899985088, 30.950589000112576], [120.99964999986604, 30.949151999927675], [120.99848299999495, 30.949203000426067], [120.99794599949934, 30.953278999694753], [120.99672000009129, 30.953314999912802], [120.99648800010306, 30.952402999871587], [120.9964210003766, 30.95331399979474], [120.99326299997978, 30.953324999801712], [120.99312600020086, 30.95197200009268], [120.99134299948187, 30.952532999747596], [120.99177699976669, 30.954436999648404], [120.99091700043998, 30.957026000196564], [120.9899279997711, 30.95786500019511], [120.9884170003745, 30.95731699966], [120.98796900009376, 30.959249999694446], [120.98784100006274, 30.960582000445996], [120.9902899996459, 30.960683000191775], [120.98893300040079, 30.96505300017212], [120.99001799958221, 30.965338000134423], [120.98976699964494, 30.966474000133687], [120.9891430004682, 30.968485999959494], [120.98799399990551, 30.968174000150842], [120.9874089996873, 30.97059100020504], [120.9883339999536, 30.970794000220053], [120.98781900044963, 30.972644000227955], [120.98912200001305, 30.972912000351407], [120.9889609996968, 30.97427200007075], [120.99324400048015, 30.974560999979232], [120.99319000050426, 30.975240999937427], [120.99675300034465, 30.976118999981054], [120.99645699996015, 30.979451000075805], [120.99815800037517, 30.979581000259124], [120.99807900030957, 30.980837000054166], [120.99683099993236, 30.982663000201377], [120.99522000043386, 30.982269999834134], [120.99303199958675, 30.991461000349332], [120.99216499956911, 30.99137199968697], [120.99057399974679, 30.993598000143216], [120.99058599962244, 30.99741000033138], [120.98637800043066, 30.996679000181924], [120.9858990001192, 30.99839499960013], [120.9880149997775, 30.99907300000209], [120.98803900045249, 31.001347999903295], [120.98763199950102, 31.00354100013371], [120.98618100012996, 31.004686000000042], [120.98624200012802, 31.005608000162358], [120.98798300010701, 31.005465000335796], [120.98689700011712, 31.00980900027804], [120.98778199952986, 31.010096999572777], [120.98483000012071, 31.014868999630384], [120.9864369996674, 31.015967999840843], [120.98431900007914, 31.015375000442134], [120.986088999975, 31.016246999904933], [120.97856899955958, 31.016578999554557], [120.97846099989164, 31.01776899982927], [120.98003900023922, 31.018127000208164], [120.97797299957503, 31.018286000099796], [120.97801799954796, 31.01937499970234], [120.98159799989378, 31.019707999637756], [120.98350999970626, 31.018210000226684], [120.98502000051592, 31.01820299989304], [120.9857210002441, 31.020780999703177], [120.99096800006953, 31.022011000026314], [120.99425099972736, 31.02057099957493], [120.9938609997239, 31.022732999913945], [120.99655300013934, 31.02300500034289], [120.9966879999303, 31.021924999935155], [121.00042099953995, 31.02205400008056], [121.0010800003673, 31.023577000187576], [120.99967700017855, 31.02408100012145], [121.00151599999182, 31.02518599981665], [120.99902299991864, 31.03113400023218], [121.00070399954313, 31.03105400023609], [121.00107699991365, 31.031821999867567], [121.00346500029576, 31.028124999585753], [121.00677000006408, 31.02898899959406], [121.00438200004344, 31.03231499954995], [121.00351499961764, 31.031714999784985], [121.00119800010125, 31.033670000253846], [120.99929700006051, 31.03264000009367], [120.99712000041028, 31.035702000059356], [121.00174500043398, 31.03656599996252], [121.00152800005793, 31.03797599978198], [121.00263500007468, 31.038224000411066], [121.002151000307, 31.039385999809387], [121.00801100036085, 31.040565999882837], [121.01166999979357, 31.042783999815097], [121.01059699993516, 31.044188999975372], [121.01338099987076, 31.046257999640115], [121.0125840000949, 31.048519000172366], [121.01438799980635, 31.050044000081872], [121.0142610004901, 31.050951999658963], [121.03879300041595, 31.055417999907174], [121.0396620005114, 31.057078999940796], [121.04424299976137, 31.05646600043398], [121.04469099985062, 31.057376999740224], [121.04806999981543, 31.05601700010506], [121.0489860000596, 31.05715600015304], [121.0558349999972, 31.056321999612184], [121.05410200011197, 31.0524399998604], [121.05554000044086, 31.0520379996936]]]}}, {"type": "Feature", "properties": {"NAME": "金泽镇", "idx": 112}, "geometry": {"type": "Polygon", "coordinates": [[[120.92737699966085, 31.1435980002073], [120.92759800032083, 31.14019699990064], [120.9303810000852, 31.138042999746187], [120.93411700014107, 31.138009000056613], [120.9353140004874, 31.133759999871675], [120.93293799951347, 31.129935999894823], [120.93472500028942, 31.126174999634358], [120.93339799960147, 31.12593200017416], [120.93635499966265, 31.12401900011348], [120.93636500030846, 31.122570999594], [120.93876300005698, 31.11994299978913], [120.94050499966797, 31.12122299954982], [120.94459700028385, 31.119712999925035], [120.94519700027571, 31.114845000154958], [120.94120400039381, 31.114997000221035], [120.93918399953328, 31.11601300015786], [120.93375999979389, 31.113402999627], [120.92386299963736, 31.11309599958073], [120.91856199965117, 31.111814000147028], [120.91633600048354, 31.106951999631864], [120.91069000008403, 31.101082999692014], [120.91104000009781, 31.093551999847627], [120.90863300033001, 31.08991599975598], [120.90301499966304, 31.08919500014173], [120.90397100039006, 31.088942000140616], [120.90365799955113, 31.086420999848908], [120.90188400034778, 31.08363800000838], [120.90265599986472, 31.08245399955042], [120.90473499981803, 31.082587000037417], [120.90543099996454, 31.080688999921474], [120.90966700042242, 31.0789770002615], [120.90965599968744, 31.07736700032593], [120.91252100017117, 31.075030999624587], [120.91380099982817, 31.07252099988155], [120.91784699960665, 31.071926999995153], [120.91983700004214, 31.069357000366995], [120.91900999988195, 31.070936000356642], [120.92036200030097, 31.072075000193045], [120.92314999972477, 31.07270499998031], [120.92538899975314, 31.071536000043892], [120.94140800002178, 31.077054999584355], [120.94305300002544, 31.07650900023384], [120.9479439998468, 31.078296999628936], [120.94371499975888, 31.083109000216993], [120.95343000044817, 31.08999300013977], [120.95834400013982, 31.085429000135445], [120.9601910005111, 31.08871699967964], [120.96918600017953, 31.0904829998814], [120.97413199983974, 31.08974699991075], [120.97556500021399, 31.090814999994137], [120.97892700014206, 31.08935299975248], [120.97783599996934, 31.08743899965277], [120.97877899969762, 31.086123999639813], [120.98102100005806, 31.08654099994417], [120.9812000003524, 31.087974999706645], [120.98597900029576, 31.086655999743524], [120.98967900040626, 31.09125400026228], [120.99092500013819, 31.090676999594397], [120.98929799979632, 31.095787999672897], [120.99081200021347, 31.095258999656767], [120.99052399955947, 31.092474000141763], [120.99403099978414, 31.09248799960964], [120.99401199963435, 31.09117900017914], [120.99620100028355, 31.090711000296288], [120.9968070004623, 31.088692999955278], [120.99459500036875, 31.08771899965687], [120.99939100039816, 31.08378100014146], [120.99897399976157, 31.082277999948094], [121.00031699948863, 31.079532000354035], [120.99971600006288, 31.07928699979721], [121.0044999996018, 31.076281999916493], [121.00057499950611, 31.076684000102997], [121.00006200027241, 31.074130999834193], [120.99760599958007, 31.07204899959979], [121.00432099988689, 31.07069199978571], [121.00528500045873, 31.07146099972225], [121.00987100013764, 31.069171999974458], [121.01228000023657, 31.071713000207943], [121.02433800032391, 31.064905999677446], [121.02530599987898, 31.066153000392283], [121.02742999983613, 31.065699999962764], [121.02957500051261, 31.064761000278608], [121.02912000021672, 31.06427600017444], [121.03213300013597, 31.06170399986956], [121.03726099990993, 31.060307999792244], [121.0377050003273, 31.059247999584752], [121.03534500033146, 31.058091000257157], [121.03879300041595, 31.055417999907174], [121.0142610004901, 31.050951999658963], [121.01438799980635, 31.050044000081872], [121.0125840000949, 31.048519000172366], [121.01338099987076, 31.046257999640115], [121.01059699993516, 31.044188999975372], [121.01166999979357, 31.042783999815097], [121.00801100036085, 31.040565999882837], [121.002151000307, 31.039385999809387], [121.00263500007468, 31.038224000411066], [121.00152800005793, 31.03797599978198], [121.00174500043398, 31.03656599996252], [120.99712000041028, 31.035702000059356], [120.99929700006051, 31.03264000009367], [121.00119800010125, 31.033670000253846], [121.00351499961764, 31.031714999784985], [121.00438200004344, 31.03231499954995], [121.00677000006408, 31.02898899959406], [121.00346500029576, 31.028124999585753], [121.00107699991365, 31.031821999867567], [121.00070399954313, 31.03105400023609], [120.99902299991864, 31.03113400023218], [121.00151599999182, 31.02518599981665], [120.99967700017855, 31.02408100012145], [121.0010800003673, 31.023577000187576], [121.00042099953995, 31.02205400008056], [120.9966879999303, 31.021924999935155], [120.99655300013934, 31.02300500034289], [120.9938609997239, 31.022732999913945], [120.99425099972736, 31.02057099957493], [120.99096800006953, 31.022011000026314], [120.9857210002441, 31.020780999703177], [120.98502000051592, 31.01820299989304], [120.98350999970626, 31.018210000226684], [120.98159799989378, 31.019707999637756], [120.97801799954796, 31.01937499970234], [120.97797299957503, 31.018286000099796], [120.95935700006436, 31.01860799978543], [120.95854500034856, 31.019642000243834], [120.96044999973115, 31.022376999628264], [120.95609899994378, 31.023952999755508], [120.95383999985886, 31.031162000297993], [120.95254100045229, 31.03078700017664], [120.9505140001674, 31.032354000324624], [120.947713999755, 31.032489999597058], [120.94697400033488, 31.03120299958149], [120.94448900018908, 31.032499999756798], [120.9439210000144, 31.03066100000232], [120.94507399980141, 31.030163000080538], [120.94438399953322, 31.0274430000645], [120.94691000038442, 31.026531999957992], [120.94572400015045, 31.019894000385445], [120.931519999955, 31.019428000282236], [120.93155699951127, 31.017940000015674], [120.93610999952517, 31.012472999968132], [120.9351809997064, 31.011556999872617], [120.93070800048936, 31.01196099979576], [120.92718400023597, 31.01396499967855], [120.92330100009004, 31.014248999597246], [120.9216600001206, 31.01266600015104], [120.91349199956574, 31.0149370000275], [120.90846900024586, 31.013013999609257], [120.90705299987819, 31.01561400020992], [120.90707300030891, 31.01941600021839], [120.897154999948, 31.0197599997246], [120.89683400040272, 31.023802000132036], [120.89574399973627, 31.024075000242924], [120.89692300051385, 31.02475199986363], [120.8978139996236, 31.03990200003501], [120.89470300031364, 31.04341900015776], [120.89242999971039, 31.05088399959547], [120.89019499954235, 31.05110699982674], [120.89016999957312, 31.052149000299888], [120.8906979995924, 31.06155700001047], [120.8944629999788, 31.07374700010592], [120.89504900024264, 31.080798000116573], [120.89873699955508, 31.080543000081427], [120.90052300032245, 31.08135200000488], [120.89710900007992, 31.08631499955295], [120.89812100025746, 31.087911999925723], [120.89559799991302, 31.089031999774818], [120.89181899961763, 31.08898900021779], [120.89105299985299, 31.092688000356684], [120.88895400029625, 31.09390200007415], [120.88762200031553, 31.09618300021758], [120.88784000018212, 31.09989099981333], [120.88612600037234, 31.0991749999622], [120.88626899982165, 31.096750000164292], [120.88436799976414, 31.09658200004805], [120.87342200025986, 31.097677000172578], [120.87430300043688, 31.100867000225374], [120.87164400028192, 31.10028899974797], [120.87207200004657, 31.102353000234004], [120.86996900039486, 31.102868999857378], [120.86854300033887, 31.10287000022924], [120.8679110000729, 31.101235000069078], [120.86517599970347, 31.10154400015347], [120.86483600034856, 31.09957799988342], [120.86168700028621, 31.10001400028562], [120.86005899948218, 31.101042000333326], [120.85926499948692, 31.10300600004759], [120.85383600015803, 31.10317800035887], [120.85219200038684, 31.105243000140828], [120.85219900012123, 31.1072449998717], [120.85390500037448, 31.111005000444333], [120.85639500025185, 31.112413000396224], [120.85752199974523, 31.114935999695003], [120.86454300023578, 31.120002999618745], [120.866630999584, 31.12340900040597], [120.8677149997705, 31.128890000129562], [120.87604099970714, 31.137118000146458], [120.89418599959988, 31.138522000053673], [120.90057199976395, 31.13673899995452], [120.9120070004275, 31.138561000259408], [120.92533300051338, 31.143901999697363], [120.92737699966085, 31.1435980002073]]]}}, {"type": "Feature", "properties": {"NAME": "朱家角镇", "idx": 113}, "geometry": {"type": "Polygon", "coordinates": [[[121.06029100038919, 31.150647999886743], [121.06689599986115, 31.150846999735716], [121.06785400031781, 31.149474999822736], [121.06915800015506, 31.149516999799264], [121.06919100018807, 31.14837899988719], [121.06831599976401, 31.14808500018755], [121.06897599994328, 31.145774000446046], [121.07108600027004, 31.14595099971437], [121.07117099962772, 31.14509400020743], [121.07387000039188, 31.14450800037725], [121.07382900017707, 31.14223000027565], [121.07222099960045, 31.141519000334153], [121.07274500010156, 31.139901000218995], [121.07380800043616, 31.14024200014955], [121.07443700039839, 31.139073000017074], [121.07351099975857, 31.13874199973826], [121.07435899948595, 31.135355999899062], [121.07345399971318, 31.13400999972698], [121.07485999985312, 31.13247300013537], [121.07656699955044, 31.1324059998601], [121.07917899954751, 31.128994999577646], [121.07756599983804, 31.127974000286716], [121.07828000049234, 31.12690000018667], [121.07928399984206, 31.127522000217105], [121.08081400001731, 31.124571999902603], [121.08212199977667, 31.125014999560815], [121.08269799961543, 31.124279999546385], [121.08587499990153, 31.125695000096666], [121.08565999979038, 31.12632800035143], [121.0878449995062, 31.12223600016991], [121.09029300011296, 31.11995700013819], [121.08840700027466, 31.119542000094093], [121.0904630004349, 31.11773200008703], [121.08867900037204, 31.116847999707314], [121.08907499966946, 31.112159000384434], [121.08746100007663, 31.111812000209103], [121.08756999999724, 31.10954100002075], [121.0892899999432, 31.109754999911743], [121.08816199956468, 31.108478999552805], [121.08940799959242, 31.10840400042487], [121.08952300035115, 31.107286000004056], [121.08632400007541, 31.107094999958353], [121.08579699984189, 31.1058900002629], [121.08976000001732, 31.104521999867732], [121.09145100045228, 31.09988800029476], [121.09340500032636, 31.101349999725542], [121.09519900038836, 31.098845999952182], [121.09502899953344, 31.095834999704895], [121.09309899976255, 31.095532999661373], [121.09631000024494, 31.090415000301032], [121.09518500032888, 31.089523000425377], [121.09602200009954, 31.088400999570123], [121.09487299995283, 31.087694999984937], [121.09537100039029, 31.0857960002941], [121.09467500047613, 31.08512299994966], [121.09565700003117, 31.083328999867565], [121.09784000021202, 31.081637999788654], [121.1026200001544, 31.083833999586556], [121.10819600031701, 31.079258999701036], [121.11143399994475, 31.078677000328575], [121.11247100005012, 31.07737799960969], [121.11390699982447, 31.077825000210243], [121.11764300045132, 31.06850899964883], [121.12148599992946, 31.068561999712397], [121.12177599980306, 31.061394000032486], [121.12406299953193, 31.06196899987982], [121.12143500016585, 31.059174999788077], [121.11583400005449, 31.05909999991942], [121.11546000045435, 31.060658999744543], [121.11354199966608, 31.060464000413273], [121.11362299993677, 31.0579279995809], [121.10403000041002, 31.058361000130144], [121.10378599972897, 31.059899000300764], [121.09782499959681, 31.059329999954517], [121.09645700015385, 31.055478000248232], [121.09509900004736, 31.05589699983959], [121.09492099993038, 31.057900999580482], [121.09408199970218, 31.058305999861666], [121.089902000327, 31.05823399998472], [121.08983900027177, 31.059565000417738], [121.08853100000096, 31.060207999832617], [121.08989699958742, 31.0637709995437], [121.08809200019206, 31.065155000422376], [121.08843400043354, 31.0662790000319], [121.08316699967834, 31.06638099966742], [121.08145700006723, 31.06505699982618], [121.08197299948988, 31.06311500005009], [121.07847499990494, 31.061790000114065], [121.07996000038999, 31.0604840002999], [121.0762950002688, 31.058392000401632], [121.08084300023704, 31.05248000003856], [121.08316499996127, 31.05137899983106], [121.08173000018841, 31.05225899983139], [121.08265500050491, 31.054722999588076], [121.08508699990374, 31.05371800007133], [121.0848379998076, 31.05203700036309], [121.08629899997666, 31.051457999777085], [121.08589500049324, 31.04992300022698], [121.09143199963384, 31.046793999723118], [121.08985700037196, 31.043703999804368], [121.08829899948692, 31.042706999561624], [121.08916699978053, 31.04180699979407], [121.0912000004324, 31.042239999649183], [121.09177500033337, 31.04026100024322], [121.09326599964074, 31.040767000267284], [121.09561499949426, 31.035327000415105], [121.09526700028354, 31.032965999707987], [121.09206999998032, 31.03330900019231], [121.09201700032791, 31.02816099993624], [121.08643099983348, 31.027552999644314], [121.08492400044673, 31.029778999642804], [121.08085800035488, 31.02724900019978], [121.06315900002681, 31.03724800037358], [121.0584530005272, 31.041046999606333], [121.05353400021959, 31.048631000242366], [121.05554000044086, 31.0520379996936], [121.05410200011197, 31.0524399998604], [121.0558349999972, 31.056321999612184], [121.0489860000596, 31.05715600015304], [121.04806999981543, 31.05601700010506], [121.04469099985062, 31.057376999740224], [121.04424299976137, 31.05646600043398], [121.04269300008711, 31.056890999780165], [121.042296000467, 31.056205000355863], [121.0396620005114, 31.057078999940796], [121.03879300041595, 31.055417999907174], [121.03534500033146, 31.058091000257157], [121.0377050003273, 31.059247999584752], [121.03726099990993, 31.060307999792244], [121.03213300013597, 31.06170399986956], [121.02912000021672, 31.06427600017444], [121.02957500051261, 31.064761000278608], [121.02742999983613, 31.065699999962764], [121.02530599987898, 31.066153000392283], [121.02433800032391, 31.064905999677446], [121.01228000023657, 31.071713000207943], [121.00987100013764, 31.069171999974458], [121.00528500045873, 31.07146099972225], [121.00432099988689, 31.07069199978571], [120.99760599958007, 31.07204899959979], [121.00006200027241, 31.074130999834193], [121.00057499950611, 31.076684000102997], [121.0044999996018, 31.076281999916493], [120.99971600006288, 31.07928699979721], [121.00031699948863, 31.079532000354035], [120.99897399976157, 31.082277999948094], [120.99939100039816, 31.08378100014146], [120.99459500036875, 31.08771899965687], [120.9968070004623, 31.088692999955278], [120.99620100028355, 31.090711000296288], [120.99401199963435, 31.09117900017914], [120.99403099978414, 31.09248799960964], [120.99052399955947, 31.092474000141763], [120.99081200021347, 31.095258999656767], [120.98929799979632, 31.095787999672897], [120.99092500013819, 31.090676999594397], [120.98967900040626, 31.09125400026228], [120.98597900029576, 31.086655999743524], [120.9812000003524, 31.087974999706645], [120.98102100005806, 31.08654099994417], [120.97877899969762, 31.086123999639813], [120.97783599996934, 31.08743899965277], [120.97892700014206, 31.08935299975248], [120.97556500021399, 31.090814999994137], [120.97413199983974, 31.08974699991075], [120.96918600017953, 31.0904829998814], [120.9601910005111, 31.08871699967964], [120.95834400013982, 31.085429000135445], [120.95343000044817, 31.08999300013977], [120.94371499975888, 31.083109000216993], [120.9479930000211, 31.07832200033695], [120.94305300002544, 31.07650900023384], [120.94140800002178, 31.077054999584355], [120.92538899975314, 31.071536000043892], [120.92314999972477, 31.07270499998031], [120.92036200030097, 31.072075000193045], [120.91900999988195, 31.070936000356642], [120.91983700004214, 31.069357000366995], [120.91784699960665, 31.071926999995153], [120.91380099982817, 31.07252099988155], [120.91252100017117, 31.075030999624587], [120.90965599968744, 31.07736700032593], [120.90966700042242, 31.0789770002615], [120.90543099996454, 31.080688999921474], [120.90473499981803, 31.082587000037417], [120.90265599986472, 31.08245399955042], [120.90188400034778, 31.08363800000838], [120.90365799955113, 31.086420999848908], [120.90397100039006, 31.088942000140616], [120.90301499966304, 31.08919500014173], [120.90863300033001, 31.08991599975598], [120.91104000009781, 31.093551999847627], [120.91069000008403, 31.101082999692014], [120.91633600048354, 31.106951999631864], [120.91856199965117, 31.111814000147028], [120.92386299963736, 31.11309599958073], [120.93375999979389, 31.113402999627], [120.93918399953328, 31.11601300015786], [120.94120400039381, 31.114997000221035], [120.94519700027571, 31.114845000154958], [120.94459700028385, 31.119712999925035], [120.94050499966797, 31.12122299954982], [120.93876300005698, 31.11994299978913], [120.93636500030846, 31.122570999594], [120.93635499966265, 31.12401900011348], [120.93339799960147, 31.12593200017416], [120.93472500028942, 31.126174999634358], [120.93293799951347, 31.129935999894823], [120.9353140004874, 31.133759999871675], [120.93411700014107, 31.138009000056613], [120.9303810000852, 31.138042999746187], [120.92759800032083, 31.14019699990064], [120.92737699966085, 31.1435980002073], [120.94661099949683, 31.140869000050817], [120.97883099963158, 31.133989000434052], [120.98658699980753, 31.135442000287888], [121.01370699953368, 31.136305000003134], [121.01792499987748, 31.140513999557164], [121.01754200025078, 31.142829000280422], [121.02068699980818, 31.143024999690173], [121.02190299969001, 31.144947999841463], [121.02145999956241, 31.145787000184598], [121.02326100036306, 31.14612199973071], [121.0236629998075, 31.143474000434857], [121.02841299965954, 31.144422999804497], [121.02997900026784, 31.142658000320612], [121.0309599999254, 31.142819000108304], [121.03140799995377, 31.139624000036747], [121.03591800036085, 31.139768999855754], [121.03756200011135, 31.141792999976182], [121.03850500009294, 31.145327000004166], [121.04033999982406, 31.14692599990423], [121.04026699969964, 31.14786799955201], [121.0366800003031, 31.149105999962806], [121.03654299983481, 31.15079300026002], [121.03656700049511, 31.151537999586072], [121.0398809999064, 31.152933999863777], [121.03991500052952, 31.157064999685666], [121.04095199951011, 31.15630800043739], [121.04437800040172, 31.156721999717202], [121.0451229995403, 31.152575999667725], [121.05092699958767, 31.15282199955161], [121.05063699989164, 31.15409499993468], [121.05238600036617, 31.154882000313012], [121.05768299956007, 31.155271000417798], [121.05774399967491, 31.15412800008693], [121.05916899977497, 31.154230000323583], [121.05911100028487, 31.15293399964328], [121.06101800048404, 31.15316999983794], [121.06029100038919, 31.150647999886743]]]}}, {"type": "Feature", "properties": {"NAME": "夏阳街道", "idx": 114}, "geometry": {"type": "Polygon", "coordinates": [[[121.14694100048695, 31.168510000245927], [121.1471040001077, 31.155874999855847], [121.14038400039313, 31.156297999724035], [121.13920700026779, 31.15752199963914], [121.13767900042907, 31.144758999799507], [121.14434699988651, 31.14531200036716], [121.14692600001543, 31.144886999745463], [121.1470430001502, 31.142995999686175], [121.14877400030933, 31.1429929998558], [121.14906600007714, 31.141284999997325], [121.1510569997833, 31.13916900019011], [121.14928700043319, 31.138508999743664], [121.15115999976966, 31.13518299999633], [121.15321099948571, 31.136558999654774], [121.15525600001587, 31.13320500023695], [121.15521899984486, 31.13045099981629], [121.15833700042887, 31.130561000223068], [121.15826100020003, 31.124780999585017], [121.15925600025831, 31.124751999637578], [121.15987500024201, 31.119600999885314], [121.16491500038941, 31.1217490001114], [121.16773300015726, 31.12176399963128], [121.16877199998308, 31.11956200002247], [121.1698050005148, 31.119893000447494], [121.17083499957998, 31.117133999993754], [121.16858199974101, 31.116013999636916], [121.17026399953554, 31.11058499969371], [121.16584499976189, 31.11100999956535], [121.1664200001281, 31.10957799996639], [121.1611420003453, 31.1105309995557], [121.16175600043232, 31.10617099993523], [121.16073300046776, 31.10607899980164], [121.16100800035375, 31.10329500008066], [121.16018799949315, 31.10247299970185], [121.15480899978569, 31.102368000014636], [121.15476699984588, 31.1030089998937], [121.15244500049863, 31.10288000035334], [121.1524370000606, 31.103640999603765], [121.14988799960051, 31.103590999582156], [121.14976300051069, 31.100884000347467], [121.15224100017312, 31.10072799969207], [121.15193000001487, 31.095131000245377], [121.15057600012527, 31.09514000029116], [121.15049199988209, 31.09237099979029], [121.14881800032623, 31.092117000065514], [121.14818199982732, 31.093951000365596], [121.1463919997884, 31.093714999720724], [121.14492600021333, 31.09711300036679], [121.14124200011172, 31.09582800024646], [121.13976200033451, 31.099358000096416], [121.13716299949078, 31.098614999587387], [121.1369410000122, 31.100428999694607], [121.13157399963534, 31.099788000037588], [121.13014300037412, 31.10031599999438], [121.1302060002015, 31.101122999931434], [121.12873600038814, 31.100855999647752], [121.1272159996831, 31.1038550000836], [121.12605299989453, 31.10239699992082], [121.12305600008666, 31.10516399986793], [121.12099500049676, 31.104986999905364], [121.11981300001872, 31.107476999699077], [121.11883400035461, 31.10706600031747], [121.11655199964434, 31.108909999934284], [121.11605100023674, 31.110841000064557], [121.11489699969486, 31.110164999572206], [121.11308099972192, 31.11065800011081], [121.1114649997245, 31.112685000405683], [121.10975700049669, 31.111516000211093], [121.10801499978477, 31.113529999552636], [121.10570299949107, 31.110850999546326], [121.10620199971478, 31.109476999729328], [121.10359400028025, 31.108349000341093], [121.10009599997964, 31.10510500044873], [121.10082000020306, 31.10545499957413], [121.10186700000726, 31.10369500035488], [121.10013000028773, 31.10282999960243], [121.09892599970964, 31.104366000254544], [121.09820899967755, 31.10345799956078], [121.09920400010931, 31.10220700017039], [121.09600500017399, 31.10010200044958], [121.09453699976235, 31.10191299966484], [121.09145100045228, 31.09988800029476], [121.08976000001732, 31.104521999867732], [121.08579699984189, 31.1058900002629], [121.08632400007541, 31.107094999958353], [121.08952300035115, 31.107286000004056], [121.08940799959242, 31.10840400042487], [121.08816199956468, 31.108478999552805], [121.0892899999432, 31.109754999911743], [121.08756999999724, 31.10954100002075], [121.08746100007663, 31.111812000209103], [121.08907499966946, 31.112159000384434], [121.08867900037204, 31.116847999707314], [121.0904630004349, 31.11773200008703], [121.08840700027466, 31.119542000094093], [121.09029300011296, 31.11995700013819], [121.0878449995062, 31.12223600016991], [121.08565999979038, 31.12632800035143], [121.08587499990153, 31.125695000096666], [121.08269799961543, 31.124279999546385], [121.08212199977667, 31.125014999560815], [121.08081400001731, 31.124571999902603], [121.07928399984206, 31.127522000217105], [121.07828000049234, 31.12690000018667], [121.07756599983804, 31.127974000286716], [121.09026799986313, 31.135392000287137], [121.097593000165, 31.143250000052287], [121.09974799998936, 31.142336000337167], [121.10115899981464, 31.139946000291324], [121.11170400036673, 31.143709999609534], [121.11175199990232, 31.150418000037558], [121.11601399984498, 31.1667630003625], [121.11814700021033, 31.16680799976472], [121.11933799995342, 31.16208899976351], [121.12222100016236, 31.162519000160973], [121.1224889999115, 31.16097899969127], [121.12400000035704, 31.16121199977568], [121.1236799997731, 31.162739999764042], [121.12631200019393, 31.16314399956436], [121.12662899955309, 31.161638999993766], [121.1332950001458, 31.162620000352316], [121.1323829999739, 31.1668299998176], [121.13811899955537, 31.16751299976422], [121.14280500001269, 31.166918999708713], [121.14694100048695, 31.168510000245927]]]}}, {"type": "Feature", "properties": {"NAME": "赵巷镇", "idx": 115}, "geometry": {"type": "Polygon", "coordinates": [[[121.22351099981684, 31.175606999778605], [121.22510600017863, 31.175620000114566], [121.22536899977945, 31.17674299967296], [121.2270969996906, 31.17637199967157], [121.2267469998941, 31.175418999595163], [121.23687700012856, 31.173654999808615], [121.23439200001042, 31.16808099991701], [121.24254100049743, 31.16765800034332], [121.24195100026571, 31.161541999740116], [121.24829199961816, 31.16170000000734], [121.24769399995708, 31.15852299968033], [121.24407000051886, 31.157484999844655], [121.24306599973788, 31.150924000118142], [121.24478200044263, 31.15085700008573], [121.2449640002968, 31.148679000031475], [121.24913999961909, 31.14935199990661], [121.24929100005525, 31.14798200022136], [121.25035899989689, 31.148050000028842], [121.24946599957548, 31.142346000138016], [121.25083899950017, 31.141789999879173], [121.25081599980976, 31.14071499987824], [121.25296200028828, 31.140307000042164], [121.25428100027248, 31.141471000103298], [121.25594600026906, 31.14077399985387], [121.25744900029987, 31.141345000184693], [121.25870599993536, 31.138781999835757], [121.25867299968778, 31.137154999814943], [121.25634800004323, 31.134698999924254], [121.25722899953806, 31.12916500012647], [121.25341099964471, 31.129422999783486], [121.2538639998695, 31.13436100039331], [121.2422850004523, 31.13619699960651], [121.24092599959847, 31.13297899965175], [121.23512000019475, 31.13253900016052], [121.24074399983307, 31.131799999676254], [121.23989099971882, 31.127623000036824], [121.23281399986627, 31.128534000183812], [121.23167700045109, 31.12122300015683], [121.22924600046218, 31.120977000348176], [121.22947799948015, 31.119195000294386], [121.21700900039619, 31.11710799984212], [121.21653199991295, 31.118793000359087], [121.21843399976576, 31.12476400004693], [121.21808099961063, 31.12603800031206], [121.22340899988696, 31.141047000215135], [121.2191919999039, 31.141087000149447], [121.20396100004848, 31.13769200030596], [121.20173200025052, 31.14021100036228], [121.19608999983419, 31.139182999600457], [121.19746699993911, 31.141232000115316], [121.1970709997843, 31.143107999960343], [121.19111699972174, 31.139963000392598], [121.17752899983219, 31.14529400019392], [121.17744400050275, 31.136100000282816], [121.17698400046459, 31.133782000196376], [121.17545099952184, 31.133582999988008], [121.1754289997051, 31.13133899958771], [121.1759189996383, 31.12932200000327], [121.17725199955166, 31.12898199990882], [121.1774410000515, 31.126308999975176], [121.17922000031108, 31.12639699976111], [121.17961099987036, 31.12277100035109], [121.18067000048647, 31.12271799959923], [121.17930299998294, 31.12203799977307], [121.17941800033773, 31.120671999877455], [121.17437199999434, 31.11910399965493], [121.17406099967461, 31.12084500018232], [121.17255099977082, 31.12035499972648], [121.17220800036807, 31.121035999647503], [121.16877199998308, 31.11956200002247], [121.16773300015726, 31.12176399963128], [121.16491500038941, 31.1217490001114], [121.15987500024201, 31.119600999885314], [121.15925600025831, 31.124751999637578], [121.15826100020003, 31.124780999585017], [121.15833700042887, 31.130561000223068], [121.15521899984486, 31.13045099981629], [121.15525600001587, 31.13320500023695], [121.15321099948571, 31.136558999654774], [121.15115999976966, 31.13518299999633], [121.14928700043319, 31.138508999743664], [121.1510569997833, 31.13916900019011], [121.14906600007714, 31.141284999997325], [121.14877400030933, 31.1429929998558], [121.1470430001502, 31.142995999686175], [121.14692600001543, 31.144886999745463], [121.14434699988651, 31.14531200036716], [121.13767900042907, 31.144758999799507], [121.13920700026779, 31.15752199963914], [121.14038400039313, 31.156297999724035], [121.1471040001077, 31.155874999855847], [121.1469519997424, 31.166303000193206], [121.15011200029954, 31.16688900000429], [121.14969999993383, 31.16864199986232], [121.15661599951522, 31.1691740004094], [121.15747300007821, 31.16296599992913], [121.1552599997157, 31.16267999987592], [121.15423099961559, 31.165523000297398], [121.15217300044893, 31.1652409999242], [121.15312700006548, 31.16396700033422], [121.15290299999633, 31.162075999756297], [121.15782799987039, 31.162905000167438], [121.15803399979228, 31.15521699980256], [121.1572270002854, 31.154985000276984], [121.15605599979655, 31.15141599997729], [121.16079099996757, 31.15023799958047], [121.16035200049076, 31.151580999975458], [121.16370400014067, 31.151697999858502], [121.16224999996895, 31.14973999974679], [121.16933699948979, 31.148153000114437], [121.1778739995568, 31.148906000047266], [121.17791899952029, 31.14800199954861], [121.18125699983504, 31.14852500018328], [121.18104700025184, 31.147513999715734], [121.18316000024956, 31.147758999669023], [121.18310400029266, 31.14880599967272], [121.18458199988748, 31.149030999774983], [121.18597099992313, 31.14236799960354], [121.18926000024253, 31.140795999737332], [121.1895220002239, 31.14226299999204], [121.18737100025554, 31.143298000023947], [121.18778299975455, 31.145188000145247], [121.18657299970714, 31.14982899970375], [121.18767500043926, 31.150110000377666], [121.18154999993747, 31.169107999730954], [121.19138799979534, 31.171911999935585], [121.19316999958954, 31.17175500039077], [121.1944549997425, 31.168719999869143], [121.19766800043944, 31.17006200014366], [121.1977679995961, 31.17122500001587], [121.19657600050715, 31.172193999825183], [121.19796999996683, 31.172827999642525], [121.19746600020765, 31.17413000033285], [121.20306299987519, 31.175933999564975], [121.20264500017119, 31.17890699992906], [121.20876999964592, 31.180400999995996], [121.20879600014507, 31.182263000077313], [121.20932199971526, 31.18052700035974], [121.21101300049413, 31.181805999607054], [121.21347499969947, 31.181923000414326], [121.21440400015325, 31.179548999633788], [121.21394599971362, 31.174118000128022], [121.21948999953527, 31.17385199960067], [121.22276399979306, 31.172464000208333], [121.22384400040875, 31.17300699969171], [121.22302999949939, 31.173291999990276], [121.22351099981684, 31.175606999778605]]]}}, {"type": "Feature", "properties": {"NAME": "盈浦街道", "idx": 116}, "geometry": {"type": "Polygon", "coordinates": [[[121.08072600023027, 31.178131000408882], [121.08259099962616, 31.178135999786345], [121.08265200027671, 31.177323000320275], [121.08076599972186, 31.177306000098262], [121.08008899950276, 31.174007999755037], [121.0789360001077, 31.17287099977653], [121.07948899998851, 31.170106999747386], [121.08371499990098, 31.1698219999097], [121.08409900025116, 31.165998000301087], [121.0919430004477, 31.167163999737166], [121.09462000031421, 31.168509000397634], [121.09354800033755, 31.171301999654595], [121.09518700037283, 31.17377799998648], [121.09740400031868, 31.17235200002805], [121.09780400027145, 31.170042000308115], [121.0991859997088, 31.169928999765695], [121.09920199962174, 31.17154999957965], [121.1044859996222, 31.171552999944485], [121.1044620001382, 31.169901999651884], [121.10850299958791, 31.16986200015304], [121.10896900025578, 31.166736000236643], [121.11211300039814, 31.167918999583925], [121.11255500031947, 31.166599000125665], [121.11365599993479, 31.166832000382257], [121.11360099996806, 31.16582700037446], [121.11573199963412, 31.16588200040361], [121.11175199990232, 31.150418000037558], [121.11170400036673, 31.143709999609534], [121.10115899981464, 31.139946000291324], [121.09974799998936, 31.142336000337167], [121.097593000165, 31.143250000052287], [121.09026799986313, 31.135392000287137], [121.07917899954751, 31.128994999577646], [121.07656699955044, 31.1324059998601], [121.07485999985312, 31.13247300013537], [121.07345399971318, 31.13400999972698], [121.07435899948595, 31.135355999899062], [121.07351099975857, 31.13874199973826], [121.07443700039839, 31.139073000017074], [121.07380800043616, 31.14024200014955], [121.07274500010156, 31.139901000218995], [121.07222099960045, 31.141519000334153], [121.07382900017707, 31.14223000027565], [121.07387000039188, 31.14450800037725], [121.07117099962772, 31.14509400020743], [121.07108600027004, 31.14595099971437], [121.06897599994328, 31.145774000446046], [121.06831599976401, 31.14808500018755], [121.06919100018807, 31.14837899988719], [121.06915800015506, 31.149516999799264], [121.06785400031781, 31.149474999822736], [121.06689599986115, 31.150846999735716], [121.06399500021786, 31.15043100032888], [121.06292499955431, 31.15476900019005], [121.06598499964012, 31.15548300015313], [121.06609199997325, 31.15754799968372], [121.06669399959426, 31.155702999631732], [121.06784999989856, 31.156058000123792], [121.06743000003993, 31.157697999584407], [121.07172399981413, 31.160736000163936], [121.07096400047826, 31.162699999667236], [121.07259499966348, 31.163658000115888], [121.07171100019073, 31.164850000317596], [121.068631999646, 31.163945999553768], [121.06821599953966, 31.165456000331385], [121.07206799996983, 31.166601000394927], [121.07065399963334, 31.172529000118338], [121.06703999965309, 31.171925000405125], [121.06739599997498, 31.174847000176253], [121.07001800000165, 31.175602000359557], [121.06776400043792, 31.179716000367694], [121.0691619998778, 31.180016000280226], [121.07079900031256, 31.178899000220994], [121.07022700016638, 31.182225999972225], [121.07221100019517, 31.182620000161393], [121.07212800011136, 31.18430300018818], [121.07637100014941, 31.183407000081385], [121.08081999985511, 31.184708999634747], [121.08189200003144, 31.1838589998182], [121.08072600023027, 31.178131000408882]]]}}, {"type": "Feature", "properties": {"NAME": "徐泾镇", "idx": 117}, "geometry": {"type": "Polygon", "coordinates": [[[121.25859799992175, 31.20842200026022], [121.260208000222, 31.20562599978692], [121.26236399959119, 31.20566800032009], [121.26505500036994, 31.20189600015646], [121.27277700009995, 31.195626999605455], [121.28018399971734, 31.19675100030407], [121.28688600038234, 31.201833999653598], [121.28790899992482, 31.20436700042943], [121.29125799991193, 31.205327000183438], [121.29123299966734, 31.203973000232814], [121.29369900017764, 31.20263400020601], [121.29575200033821, 31.19908099983437], [121.29696900019286, 31.198938000177925], [121.2970220001437, 31.197704000103023], [121.29921999973979, 31.19593400002612], [121.29921300038198, 31.194632999643282], [121.30411500022424, 31.19021699994937], [121.3075909995014, 31.18372499964352], [121.31309100049535, 31.176537999581807], [121.31378200038567, 31.172456000231193], [121.31895599960453, 31.165140999749926], [121.31580599947154, 31.16359900022896], [121.31762300045686, 31.161977000143484], [121.31413199975948, 31.160625999825626], [121.3149409995793, 31.159359000043242], [121.3140590003445, 31.158869999733476], [121.3124600001393, 31.15843899986902], [121.31012399991336, 31.16186700007159], [121.3081119997549, 31.16136000019893], [121.29841799965486, 31.15690700016537], [121.29893900037082, 31.155187000233298], [121.29577399969583, 31.153789000324064], [121.2953420002612, 31.15453099994259], [121.29502799994803, 31.153381000177184], [121.2942949997071, 31.154667999908064], [121.29294500034206, 31.154586999846657], [121.29034700049256, 31.156372999932735], [121.28686899965871, 31.155040000299916], [121.28647600018475, 31.155737000057137], [121.2839490004527, 31.154232999565533], [121.28261500021664, 31.154152999568417], [121.28223200006654, 31.155081000069735], [121.2787149997373, 31.15424200020811], [121.27959800023383, 31.152908000300695], [121.27856799961148, 31.152494000046147], [121.27581800018164, 31.15230700002541], [121.27461400033924, 31.153597000182042], [121.27422200025612, 31.151215999927384], [121.27290600037755, 31.150779000137092], [121.27353000006545, 31.148446999856887], [121.27208300013974, 31.14781399986017], [121.27258999953882, 31.14629799998471], [121.27494499949842, 31.147788999964956], [121.2775910002162, 31.144065000350828], [121.27990300000477, 31.144691999991185], [121.28312700030921, 31.142092999986765], [121.27665099978218, 31.135929000354185], [121.276940000335, 31.135244999557514], [121.26125900043823, 31.13853700044386], [121.26145900049679, 31.136943999660474], [121.25867299968778, 31.137154999814943], [121.25744900029987, 31.141345000184693], [121.25594600026906, 31.14077399985387], [121.25428100027248, 31.141471000103298], [121.25296200028828, 31.140307000042164], [121.25081599980976, 31.14071499987824], [121.25083899950017, 31.141789999879173], [121.24946599957548, 31.142346000138016], [121.25035899989689, 31.148050000028842], [121.24929100005525, 31.14798200022136], [121.24913999961909, 31.14935199990661], [121.2449640002968, 31.148679000031475], [121.24478200044263, 31.15085700008573], [121.24305600021006, 31.150981999670066], [121.24407000051886, 31.157484999844655], [121.24769399995708, 31.15852299968033], [121.24829199961816, 31.16170000000734], [121.24195100026571, 31.161541999740116], [121.24254100049743, 31.16765800034332], [121.23439200001042, 31.16808099991701], [121.23687700012856, 31.173654999808615], [121.2267469998941, 31.175418999595163], [121.2270969996906, 31.17637199967157], [121.22536899977945, 31.17674299967296], [121.22510600017863, 31.175620000114566], [121.22351099981684, 31.175606999778605], [121.22420999994563, 31.18105700003876], [121.22582699996792, 31.180596000010024], [121.22768499955151, 31.183723999658636], [121.23086899990928, 31.182485999820727], [121.2321380002197, 31.18474700040384], [121.24018000008691, 31.185367999761624], [121.2413679995846, 31.18650699966646], [121.24085399986508, 31.18770599997097], [121.2426380002138, 31.186872000371093], [121.24483700022277, 31.188594999903145], [121.24734700032519, 31.18755000004036], [121.24835699997205, 31.18961300006077], [121.25179799965741, 31.19125999999006], [121.25056199996524, 31.192282000054156], [121.25255799963661, 31.195821999673623], [121.24982600010469, 31.196406999937707], [121.24871300014208, 31.197436000442906], [121.24853799995185, 31.19949399960938], [121.25073000051273, 31.200823000258982], [121.2496900004726, 31.20398200036135], [121.2511940004504, 31.205765999765582], [121.24809399963429, 31.20896100041025], [121.24942400005718, 31.209521000091975], [121.25339099971227, 31.20866599970259], [121.25838099973602, 31.212773000184175], [121.2601609995754, 31.209069000403574], [121.25859799992175, 31.20842200026022]]]}}, {"type": "Feature", "properties": {"NAME": "香花桥街道", "idx": 118}, "geometry": {"type": "Polygon", "coordinates": [[[121.13218099956666, 31.2230149999207], [121.1323269994982, 31.224610000258682], [121.13219399968659, 31.221529000259522], [121.13570400021447, 31.22205399980357], [121.13740700013602, 31.2213239996253], [121.13840999963588, 31.222217000434735], [121.13858700011548, 31.221363999714587], [121.13936300010009, 31.221689999845943], [121.1392369995926, 31.223765000362285], [121.14409999953676, 31.224551000011957], [121.14470299987404, 31.226401999775753], [121.14755399995737, 31.22572200025619], [121.14819800035441, 31.22699899992532], [121.14966099987258, 31.225828999700155], [121.14926899992079, 31.224162000272354], [121.15065300009968, 31.224026999571077], [121.15082499961261, 31.22004299989722], [121.15596199960872, 31.2208110004168], [121.15591699996497, 31.217722999673406], [121.16024699947835, 31.21759099996027], [121.1597520004473, 31.21507500016581], [121.15571800004696, 31.214885000074002], [121.1554620001146, 31.213110000275538], [121.15406500047636, 31.21343100003338], [121.15455499962454, 31.20685500043155], [121.16305600019831, 31.20783900010056], [121.16432100001553, 31.204514000437587], [121.17248400015447, 31.20514999979463], [121.17275099993235, 31.203238999932662], [121.17034600044626, 31.202435000419385], [121.17058099970436, 31.20153000035441], [121.17267899990502, 31.20196600002709], [121.1726609998418, 31.200046999862494], [121.1736740001921, 31.200144000447583], [121.17375900014717, 31.198725999880793], [121.17457100037852, 31.198647000115955], [121.17421900049452, 31.194046000057803], [121.1764759998522, 31.187675000177634], [121.1785150003906, 31.18517499956252], [121.18201700009605, 31.167107999595487], [121.18767500043926, 31.150110000377666], [121.18657299970714, 31.14982899970375], [121.18778299975455, 31.145188000145247], [121.18737100025554, 31.143298000023947], [121.1895220002239, 31.14226299999204], [121.18926000024253, 31.140795999737332], [121.18597099992313, 31.14236799960354], [121.18458199988748, 31.149030999774983], [121.18310400029266, 31.14880599967272], [121.18316000024956, 31.147758999669023], [121.18104700025184, 31.147513999715734], [121.18125699983504, 31.14852500018328], [121.17791899952029, 31.14800199954861], [121.1778739995568, 31.148906000047266], [121.16933699948979, 31.148153000114437], [121.16224999996895, 31.14973999974679], [121.16370400014067, 31.151697999858502], [121.16035200049076, 31.151580999975458], [121.16079099996757, 31.15023799958047], [121.15605599979655, 31.15141599997729], [121.1572270002854, 31.154985000276984], [121.15803399979228, 31.15521699980256], [121.15782799987039, 31.162905000167438], [121.15290299999633, 31.162075999756297], [121.15312700006548, 31.16396700033422], [121.15217300044893, 31.1652409999242], [121.15423099961559, 31.165523000297398], [121.1552599997157, 31.16267999987592], [121.15747300007821, 31.16296599992913], [121.15675399972473, 31.16916099970313], [121.14969999993383, 31.16864199986232], [121.15011200029954, 31.16688900000429], [121.1469519997424, 31.166303000193206], [121.14694100048695, 31.168510000245927], [121.14280500001269, 31.166918999708713], [121.13811899955537, 31.16751299976422], [121.1323829999739, 31.1668299998176], [121.1332950001458, 31.162620000352316], [121.12662899955309, 31.161638999993766], [121.12631200019393, 31.16314399956436], [121.1236799997731, 31.162739999764042], [121.12400000035704, 31.16121199977568], [121.1224889999115, 31.16097899969127], [121.12222100016236, 31.162519000160973], [121.11933799995342, 31.16208899976351], [121.11814700021033, 31.16680799976472], [121.11360099996806, 31.16582700037446], [121.11365599993479, 31.166832000382257], [121.11255500031947, 31.166599000125665], [121.11211300039814, 31.167918999583925], [121.10896900025578, 31.166736000236643], [121.10850299958791, 31.16986200015304], [121.1044620001382, 31.169901999651884], [121.1044859996222, 31.171552999944485], [121.09920199962174, 31.17154999957965], [121.0991859997088, 31.169928999765695], [121.09780400027145, 31.170042000308115], [121.09740400031868, 31.17235200002805], [121.09518700037283, 31.17377799998648], [121.09354800033755, 31.171301999654595], [121.09462000031421, 31.168509000397634], [121.0919430004477, 31.167163999737166], [121.08409900025116, 31.165998000301087], [121.08371499990098, 31.1698219999097], [121.0807269998377, 31.169506999685154], [121.07948899998851, 31.170106999747386], [121.07906700048113, 31.171625000423354], [121.08076599972186, 31.177306000098262], [121.08265200027671, 31.177323000320275], [121.08259099962616, 31.178135999786345], [121.08072600023027, 31.178131000408882], [121.08189200003144, 31.1838589998182], [121.08081999985511, 31.184708999634747], [121.07637100014941, 31.183407000081385], [121.07212800011136, 31.18430300018818], [121.07221100019517, 31.182620000161393], [121.07022700016638, 31.182225999972225], [121.07079900031256, 31.178899000220994], [121.0691619998778, 31.180016000280226], [121.06776400043792, 31.179716000367694], [121.06582199964242, 31.183626000254712], [121.07030599958733, 31.184925000419078], [121.07012999958668, 31.186320000183784], [121.06493300012164, 31.18496399961435], [121.06422100017627, 31.186498999572272], [121.0639819996051, 31.187351000402845], [121.06669500001485, 31.188164000128214], [121.06610600018213, 31.190796000171183], [121.06488499979365, 31.190776999591044], [121.06539700047128, 31.193501000310818], [121.06754399974416, 31.19334499985486], [121.06731299981274, 31.19479100032721], [121.0649470002521, 31.195620999798784], [121.0645130004271, 31.197329000204597], [121.06163100001645, 31.197017999707892], [121.06173500030924, 31.19923000007825], [121.06421800001688, 31.19859800020691], [121.06011300019524, 31.216743000188536], [121.05909399947134, 31.21665200030195], [121.05898499960315, 31.221765999585124], [121.05625099951328, 31.221763999916245], [121.05885700022863, 31.222397999978824], [121.05840000049949, 31.22521000039263], [121.06215100003713, 31.225858999831118], [121.06243700023408, 31.224383000336935], [121.06424600001606, 31.224676999572093], [121.06463800051606, 31.2263429999515], [121.07007300042122, 31.226990999660018], [121.0693609996285, 31.22902399990114], [121.07256500048025, 31.229550999994856], [121.07333699994447, 31.227987000036425], [121.07513499975207, 31.227702000032814], [121.0760589996788, 31.228424000406683], [121.0753939995249, 31.229518999562533], [121.07684100047581, 31.2297789998585], [121.07664000047548, 31.230499000337513], [121.07875100038126, 31.23085899969715], [121.08025699995405, 31.228958000260665], [121.0823460000342, 31.23014100005619], [121.08330700031358, 31.22968900009327], [121.08288599980573, 31.231471000404248], [121.08555400042424, 31.232513000283113], [121.08627500020259, 31.230063999715743], [121.09955499956617, 31.232222999871755], [121.09986299999186, 31.232437000179374], [121.10040400025281, 31.232520999714822], [121.100036999752, 31.23372499957247], [121.10185599978982, 31.233961000384387], [121.10162699974465, 31.235339999789172], [121.10324899974944, 31.235628000332106], [121.10438399973373, 31.232502999969604], [121.10314899994472, 31.23240600005823], [121.10308899972553, 31.22989999983859], [121.1022990000253, 31.22961199980272], [121.10238100040488, 31.232238000053062], [121.10012099977028, 31.232366999862325], [121.10093999957701, 31.231341000160626], [121.10060199959453, 31.227873000416007], [121.10255100046717, 31.22836899959199], [121.10267200016638, 31.227011999585912], [121.1006870004561, 31.22702099976469], [121.10100499954598, 31.22510299987796], [121.10252400051382, 31.22533700037946], [121.10320599997058, 31.22322799992459], [121.10784999993153, 31.223988999662062], [121.10937600030752, 31.223409000238977], [121.10940599969766, 31.221960999758185], [121.11097300045373, 31.222744999607926], [121.11209400015466, 31.221247999605716], [121.11190100037702, 31.219309999817963], [121.11629899972647, 31.22169699972937], [121.11728300037088, 31.22687900019863], [121.11826800006928, 31.226917999698017], [121.11866800033826, 31.22549799967206], [121.11915099992137, 31.226326000218492], [121.11936899980061, 31.225385000283648], [121.12130599997717, 31.225699000040592], [121.12214900049214, 31.22441999961319], [121.12477200028476, 31.224434000452693], [121.12441400051505, 31.223677000279988], [121.12724600033614, 31.224349000155204], [121.12731200045775, 31.22342499957897], [121.12840999996592, 31.223515999998234], [121.12836399947929, 31.224357000206716], [121.12949399998341, 31.224441000105557], [121.12987200012863, 31.223054999858668], [121.13218099956666, 31.2230149999207]]]}}, {"type": "Feature", "properties": {"NAME": "重固镇", "idx": 119}, "geometry": {"type": "Polygon", "coordinates": [[[121.18494099954675, 31.236140999567162], [121.18441900033363, 31.234589999905918], [121.18538800038594, 31.23357500005022], [121.18579299970477, 31.228276999562027], [121.18459300033498, 31.227073999563768], [121.1852249995799, 31.225857999579194], [121.18565699993171, 31.227013000223916], [121.18676500044556, 31.226813000362785], [121.18709200045708, 31.229145999789313], [121.18853299974944, 31.228961999944786], [121.19153900000519, 31.22665700042971], [121.19247900046535, 31.22704899981837], [121.191836000067, 31.22417799977122], [121.19326699994586, 31.22334200002936], [121.19671699968109, 31.22299699980161], [121.1975680003049, 31.2240500003865], [121.20169799956751, 31.22261000027767], [121.20133099973458, 31.220708000105702], [121.19939200035995, 31.221067999839946], [121.1993039999063, 31.219143999809464], [121.2004169996631, 31.219042000180124], [121.1997809996378, 31.216278000096818], [121.20041199968848, 31.2148120002878], [121.19874299960155, 31.21386700020511], [121.19994599980062, 31.21274699966495], [121.1967789997118, 31.210158000254165], [121.20007799951864, 31.207911999744887], [121.19914700036503, 31.20443100031578], [121.19839900020693, 31.204488000121348], [121.19887699965795, 31.202657000363], [121.19669300016879, 31.20206999972474], [121.19678600050284, 31.201363000274355], [121.20366499962994, 31.202660000373157], [121.20505999996163, 31.19617899987871], [121.20687200047547, 31.192688000051696], [121.20499000038737, 31.19186599994413], [121.20557900039773, 31.189039000147186], [121.19653600018371, 31.188496000227005], [121.19319599985045, 31.18649900017081], [121.19120599996593, 31.18241599970943], [121.18701399983514, 31.181834999692008], [121.18882800015261, 31.175968000169675], [121.19020500029326, 31.176088999877315], [121.19104300029113, 31.17440700014629], [121.19198599970292, 31.17477500026032], [121.1938309995976, 31.17217800029962], [121.19619200045696, 31.172493999728996], [121.1977679995961, 31.17122500001587], [121.19766800043944, 31.17006200014366], [121.1944549997425, 31.168719999869143], [121.19316999958954, 31.17175500039077], [121.19138799979534, 31.171911999935585], [121.18157000001096, 31.16910799996439], [121.1785150003906, 31.18517499956252], [121.1764759998522, 31.187675000177634], [121.17421900049452, 31.194046000057803], [121.17457100037852, 31.198647000115955], [121.17375900014717, 31.198725999880793], [121.1736740001921, 31.200144000447583], [121.1726609998418, 31.200046999862494], [121.17267899990502, 31.20196600002709], [121.17058099970436, 31.20153000035441], [121.17034600044626, 31.202435000419385], [121.17275099993235, 31.203238999932662], [121.17248400015447, 31.20514999979463], [121.16432100001553, 31.204514000437587], [121.16305600019831, 31.20783900010056], [121.15455499962454, 31.20685500043155], [121.15406500047636, 31.21343100003338], [121.1554620001146, 31.213110000275538], [121.15571800004696, 31.214885000074002], [121.1597520004473, 31.21507500016581], [121.16024699947835, 31.21759099996027], [121.15591699996497, 31.217722999673406], [121.15596199960872, 31.2208110004168], [121.15082499961261, 31.22004299989722], [121.15065300009968, 31.224026999571077], [121.14926899992079, 31.224162000272354], [121.14966099987258, 31.225828999700155], [121.14819800035441, 31.22699899992532], [121.14755399995737, 31.22572200025619], [121.14470299987404, 31.226401999775753], [121.14409999953676, 31.224551000011957], [121.1392369995926, 31.223765000362285], [121.13897199986711, 31.22147799980074], [121.13840999963588, 31.222217000434735], [121.13740700013602, 31.2213239996253], [121.13197800025384, 31.221858000087405], [121.13273600036536, 31.22264700012679], [121.13288199960998, 31.226913000030525], [121.13193100050047, 31.230253999747664], [121.13304399988067, 31.2302630004022], [121.13323300016405, 31.231353999723943], [121.13234800016917, 31.23294500004405], [121.13450600015753, 31.235015999600996], [121.13414300030887, 31.235974999828674], [121.1393910001967, 31.23556899978602], [121.13859600021856, 31.237469999813555], [121.14022100008866, 31.23734900041116], [121.1399589998584, 31.23990899956658], [121.14248800039647, 31.23902300037753], [121.14189599965842, 31.240184000312876], [121.14455200007124, 31.239266999573132], [121.1452650002881, 31.240931999969764], [121.14880700044799, 31.240303999600826], [121.15903200037259, 31.241909000179447], [121.16010800000834, 31.236601999796484], [121.15863700047639, 31.23608199982862], [121.1583560002086, 31.234253999785675], [121.16000499988509, 31.23284199958291], [121.15992799993488, 31.231696999959603], [121.1615630002618, 31.231804999784387], [121.16150500020969, 31.232798000176814], [121.16287400030247, 31.233571000261698], [121.16238500030155, 31.23582900030635], [121.1647359997943, 31.237846999653122], [121.16534300012692, 31.24121499972366], [121.1675730002238, 31.238381000443823], [121.16862900015592, 31.238769999942484], [121.16948399997065, 31.236782999846174], [121.17068700042914, 31.237197000008646], [121.17120299970895, 31.236228000032543], [121.1740690002934, 31.2370050003106], [121.17483799958117, 31.235204000394035], [121.17194700044035, 31.234809999879868], [121.17409400036533, 31.233496000197942], [121.17473100038113, 31.23030799976151], [121.17511499989682, 31.231514000290012], [121.17642100051381, 31.231415000371765], [121.17679299995258, 31.232301000044885], [121.17816100042009, 31.2311210002733], [121.18169700018655, 31.231035000227486], [121.1812490003052, 31.231764000202016], [121.18230399951156, 31.23204699965202], [121.18213200017183, 31.23356899974522], [121.1829820002496, 31.233735999582024], [121.18001200036926, 31.234332000217503], [121.17939699970913, 31.235681000244355], [121.18006300034186, 31.237770999719817], [121.18397000038682, 31.236889000220838], [121.18295600003204, 31.236386999889188], [121.18392100034538, 31.23621300036826], [121.18395799960805, 31.23501399957978], [121.18494099954675, 31.236140999567162]]]}}, {"type": "Feature", "properties": {"NAME": "华新镇", "idx": 120}, "geometry": {"type": "Polygon", "coordinates": [[[121.22419100026399, 31.26480999973791], [121.23188399965112, 31.26445299997884], [121.23803400046866, 31.262338000227324], [121.24362499964802, 31.26352799957307], [121.24319099978152, 31.261879000116714], [121.24481399979422, 31.261943999790955], [121.24496299980548, 31.263438999553603], [121.24507299992028, 31.261736999912273], [121.24644499980293, 31.26043600018684], [121.24664200008068, 31.26229199988321], [121.2473750002806, 31.260603000347462], [121.24980099968764, 31.261494999999343], [121.24959200020092, 31.259938000294735], [121.24559900011238, 31.258330000128968], [121.24273500030749, 31.255321000381862], [121.24186800004524, 31.253686000219126], [121.24366500036258, 31.25297899979011], [121.24256499990639, 31.25331099958481], [121.24141799954154, 31.25101799958229], [121.2371110004724, 31.24931400006207], [121.2376900002968, 31.24865299962436], [121.23614800043849, 31.247282999861145], [121.23697899977647, 31.244907000224952], [121.23545899983537, 31.243220000349517], [121.23880900049173, 31.24230899963356], [121.24316300051754, 31.242908000248395], [121.24411600017697, 31.242080999929634], [121.2433029999632, 31.241379999562277], [121.24494700016875, 31.23977799980444], [121.24431199965011, 31.239397000437705], [121.24533299954842, 31.23854300042869], [121.24627200013565, 31.24017199975504], [121.24891699971167, 31.238452999770267], [121.24832800048338, 31.23814899981322], [121.24978200005832, 31.236512000296337], [121.2491300001886, 31.23512000030293], [121.25318500014423, 31.23194999982334], [121.2525630005182, 31.231287999863042], [121.25350899951032, 31.229147000251945], [121.25190499983539, 31.228439000365697], [121.25397499947547, 31.224205000113823], [121.25297099978611, 31.222426999853692], [121.25465500002787, 31.22016100031563], [121.25540300002768, 31.220361999622803], [121.2569199996586, 31.21710199985227], [121.25483000031807, 31.21502399955895], [121.25758600008143, 31.212521999818197], [121.25661699977387, 31.21071900010663], [121.25493100019361, 31.21057599956213], [121.25339099971227, 31.20866599970259], [121.24942400005718, 31.209521000091975], [121.24809399963429, 31.20896100041025], [121.2511940004504, 31.205765999765582], [121.2496900004726, 31.20398200036135], [121.25073000051273, 31.200823000258982], [121.24853799995185, 31.19949399960938], [121.24871300014208, 31.197436000442906], [121.24982600010469, 31.196406999937707], [121.25255799963661, 31.195821999673623], [121.25056199996524, 31.192282000054156], [121.25179799965741, 31.19125999999006], [121.24835699997205, 31.18961300006077], [121.24734700032519, 31.18755000004036], [121.24483700022277, 31.188594999903145], [121.2426380002138, 31.186872000371093], [121.24085399986508, 31.18770599997097], [121.2413679995846, 31.18650699966646], [121.24018000008691, 31.185367999761624], [121.2321380002197, 31.18474700040384], [121.23086899990928, 31.182485999820727], [121.22768499955151, 31.183723999658636], [121.22582699996792, 31.180596000010024], [121.22420999994563, 31.18105700003876], [121.22302699982937, 31.17376100033089], [121.22384400040875, 31.17300699969171], [121.22276399979306, 31.172464000208333], [121.21948999953527, 31.17385199960067], [121.21394599971362, 31.174118000128022], [121.21440400015325, 31.179548999633788], [121.21347499969947, 31.181923000414326], [121.21101300049413, 31.181805999607054], [121.20932199971526, 31.18052700035974], [121.20879600014507, 31.182263000077313], [121.20876999964592, 31.180400999995996], [121.20264500017119, 31.17890699992906], [121.20306299987519, 31.175933999564975], [121.19749900017891, 31.174153000356284], [121.19796999996683, 31.172827999642525], [121.19657600050715, 31.172193999825183], [121.1938309995976, 31.17217800029962], [121.19198599970292, 31.17477500026032], [121.19104300029113, 31.17440700014629], [121.19020500029326, 31.176088999877315], [121.18882800015261, 31.175968000169675], [121.18701399983514, 31.181834999692008], [121.19120599996593, 31.18241599970943], [121.19319599985045, 31.18649900017081], [121.19653600018371, 31.188496000227005], [121.20557900039773, 31.189039000147186], [121.20499000038737, 31.19186599994413], [121.20685800037835, 31.192594000263767], [121.20505999996163, 31.19617899987871], [121.20366499962994, 31.202660000373157], [121.19678600050284, 31.201363000274355], [121.19669300016879, 31.20206999972474], [121.19887699965795, 31.202657000363], [121.19839900020693, 31.204488000121348], [121.19914700036503, 31.20443100031578], [121.20007799951864, 31.207911999744887], [121.1967789997118, 31.210158000254165], [121.19994599980062, 31.21274699966495], [121.19874299960155, 31.21386700020511], [121.20041199968848, 31.2148120002878], [121.1997809996378, 31.216278000096818], [121.2004169996631, 31.219042000180124], [121.1993039999063, 31.219143999809464], [121.19939200035995, 31.221067999839946], [121.20133099973458, 31.220708000105702], [121.20169799956751, 31.22261000027767], [121.1975680003049, 31.2240500003865], [121.19671699968109, 31.22299699980161], [121.19326699994586, 31.22334200002936], [121.191836000067, 31.22417799977122], [121.19247900046535, 31.22704899981837], [121.19153900000519, 31.22665700042971], [121.18853299974944, 31.228961999944786], [121.18709200045708, 31.229145999789313], [121.18676500044556, 31.226813000362785], [121.18544100017358, 31.22687499974565], [121.18555499949598, 31.22589000015409], [121.1847630001003, 31.226470000263777], [121.18579299970477, 31.228276999562027], [121.18538800038594, 31.23357500005022], [121.18441900033363, 31.234589999905918], [121.18492999947613, 31.23784599997671], [121.18396499969663, 31.239099000346684], [121.18557299993175, 31.24152999984847], [121.18453999981462, 31.243024000294195], [121.1855050005118, 31.24457000041025], [121.18386200033528, 31.247025000418994], [121.1844949997233, 31.247667000046814], [121.18382500051602, 31.24869000016777], [121.18473299959221, 31.249007999672834], [121.18274899968398, 31.25215399962252], [121.17913799959406, 31.253647999589436], [121.18004700009323, 31.254740999941507], [121.18279299989842, 31.25460900001909], [121.18257000049739, 31.255999000185486], [121.18405600049182, 31.25711700007573], [121.18482700017172, 31.25624700036787], [121.18763600009329, 31.256165999992227], [121.18798999991662, 31.254437999816368], [121.18900399974792, 31.254296000389278], [121.18812800043743, 31.254030999875667], [121.18852099974492, 31.25321200041712], [121.19117799985025, 31.253252000396543], [121.19097200000908, 31.255529000100683], [121.19012600011489, 31.255900000118576], [121.19200600014838, 31.256830999870747], [121.19273099947425, 31.255872000068848], [121.19506999955377, 31.25733899989696], [121.19613100014365, 31.256731000253435], [121.20173900001356, 31.262030000184033], [121.2037639999438, 31.259535999725824], [121.20499700011524, 31.25994400000835], [121.20430000050018, 31.2613580003501], [121.20577799970374, 31.26326000023049], [121.20664400017766, 31.26212100029663], [121.20854399980851, 31.262551999866446], [121.2076500003961, 31.261773000430427], [121.20946100028941, 31.258154999842667], [121.20863099969876, 31.257872000404877], [121.2093740000622, 31.25634300031139], [121.21243700038323, 31.257549999636613], [121.21290299999491, 31.25535800003837], [121.21361099982268, 31.255409999684463], [121.2137499996175, 31.258021000375454], [121.21619799994774, 31.25836300041187], [121.2153990003097, 31.259322999801963], [121.218140000364, 31.260208999997445], [121.21902699983511, 31.263559999562943], [121.22135999985449, 31.26285799996533], [121.22429600045754, 31.26368700044213], [121.22419100026399, 31.26480999973791]]]}}, {"type": "Feature", "properties": {"NAME": "白鹤镇", "idx": 121}, "geometry": {"type": "Polygon", "coordinates": [[[121.09005200010448, 31.288913000428543], [121.09396099991925, 31.278057999992285], [121.10071900015248, 31.275574999816563], [121.10063700036963, 31.27697700022187], [121.09856400042598, 31.277277999749725], [121.10191199957592, 31.278798999866822], [121.10089700027824, 31.280874999817208], [121.10234099947955, 31.279083000009344], [121.10449999964827, 31.281640999567777], [121.10354100012222, 31.28264299960894], [121.10475099998357, 31.282065000382346], [121.1095540003727, 31.28672500008414], [121.10937899989536, 31.287484000393803], [121.1154029999661, 31.28668199994026], [121.11562899985168, 31.28873800009425], [121.11648999978226, 31.28854599985563], [121.11619200000112, 31.287737999847526], [121.12028299971485, 31.286429000171683], [121.11947299988094, 31.285037000116027], [121.12241300039108, 31.283962999720313], [121.12228299973206, 31.28299900023488], [121.12612799957095, 31.282084999636165], [121.12666100017498, 31.283261999637695], [121.1291820004854, 31.282101999642727], [121.1287379999832, 31.280875999949217], [121.1302980002199, 31.280128999872353], [121.13088700016485, 31.281544000093426], [121.13299699989119, 31.28090099968916], [121.13261000045478, 31.279428999813895], [121.13378900047832, 31.278684999973613], [121.13612399959163, 31.278337999620394], [121.13635999985816, 31.27980400001228], [121.1379969995038, 31.279640000398068], [121.13792400046935, 31.277591999621624], [121.13894399995844, 31.27709699985679], [121.14593800003398, 31.27751000037459], [121.14857099982987, 31.278753000141318], [121.14915299998229, 31.2764849998408], [121.14707600050106, 31.269846999766873], [121.14761199993143, 31.269070000250228], [121.15045200049472, 31.26829600010708], [121.15232900045726, 31.27291400020212], [121.15620200047191, 31.269867000058557], [121.1569710003268, 31.27219099962399], [121.16330099996142, 31.264021000290427], [121.16339900007938, 31.26156700032339], [121.16536999976492, 31.261216000142536], [121.16524199950659, 31.260043999620127], [121.16330499987731, 31.25976500033303], [121.16370800020262, 31.25829299982023], [121.16533000007112, 31.258514999869266], [121.16687499971131, 31.25710099976959], [121.16903399983507, 31.259334000207357], [121.17197900024341, 31.256705000382013], [121.17292599978832, 31.258328000433753], [121.1738799997314, 31.257844000200777], [121.17289300048674, 31.25697800005616], [121.17402599999686, 31.256541000306715], [121.17407100002347, 31.25541099966031], [121.17680900049817, 31.256665000430726], [121.17913799959406, 31.253647999589436], [121.18370900013399, 31.25131200005701], [121.18473299959221, 31.249007999672834], [121.18382500051602, 31.24869000016777], [121.1844949997233, 31.247667000046814], [121.18386200033528, 31.247025000418994], [121.1855050005118, 31.24457000041025], [121.18453999981462, 31.243024000294195], [121.18557299993175, 31.24152999984847], [121.18396499969663, 31.239099000346684], [121.18494099954675, 31.236140999567162], [121.18395799960805, 31.23501399957978], [121.18392100034538, 31.23621300036826], [121.18295600003204, 31.236386999889188], [121.18397000038682, 31.236889000220838], [121.18006300034186, 31.237770999719817], [121.17939699970913, 31.235681000244355], [121.18001200036926, 31.234332000217503], [121.1829820002496, 31.233735999582024], [121.18213200017183, 31.23356899974522], [121.18230399951156, 31.23204699965202], [121.1812490003052, 31.231764000202016], [121.18169700018655, 31.231035000227486], [121.17816100042009, 31.2311210002733], [121.17679299995258, 31.232301000044885], [121.17642100051381, 31.231415000371765], [121.17511499989682, 31.231514000290012], [121.17473100038113, 31.23030799976151], [121.17409400036533, 31.233496000197942], [121.17194700044035, 31.234809999879868], [121.17483799958117, 31.235204000394035], [121.1740690002934, 31.2370050003106], [121.17120299970895, 31.236228000032543], [121.17068700042914, 31.237197000008646], [121.16948399997065, 31.236782999846174], [121.16862900015592, 31.238769999942484], [121.1675730002238, 31.238381000443823], [121.16534300012692, 31.24121499972366], [121.1647359997943, 31.237846999653122], [121.16238500030155, 31.23582900030635], [121.16287400030247, 31.233571000261698], [121.16150500020969, 31.232798000176814], [121.1615630002618, 31.231804999784387], [121.15992799993488, 31.231696999959603], [121.16000499988509, 31.23284199958291], [121.1583560002086, 31.234253999785675], [121.15863700047639, 31.23608199982862], [121.16010800000834, 31.236601999796484], [121.15903200037259, 31.241909000179447], [121.14880700044799, 31.240303999600826], [121.1452650002881, 31.240931999969764], [121.14455200007124, 31.239266999573132], [121.14189599965842, 31.240184000312876], [121.14248800039647, 31.23902300037753], [121.1399589998584, 31.23990899956658], [121.14022100008866, 31.23734900041116], [121.13859600021856, 31.237469999813555], [121.1393910001967, 31.23556899978602], [121.13414300030887, 31.235974999828674], [121.13450600015753, 31.235015999600996], [121.13234800016917, 31.23294500004405], [121.13323300016405, 31.231353999723943], [121.13304399988067, 31.2302630004022], [121.13193100050047, 31.230253999747664], [121.13288199960998, 31.226913000030525], [121.13218099956666, 31.2230149999207], [121.12987200012863, 31.223054999858668], [121.12949399998341, 31.224441000105557], [121.12836399947929, 31.224357000206716], [121.12840999996592, 31.223515999998234], [121.12731200045775, 31.22342499957897], [121.12724600033614, 31.224349000155204], [121.12441400051505, 31.223677000279988], [121.12477200028476, 31.224434000452693], [121.12214900049214, 31.22441999961319], [121.12130599997717, 31.225699000040592], [121.11936899980061, 31.225385000283648], [121.11915099992137, 31.226326000218492], [121.11866800033826, 31.22549799967206], [121.11826800006928, 31.226917999698017], [121.11728300037088, 31.22687900019863], [121.11629899972647, 31.22169699972937], [121.1152029998346, 31.22177900037036], [121.11205800013121, 31.21929699984039], [121.11209400015466, 31.221247999605716], [121.11097300045373, 31.222744999607926], [121.10940599969766, 31.221960999758185], [121.10937600030752, 31.223409000238977], [121.10784999993153, 31.223988999662062], [121.10320599997058, 31.22322799992459], [121.10252400051382, 31.22533700037946], [121.10100499954598, 31.22510299987796], [121.1006870004561, 31.22702099976469], [121.10267200016638, 31.227011999585912], [121.10255100046717, 31.22836899959199], [121.10060199959453, 31.227873000416007], [121.10093999957701, 31.231341000160626], [121.10012099977028, 31.232366999862325], [121.10238100040488, 31.232238000053062], [121.1022990000253, 31.22961199980272], [121.10308899972553, 31.22989999983859], [121.10314899994472, 31.23240600005823], [121.10438399973373, 31.232502999969604], [121.10324899974944, 31.235628000332106], [121.10162699974465, 31.235339999789172], [121.10185599978982, 31.233961000384387], [121.100036999752, 31.23372499957247], [121.10040400025281, 31.232520999714822], [121.09955499956617, 31.232222999871755], [121.08627500020259, 31.230063999715743], [121.08555400042424, 31.232513000283113], [121.08288599980573, 31.231471000404248], [121.08330700031358, 31.22968900009327], [121.0823460000342, 31.23014100005619], [121.08025699995405, 31.228958000260665], [121.07875100038126, 31.23085899969715], [121.07664000047548, 31.230499000337513], [121.07684100047581, 31.2297789998585], [121.0753939995249, 31.229518999562533], [121.0760589996788, 31.228424000406683], [121.07513499975207, 31.227702000032814], [121.07333699994447, 31.227987000036425], [121.07256500048025, 31.229550999994856], [121.0693609996285, 31.22902399990114], [121.07007300042122, 31.226990999660018], [121.06463800051606, 31.2263429999515], [121.06424600001606, 31.224676999572093], [121.06243700023408, 31.224383000336935], [121.06215100003713, 31.225858999831118], [121.05840000049949, 31.22521000039263], [121.05749799986718, 31.229337000442175], [121.05974499973254, 31.229360999732403], [121.05927999984111, 31.23278199988747], [121.06250400025147, 31.233266000024322], [121.0623869997025, 31.23498200025764], [121.05915299997551, 31.234921999787602], [121.05849699987716, 31.237092000090758], [121.05688200042634, 31.23676899984616], [121.05602399962393, 31.23961299983426], [121.05616800050939, 31.24042599998852], [121.0584439996883, 31.24077400037896], [121.05819800017163, 31.24419699968909], [121.05981000021023, 31.244237999905543], [121.05889900042027, 31.24547600030447], [121.0590179996158, 31.248099000230283], [121.05698500010185, 31.24861500040725], [121.05628900016448, 31.247279000334167], [121.05388300031944, 31.248475999708642], [121.05205099994664, 31.248188000391583], [121.0528400004619, 31.249278000097927], [121.05617699987, 31.24858499999227], [121.05651500024024, 31.24987899985989], [121.05607700036835, 31.2571579997179], [121.05728000045417, 31.25968599983565], [121.05725699961538, 31.269956999572976], [121.0743809999844, 31.271593999627004], [121.07760099997975, 31.273644000308852], [121.07971900043603, 31.277658999978417], [121.0762340001932, 31.27897299999095], [121.07637199974647, 31.280152999877778], [121.08252200014046, 31.29412800004059], [121.08512100007859, 31.29382499994318], [121.087095999862, 31.291267000438793], [121.08839099999621, 31.291631999803602], [121.08808299950117, 31.289949999703293], [121.09005200010448, 31.288913000428543]]]}}, {"type": "Feature", "properties": {"NAME": "泖港镇", "idx": 122}, "geometry": {"type": "Polygon", "coordinates": [[[121.12889599999654, 30.969050999833577], [121.14847500049535, 30.962844999574084], [121.15581200014712, 30.962355000007438], [121.16277100040345, 30.95722299967386], [121.17403999999378, 30.95707700009136], [121.19754500000286, 30.952709999734907], [121.21264000005851, 30.94742200040372], [121.21475999982044, 30.947947000416736], [121.2162989997656, 30.95011900006781], [121.21647899978491, 30.960087999683186], [121.21798700031914, 30.962518000142556], [121.22077899948329, 30.96327099990169], [121.23535799994603, 30.963173999870087], [121.234180999626, 30.957207999660298], [121.23759900043105, 30.95386499961337], [121.236563999666, 30.953563000100793], [121.23691600028819, 30.952739999713955], [121.23461199991054, 30.952060999670913], [121.23472099953418, 30.95086399980499], [121.23696599987441, 30.951239999773946], [121.23746600034696, 30.949776000258733], [121.23890800004557, 30.94997800021364], [121.23953700034136, 30.946502999662453], [121.24245199958025, 30.94613200002229], [121.2430550000098, 30.945134000176168], [121.24323400030363, 30.9435279998424], [121.24176499979671, 30.942455999971298], [121.24197200045589, 30.940736999805438], [121.24060800043166, 30.93773400036358], [121.2422820004572, 30.932338999751927], [121.24084999948752, 30.93085400037671], [121.23923499979374, 30.931171999895085], [121.23906900014785, 30.92863599962523], [121.23344299992931, 30.92729999994263], [121.23232300010933, 30.92860800010473], [121.23028299964321, 30.92841200002529], [121.22998999981176, 30.930982999612223], [121.2225220003789, 30.92902299989844], [121.21855099983156, 30.932783999865553], [121.20428299956862, 30.922441999555488], [121.19331900045715, 30.91984800016558], [121.18434099963987, 30.919098999933734], [121.17837599967682, 30.917226999845546], [121.16651400013517, 30.91670300030974], [121.16241200049201, 30.918985999968648], [121.15994899994104, 30.921932000448944], [121.15322599983449, 30.922271999920287], [121.15187700018586, 30.92041899955622], [121.15156500033798, 30.91259799986337], [121.14879700005527, 30.913480999585353], [121.14792700040242, 30.91251400012673], [121.14686800045808, 30.91356700017769], [121.14514199961721, 30.913442999654908], [121.14505299986993, 30.914803999609063], [121.13805300046839, 30.917050000284164], [121.13869000003501, 30.917708000249718], [121.13738699998218, 30.917726000308043], [121.13731299987006, 30.91885199996519], [121.13848099986728, 30.92025900002553], [121.13706600015114, 30.921462999761165], [121.13438599980127, 30.921843000378832], [121.13263300040585, 30.915159000030982], [121.1330129997794, 30.913592000044698], [121.13545100005479, 30.912416999749208], [121.13484899953379, 30.90935900024871], [121.13634099985421, 30.906852000177448], [121.13654399975944, 30.903273000032794], [121.1297499996196, 30.90415900011821], [121.12905399957553, 30.902246000375705], [121.12750200007625, 30.902631000245727], [121.12705200003666, 30.901951000149065], [121.12531300038306, 30.90486199973305], [121.11891399974851, 30.905338999636662], [121.1176389996567, 30.903356000398198], [121.1133790002518, 30.90377200027161], [121.10875300016008, 30.899614999695782], [121.10622799990809, 30.901206000167143], [121.10600499969436, 30.90283899988507], [121.11146900019492, 30.910606000204385], [121.11255199952426, 30.91037700002329], [121.11321599991493, 30.91285200012372], [121.11492600028387, 30.912488999664916], [121.11676000015161, 30.92202600025088], [121.10963500011525, 30.92383900020573], [121.10872499972288, 30.923224000072878], [121.10579700005788, 30.924535000345927], [121.10403199968819, 30.922958000284], [121.10053800043356, 30.92194400009423], [121.0997169997815, 30.92482300015569], [121.09573900022174, 30.928544000218903], [121.11259000017512, 30.947349000073316], [121.1129920001609, 30.949364000124113], [121.11005900045609, 30.949810999781583], [121.11151299960024, 30.957044000350624], [121.11090799993629, 30.961580000257538], [121.11573000050772, 30.961779999568023], [121.11617499996444, 30.969297000254038], [121.12889599999654, 30.969050999833577]]]}}, {"type": "Feature", "properties": {"NAME": "新浜镇", "idx": 123}, "geometry": {"type": "Polygon", "coordinates": [[[121.06020500006328, 30.956902999682544], [121.07196999977714, 30.957728999783185], [121.0719309995723, 30.959507000399668], [121.0743229997431, 30.960119999646167], [121.07405199978038, 30.961862999739576], [121.07617299989218, 30.962120000247467], [121.0755400001212, 30.963992999952], [121.08387399989708, 30.963996000405313], [121.08385900051265, 30.96604599988942], [121.09324400039948, 30.967725999624484], [121.09348800015353, 30.965816000340475], [121.09509499978348, 30.965972999984242], [121.09462000027062, 30.963443999864573], [121.10552800047446, 30.962014999659246], [121.10886799994212, 30.95504500014035], [121.11075400017313, 30.954349000280153], [121.11005900045609, 30.949810999781583], [121.1129920001609, 30.949364000124113], [121.1121729995354, 30.94663999974658], [121.087738999917, 30.919236999745177], [121.08463000030234, 30.91727599983917], [121.08445000015755, 30.914043999852424], [121.08541900018369, 30.91308599968713], [121.0878859995326, 30.912947000348414], [121.08930799979514, 30.911872000156308], [121.09165399951821, 30.912376999617617], [121.09110800010198, 30.910756999992376], [121.092701999946, 30.91089500006898], [121.09380399987616, 30.90975099998341], [121.0939369998754, 30.90697800031844], [121.09222500002404, 30.90661400045108], [121.09246299960473, 30.905230000212175], [121.08973399996925, 30.904525000397985], [121.0896650002687, 30.907131000133578], [121.08701700020578, 30.906806000220136], [121.08700800046488, 30.90551299975437], [121.08458799983174, 30.905400000285262], [121.08440400035748, 30.906300999801314], [121.08012200052464, 30.907191999845224], [121.07730200032019, 30.90633500026109], [121.07640600001154, 30.908200000256237], [121.0676320003401, 30.906935999857037], [121.06789700049511, 30.90521200039363], [121.06393600028309, 30.90404899967414], [121.06364399967096, 30.906537000389363], [121.04156100026715, 30.904287999744316], [121.03731300033957, 30.901301999650205], [121.03616300025065, 30.90686400031023], [121.03398900007824, 30.90424200034461], [121.03211000012828, 30.90405700005224], [121.02992699983807, 30.905103999859797], [121.03053200035477, 30.908402000187408], [121.02036899981906, 30.91147499975814], [121.02038000010806, 30.915256000176456], [121.02391199995544, 30.924616000272923], [121.02456100019414, 30.931127000165766], [121.02767800043326, 30.94199899989452], [121.02646700012443, 30.942138000008203], [121.02653500025782, 30.943563999924518], [121.02523699972251, 30.94338899968225], [121.02543300031857, 30.94627799990301], [121.02369200041345, 30.945772999586673], [121.02350100026213, 30.9480219998313], [121.02869800042677, 30.94898199964634], [121.0313449997852, 30.958956999612365], [121.03533099948359, 30.958232000306708], [121.03904800007145, 30.959418999633844], [121.03914999963845, 30.961141000054447], [121.03784999982932, 30.962245000372306], [121.04163700032947, 30.965565999591096], [121.03850399963659, 30.971273000008026], [121.04645000003747, 30.97136800011033], [121.04816099967017, 30.96630599969261], [121.05271700008886, 30.967217000418657], [121.05235300051655, 30.963736000248673], [121.05350999975244, 30.963006000269875], [121.05364600006203, 30.961184000131034], [121.05497699998408, 30.9610420002108], [121.05569900004699, 30.958468000040853], [121.06020500006328, 30.956902999682544]]]}}, {"type": "Feature", "properties": {"NAME": "叶榭镇", "idx": 124}, "geometry": {"type": "Polygon", "coordinates": [[[121.33981400048488, 30.978224000361408], [121.34729299979328, 30.97812699956112], [121.35536699968961, 30.980188999887336], [121.3565979999247, 30.97366800028628], [121.35615399966314, 30.967004999939046], [121.35849700018126, 30.960478000131193], [121.3578070003093, 30.950819000302427], [121.36085900000104, 30.949094000371584], [121.35982399976378, 30.947283000165513], [121.35697000035574, 30.94722499967117], [121.35639899950301, 30.94620700010883], [121.35801900034333, 30.93661000012396], [121.35482599971893, 30.936865000001774], [121.35273199981941, 30.93544400010766], [121.35076900000473, 30.93580399971575], [121.35049999971928, 30.932725999926205], [121.3490860003228, 30.93341600017692], [121.34660399998775, 30.932555000266262], [121.34765800022649, 30.93008799957803], [121.3473989999909, 30.92587600039752], [121.35066999970857, 30.923342000213815], [121.35129500010854, 30.921752000287576], [121.35090899991091, 30.918969999749834], [121.34720899999529, 30.915188999826846], [121.34435900007699, 30.914336999719676], [121.34286500043012, 30.915556000023486], [121.34178099959055, 30.915303000234886], [121.34070499980173, 30.91466800014712], [121.34171799966411, 30.91388700025612], [121.33971500014414, 30.912528999717992], [121.3404309995272, 30.91112599968814], [121.33540199972467, 30.911028999613137], [121.3318140001969, 30.90898300022835], [121.33055899999727, 30.910226999589064], [121.32912299969223, 30.909197000135375], [121.32825900047388, 30.91028800021816], [121.32633600009733, 30.909722999801563], [121.32568599955495, 30.91107300012652], [121.32358800006318, 30.91095500044245], [121.32301200023703, 30.91240499965158], [121.32237999951809, 30.911442000044243], [121.31833300036648, 30.91069399983556], [121.31664600032038, 30.911284999659532], [121.31531499981732, 30.913543999719035], [121.31310699968336, 30.913270999832246], [121.31307799998103, 30.91208100042386], [121.30961100041311, 30.91168499994798], [121.30856199960378, 30.91331799992807], [121.30740699997381, 30.91301799984131], [121.30666800013286, 30.911312999682803], [121.3062689999581, 30.912592999623794], [121.30295100030767, 30.912005999650468], [121.30191899994338, 30.91252599966554], [121.30173499959712, 30.91442800023813], [121.29867099959137, 30.914608000379566], [121.2983130001718, 30.911751999667807], [121.29726000027449, 30.911788999994368], [121.29731500034494, 30.910851999981382], [121.2936490005142, 30.912292000320825], [121.29194499994351, 30.91719200026036], [121.29005300012518, 30.917234999890034], [121.2900399996757, 30.92089400029148], [121.28414499959901, 30.919625000039442], [121.28483599983593, 30.91653300005123], [121.28375600046253, 30.912493000267652], [121.28549300024366, 30.9121290001875], [121.28523000025373, 30.910550999717156], [121.28607499985137, 30.910529999689533], [121.28485500031182, 30.90929700004857], [121.28595900008517, 30.90908900008138], [121.28632000021632, 30.906602000224158], [121.28628600047892, 30.905336999668048], [121.28544099968714, 30.905401999704747], [121.28545100050718, 30.90251500007038], [121.28359200012775, 30.902605000172883], [121.28354100017887, 30.89855000034979], [121.28124200015782, 30.897916000125896], [121.28075099957559, 30.899214000275858], [121.27761800017974, 30.899113000261178], [121.27731499977251, 30.896987000329332], [121.27626499994182, 30.89688300008311], [121.27493200005219, 30.896999000183552], [121.2742189997154, 30.899777000380286], [121.27022599995267, 30.898295000020433], [121.2681030004251, 30.902817999826404], [121.265646999762, 30.90266099982805], [121.26454799961596, 30.904236000188707], [121.26154200029394, 30.90428699963931], [121.2624020005029, 30.90887899982369], [121.25794700026799, 30.90931299979828], [121.25775600026594, 30.91044600028001], [121.25447199975991, 30.909670999820662], [121.25362400013556, 30.910739000452264], [121.25133299955533, 30.910413999995185], [121.25014500008763, 30.912048000400112], [121.24424999996, 30.912658000124488], [121.2442500000381, 30.911791000423015], [121.24199099994672, 30.912325999729397], [121.24197199978403, 30.91125799957334], [121.23918000005418, 30.920269999750875], [121.24110999970735, 30.91944599980712], [121.2399259997421, 30.92097700038081], [121.24100099964805, 30.92133700031004], [121.24013799979748, 30.922758999739855], [121.23851699952493, 30.92224299980356], [121.23570600003274, 30.927760999634025], [121.23906900014785, 30.92863599962523], [121.23923499979374, 30.931171999895085], [121.24084999948752, 30.93085400037671], [121.2422820004572, 30.932338999751927], [121.24060800043166, 30.93773400036358], [121.24197200045589, 30.940736999805438], [121.24176499979671, 30.942455999971298], [121.24317799955843, 30.944352999690356], [121.24245199958025, 30.94613200002229], [121.23931600033565, 30.94679200040969], [121.23890800004557, 30.94997800021364], [121.23746600034696, 30.949776000258733], [121.23696599987441, 30.951239999773946], [121.23472099953418, 30.95086399980499], [121.23461199991054, 30.952060999670913], [121.23691600028819, 30.952739999713955], [121.236563999666, 30.953563000100793], [121.23759900043105, 30.95386499961337], [121.234180999626, 30.957207999660298], [121.23535799994603, 30.963173999870087], [121.23941000039082, 30.963398000112907], [121.24846800050003, 30.961505000255258], [121.25760799950062, 30.963163999607044], [121.2629729995557, 30.963170999826712], [121.26705399993088, 30.962308999794278], [121.27555100029804, 30.958364999934055], [121.28337799972883, 30.957970000166352], [121.28903099973759, 30.959875000011117], [121.29994499993165, 30.968242999632686], [121.31156199998193, 30.974127999859267], [121.32321700008222, 30.983082000204924], [121.32916499966018, 30.98270399968716], [121.33981400048488, 30.978224000361408]]]}}, {"type": "Feature", "properties": {"NAME": "石湖荡镇", "idx": 125}, "geometry": {"type": "Polygon", "coordinates": [[[121.12051600000179, 31.008207999786354], [121.12373299961317, 31.006194999550218], [121.13615100007826, 30.99068799982473], [121.14083599980017, 30.99308000020219], [121.16780700015124, 30.99860300024238], [121.17112600028587, 30.99866000042671], [121.17167899967252, 30.99647900019407], [121.17350200014543, 30.99540000007678], [121.17272500005889, 30.993309999923458], [121.17109600016109, 30.993288999587186], [121.17139000008869, 30.990380000216547], [121.18013400051208, 30.987602999965148], [121.18353500030506, 30.987718000100553], [121.18833500028317, 30.99081000013512], [121.19188499961636, 30.994460000228646], [121.19818900009089, 30.994343999946548], [121.19884200010739, 30.99341600024252], [121.19804300006948, 30.98796600012478], [121.20225400031048, 30.984867999569893], [121.20374799994929, 30.9799679998379], [121.19780700044043, 30.978194999814907], [121.20009100001771, 30.971076999707016], [121.19966699997987, 30.96470500041915], [121.20164399994347, 30.963728999651952], [121.20470799993802, 30.9638739998897], [121.21221599987713, 30.96589600030969], [121.21397900038026, 30.96260399988557], [121.2170740001825, 30.961577999766778], [121.21687200030718, 30.95385900021519], [121.21559399962474, 30.94888899965362], [121.21264000005851, 30.94742200040372], [121.19754500000286, 30.952709999734907], [121.17292200042174, 30.957221000333107], [121.16346900032451, 30.957057999920476], [121.15581200014712, 30.962355000007438], [121.14790300046296, 30.962978000371248], [121.12889599999654, 30.969050999833577], [121.11630399988617, 30.969402000102175], [121.11573000050772, 30.961779999568023], [121.11090799993629, 30.961580000257538], [121.11151299960024, 30.957044000350624], [121.11075400017313, 30.954349000280153], [121.10886799994212, 30.95504500014035], [121.10543100015188, 30.962080999653526], [121.09755799982364, 30.96246900020427], [121.09449500027942, 30.963509000163242], [121.09509499978348, 30.965972999984242], [121.09348800015353, 30.965816000340475], [121.09312000025069, 30.96839799984759], [121.09083099975021, 30.971062000254896], [121.09049999973097, 30.976110999619266], [121.09461300019963, 30.974952000136092], [121.09547399984447, 30.996919000362386], [121.0994799999427, 30.996990000082903], [121.09964999981234, 31.010292999560313], [121.09785800024409, 31.01336500017687], [121.10674900031509, 31.01305300010038], [121.11379499986761, 31.009051999979768], [121.12051600000179, 31.008207999786354]]]}}, {"type": "Feature", "properties": {"NAME": "永丰街道", "idx": 126}, "geometry": {"type": "Polygon", "coordinates": [[[121.1772390002952, 31.02225099965146], [121.2069940002315, 31.022023000081937], [121.21381500000729, 31.010822000431332], [121.21403400018033, 31.008154999775613], [121.2127490000341, 31.008068999965417], [121.2132760002415, 31.00555700018661], [121.21203900003904, 31.00487500024348], [121.21254599973048, 31.003114999548316], [121.23548600018307, 31.000289999675513], [121.235150000252, 30.99770700029048], [121.23105399981681, 30.990779000429136], [121.23191500023303, 30.98514500027304], [121.23067699995292, 30.982791999896598], [121.2313169999214, 30.980253000372144], [121.2306370004141, 30.977992999791784], [121.23314499974722, 30.975608999609637], [121.23553899971594, 30.97008999983142], [121.23320500036225, 30.965970999686665], [121.23347999993871, 30.96298900000816], [121.22042799964419, 30.963246999812725], [121.2170740001825, 30.961577999766778], [121.21397900038026, 30.96260399988557], [121.21217500032981, 30.965902999876732], [121.20470799993802, 30.9638739998897], [121.1999079995185, 30.964418000000517], [121.20009100001771, 30.971076999707016], [121.19780700044043, 30.978194999814907], [121.20374799994929, 30.9799679998379], [121.20225400031048, 30.984867999569893], [121.19804300006948, 30.98796600012478], [121.19884200010739, 30.99341600024252], [121.19818900009089, 30.994343999946548], [121.19172999988923, 30.994393999759986], [121.18833500028317, 30.99081000013512], [121.1829309999302, 30.987515000157842], [121.17139000008869, 30.990380000216547], [121.17109600016109, 30.993288999587186], [121.17272500005889, 30.993309999923458], [121.1727259995243, 30.99467700006042], [121.17352899999372, 30.994706999655392], [121.17275499980535, 30.99628099969155], [121.17167899967252, 30.99647900019407], [121.17114400004243, 30.99846799962714], [121.17107400009394, 30.999485999930986], [121.17273200031265, 30.999434000302738], [121.1731450002642, 31.00335200043469], [121.17158400046317, 31.00330999982956], [121.171406000415, 31.005809999802768], [121.1725260003812, 31.005813000209784], [121.17296699953009, 31.007575999679222], [121.1711479997001, 31.007452000433897], [121.1712120001788, 31.009884999608623], [121.17172900051732, 31.010734999695263], [121.17721999949543, 31.010885000284063], [121.17662500027784, 31.015287999739982], [121.17774300031566, 31.018335000123887], [121.1772390002952, 31.02225099965146]]]}}, {"type": "Feature", "properties": {"NAME": "岳阳街道", "idx": 127}, "geometry": {"type": "Polygon", "coordinates": [[[121.23771100012206, 31.022271000030607], [121.23548600018307, 31.000289999675513], [121.21254599973048, 31.003114999548316], [121.21203900003904, 31.00487500024348], [121.2132760002415, 31.00555700018661], [121.2127490000341, 31.008068999965417], [121.21403400018033, 31.008154999775613], [121.21381500000729, 31.010822000431332], [121.2069940002315, 31.022023000081937], [121.22820800022421, 31.022820000294235], [121.2357509994737, 31.025039000335184], [121.23771100012206, 31.022271000030607]]]}}, {"type": "Feature", "properties": {"NAME": "车墩镇", "idx": 128}, "geometry": {"type": "Polygon", "coordinates": [[[121.3032400003188, 31.0418319996572], [121.30546699950226, 31.041862999703053], [121.31755900041105, 31.016455000125912], [121.33360199950302, 31.0162349999247], [121.33630599991676, 31.015440999795516], [121.33781599966751, 31.01653399960492], [121.3388870002059, 31.016180000360865], [121.33503700001431, 31.011898000029092], [121.33377200004091, 31.00846299989346], [121.33038500022855, 31.00390399968563], [121.32605299969869, 30.99912400007292], [121.3224810003207, 30.99724699968642], [121.32130599958982, 30.98539600034921], [121.32247600041408, 30.982740000252086], [121.31115900051394, 30.973857000454593], [121.29994499993165, 30.968242999632686], [121.28603899968505, 30.9584549998022], [121.2764540004543, 30.95816799993197], [121.26705399993088, 30.962308999794278], [121.26215000045825, 30.963250000421937], [121.24846800050003, 30.961505000255258], [121.23897800048142, 30.963445000138172], [121.23347999993871, 30.96298900000816], [121.23320500036225, 30.965970999686665], [121.23553899971594, 30.97008999983142], [121.23314499974722, 30.975608999609637], [121.2306370004141, 30.977992999791784], [121.2313169999214, 30.980253000372144], [121.23067699995292, 30.982791999896598], [121.23191500023303, 30.98514500027304], [121.23105399981681, 30.990779000429136], [121.235150000252, 30.99770700029048], [121.23548600018307, 31.000289999675513], [121.24237700042254, 31.00031400026344], [121.24217899979108, 31.00164399966073], [121.24529600033937, 31.00140400040968], [121.2452309995414, 31.000706999680858], [121.2488659999177, 31.002053000228884], [121.25503399998242, 31.007333000423632], [121.25059300051304, 31.007599999837517], [121.25098800014699, 31.009391999965533], [121.25792500007613, 31.010095999571785], [121.25747100049898, 31.01158900009677], [121.25253999948684, 31.01149199959007], [121.25230100002433, 31.01294400001156], [121.25761200012444, 31.013094000280734], [121.25824200010716, 31.010044999816696], [121.26477500029229, 31.01601500004525], [121.26584600030742, 31.016032000037196], [121.26456600002315, 31.014379000281114], [121.26436799954251, 31.01089700002023], [121.26663800004583, 31.009238999691306], [121.28539300044434, 31.009691999772187], [121.29407000031169, 31.013445000412], [121.29353400009477, 31.01555300007009], [121.29703899998631, 31.017953000018018], [121.30106000038079, 31.01867700018525], [121.30124500011078, 31.02147999985432], [121.29774599955574, 31.021576000185714], [121.29778999977599, 31.02323999978379], [121.30211599953165, 31.02339499991274], [121.3022779999839, 31.026155000257653], [121.28939300006041, 31.025997000212545], [121.2896319996504, 31.02911299997852], [121.28561099981526, 31.029334000272534], [121.28846899962181, 31.035069000115794], [121.2877940004538, 31.037563000103386], [121.29148499989991, 31.03786799994185], [121.29261499969154, 31.041275000341752], [121.2967709994734, 31.04129000020749], [121.29780799975613, 31.042482999626273], [121.30320099973684, 31.042703999763948], [121.3032400003188, 31.0418319996572]]]}}, {"type": "Feature", "properties": {"NAME": "松江工业区", "idx": 129}, "geometry": {"type": "MultiPolygon", "coordinates": [[[[121.27414699960022, 31.04483700006314], [121.27650400049428, 31.042669000318963], [121.27722699976567, 31.043266999596007], [121.28006300029323, 31.040722000096657], [121.28050599955012, 31.041255999568076], [121.28624300033029, 31.036103000234974], [121.28807299992673, 31.037276999661003], [121.28830400015505, 31.034493999837615], [121.28561099981526, 31.029334000272534], [121.2896319996504, 31.02911299997852], [121.28939300006041, 31.025997000212545], [121.3022779999839, 31.026155000257653], [121.30211599953165, 31.02339499991274], [121.29778999977599, 31.02323999978379], [121.29774599955574, 31.021576000185714], [121.30124500011078, 31.02147999985432], [121.30106000038079, 31.01867700018525], [121.29701299947916, 31.0179420000597], [121.29350699959738, 31.015524999974765], [121.29408999962172, 31.013458999691842], [121.28565099977959, 31.00974599997907], [121.26678500006875, 31.00923200013666], [121.26431700002479, 31.011143000418244], [121.26459500007495, 31.014473999657515], [121.26584600030742, 31.016032000037196], [121.26477500029229, 31.01601500004525], [121.25824200010716, 31.010044999816696], [121.25761200012444, 31.013094000280734], [121.25373099964065, 31.013090000362688], [121.25728600012553, 31.01521200029885], [121.25664300016783, 31.019599999655902], [121.23945700024662, 31.019314000316683], [121.23715199954503, 31.025725000214173], [121.26555199977103, 31.039633999809897], [121.27414699960022, 31.04483700006314]]], [[[121.16374300003481, 31.05585200011091], [121.16646899975876, 31.04781500041751], [121.17192800026301, 31.043194999564975], [121.17319799997651, 31.035516999672904], [121.17275800004754, 31.03034800004265], [121.1774819994999, 31.02115000035515], [121.1776259998186, 31.017386000355273], [121.17662500027784, 31.015287999739982], [121.17721999949543, 31.010885000284063], [121.17142100035184, 31.010548000298886], [121.1711479997001, 31.007452000433897], [121.17296699953009, 31.007575999679222], [121.1725260003812, 31.005813000209784], [121.171406000415, 31.005809999802768], [121.17158400046317, 31.00330999982956], [121.1731450002642, 31.00335200043469], [121.17273200031265, 30.999434000302738], [121.15413499990834, 30.995574999687914], [121.14807799980719, 31.017514000170653], [121.13833300021983, 31.033745000182414], [121.13241300021775, 31.049485999912655], [121.13778799991685, 31.052886000102223], [121.13871799999431, 31.05119500003625], [121.14006400041438, 31.051792000330718], [121.14230800013449, 31.049746000219734], [121.14394599971732, 31.05045299987898], [121.1446710000264, 31.049718999829235], [121.14612500001846, 31.05038699980532], [121.14588499951725, 31.051017000350672], [121.15076100017646, 31.051870999729275], [121.15033800002269, 31.05286900033637], [121.15199999998093, 31.053496000399544], [121.15292500011515, 31.05211699966939], [121.16374300003481, 31.05585200011091]]], [[[121.32967500046232, 31.066956000342742], [121.3308499997402, 31.049862999900945], [121.32893900041658, 31.042342000099076], [121.32937199961718, 31.033588000410393], [121.32850200004225, 31.03233900030497], [121.32926100017129, 31.029225999692006], [121.328528000235, 31.026434999959502], [121.32919399948854, 31.02559000038752], [121.32844099965678, 31.023191999554733], [121.3290710003116, 31.017887999990496], [121.32842599983135, 31.016128999826307], [121.31755900041105, 31.016455000125912], [121.30546699950226, 31.041862999703053], [121.3032400003188, 31.0418319996572], [121.30315799979053, 31.043681999705406], [121.31334000007782, 31.043919000265358], [121.31377300050868, 31.052595000328427], [121.30676799989484, 31.05390200003987], [121.32967500046232, 31.066956000342742]]]]}}, {"type": "Feature", "properties": {"NAME": "小昆山镇", "idx": 130}, "geometry": {"type": "Polygon", "coordinates": [[[121.11362299993677, 31.0579279995809], [121.11354199966608, 31.060464000413273], [121.11546000045435, 31.060658999744543], [121.11583400005449, 31.05909999991942], [121.12113600018273, 31.05913999991551], [121.12406299953193, 31.06196899987982], [121.126012999821, 31.061811000358073], [121.12877300015755, 31.05513400011483], [121.1313789994937, 31.0526950003437], [121.13833300021983, 31.033745000182414], [121.14807799980719, 31.017514000170653], [121.15413499990834, 30.995574999687914], [121.14083599980017, 30.99308000020219], [121.13615100007826, 30.99068799982473], [121.12240199962679, 31.00735500030719], [121.11379499986761, 31.009051999979768], [121.10697699957076, 31.01299899958468], [121.09785800024409, 31.01336500017687], [121.08085800035488, 31.02724900019978], [121.08492400044673, 31.029778999642804], [121.08643099983348, 31.027552999644314], [121.09201700032791, 31.02816099993624], [121.09206999998032, 31.03330900019231], [121.09526700028354, 31.032965999707987], [121.09561499949426, 31.035327000415105], [121.09326599964074, 31.040767000267284], [121.09177500033337, 31.04026100024322], [121.0912000004324, 31.042239999649183], [121.08916699978053, 31.04180699979407], [121.08829899948692, 31.042706999561624], [121.08985700037196, 31.043703999804368], [121.09127200018052, 31.047047000119505], [121.08589500049324, 31.04992300022698], [121.08629899997666, 31.051457999777085], [121.0848379998076, 31.05203700036309], [121.08508699990374, 31.05371800007133], [121.08265500050491, 31.054722999588076], [121.08173000018841, 31.05225899983139], [121.08316499996127, 31.05137899983106], [121.08084300023704, 31.05248000003856], [121.0762950002688, 31.058392000401632], [121.07996000038999, 31.0604840002999], [121.07847499990494, 31.061790000114065], [121.08197299948988, 31.06311500005009], [121.08145700006723, 31.06505699982618], [121.08316699967834, 31.06638099966742], [121.08843400043354, 31.0662790000319], [121.08809200019206, 31.065155000422376], [121.08989699958742, 31.0637709995437], [121.08853100000096, 31.060207999832617], [121.08983900027177, 31.059565000417738], [121.089902000327, 31.05823399998472], [121.09408199970218, 31.058305999861666], [121.09492099993038, 31.057900999580482], [121.09509900004736, 31.05589699983959], [121.09645700015385, 31.055478000248232], [121.09782499959681, 31.059329999954517], [121.10380300038018, 31.0598969995949], [121.10403000041002, 31.058361000130144], [121.11362299993677, 31.0579279995809]]]}}, {"type": "Feature", "properties": {"NAME": "方松街道", "idx": 131}, "geometry": {"type": "Polygon", "coordinates": [[[121.17266999965085, 31.07179800018862], [121.23295100006527, 31.071190999814792], [121.234553999974, 31.048032999788745], [121.23736899991036, 31.039751999799584], [121.2357509994737, 31.025039000335184], [121.2265690001796, 31.022699000178754], [121.1772390002952, 31.02225099965146], [121.17275800004754, 31.03034800004265], [121.17319799997651, 31.035516999672904], [121.17192800026301, 31.043194999564975], [121.16759300048935, 31.04682700001505], [121.16552100027464, 31.069975999811387], [121.17266999965085, 31.07179800018862]]]}}, {"type": "Feature", "properties": {"NAME": "中山街道", "idx": 132}, "geometry": {"type": "Polygon", "coordinates": [[[121.25639799988254, 31.076820999828747], [121.25581199963698, 31.072773000224622], [121.2571519999768, 31.070889999950342], [121.25681199963495, 31.068256999698182], [121.27365900020745, 31.06481499959841], [121.27533200018763, 31.056551999585963], [121.27147800035561, 31.044854000257523], [121.27346900016074, 31.04440399984986], [121.26541800036402, 31.039565000043197], [121.23715199954503, 31.025725000214173], [121.23945700024662, 31.019314000316683], [121.25664300016783, 31.019599999655902], [121.25728600012553, 31.01521200029885], [121.25365499966863, 31.01374100016296], [121.25376100006537, 31.012828999960494], [121.25230100002433, 31.01294400001156], [121.25226399962175, 31.011790999716446], [121.25747100049898, 31.01158900009677], [121.25793100046937, 31.010179999736184], [121.25098800014699, 31.009391999965533], [121.25059300051304, 31.007599999837517], [121.25503399998242, 31.007333000423632], [121.24765999984166, 31.00142100033364], [121.2452309995414, 31.000706999680858], [121.24529600033937, 31.00140400040968], [121.24217899979108, 31.00164399966073], [121.24237700042254, 31.00031400026344], [121.23548600018307, 31.000289999675513], [121.23800500031746, 31.02076400024457], [121.23553600000135, 31.025818000361546], [121.23693599957909, 31.03063400012473], [121.23648299976841, 31.035573999883784], [121.23740199993122, 31.03919900004501], [121.23446899965884, 31.048699000048202], [121.2329100003406, 31.06312799974017], [121.23331299999406, 31.07469499974705], [121.24158700009001, 31.074353000113863], [121.24126899973201, 31.076312999556112], [121.24221799970262, 31.07630899965067], [121.2423490001607, 31.077288000339404], [121.24702199978728, 31.076110000122387], [121.25639799988254, 31.076820999828747]]]}}, {"type": "Feature", "properties": {"NAME": "新桥镇", "idx": 133}, "geometry": {"type": "Polygon", "coordinates": [[[121.366918999795, 31.081360999743985], [121.36526100020811, 31.080049000346882], [121.36412099973329, 31.081244000216234], [121.35871500008751, 31.07834799990216], [121.35927099999982, 31.076012999647308], [121.35708600004973, 31.07472200022798], [121.35940099954259, 31.07196900042073], [121.35839200039145, 31.0715560001148], [121.35869599955474, 31.070676999780122], [121.35182099955793, 31.068835000286327], [121.35311300044914, 31.065919000045117], [121.35186799968771, 31.065150999566065], [121.33772599975403, 31.060994000024554], [121.33693100025258, 31.065310999815463], [121.33323800035339, 31.063581000129616], [121.331927000201, 31.063961000055883], [121.32967500046232, 31.066956000342742], [121.30826299974079, 31.05499200005441], [121.30676799989484, 31.05390200003987], [121.31377300050868, 31.052595000328427], [121.31330600012255, 31.043899999766865], [121.30757199981998, 31.044265000186847], [121.30315799979053, 31.043681999705406], [121.30320099973684, 31.042703999763948], [121.29780799975613, 31.042482999626273], [121.2967709994734, 31.04129000020749], [121.29261499969154, 31.041275000341752], [121.29148499989991, 31.03786799994185], [121.28812100051374, 31.03773000018015], [121.28624300033029, 31.036103000234974], [121.27722699976567, 31.043266999596007], [121.27650400049428, 31.042669000318963], [121.27414699960022, 31.04483700006314], [121.27147800035561, 31.044854000257523], [121.27533200018763, 31.056551999585963], [121.27287999960228, 31.069591999622013], [121.27597099979063, 31.069374000221494], [121.27738699980826, 31.078184000048225], [121.27981900036778, 31.078716999610972], [121.27939800002473, 31.082806999990776], [121.28837199972541, 31.084518999635108], [121.28988999975604, 31.08243300037291], [121.29735099965019, 31.083103000291352], [121.2964710001026, 31.079135999751422], [121.29704199965698, 31.078641000258123], [121.29992099955936, 31.077754999981774], [121.30007399949827, 31.078973999964717], [121.303058999803, 31.07863099988266], [121.30460200018285, 31.08089600035096], [121.3041339994876, 31.09027900030847], [121.30552100037204, 31.093118000401386], [121.30764800003583, 31.094230000185664], [121.30968999961799, 31.0938619997491], [121.31792900004139, 31.100071999596793], [121.31793400034361, 31.10129399960338], [121.31659199949772, 31.10028500012883], [121.3154060003805, 31.102271000039746], [121.31636199956348, 31.103096999778348], [121.3171760001617, 31.10201400039587], [121.31912099965986, 31.102834999769627], [121.32426699993083, 31.09557700027157], [121.32916500022135, 31.097528999579353], [121.32844499953701, 31.098741999945887], [121.33019899961951, 31.099419000041625], [121.32949600014807, 31.10071799967787], [121.33045899966092, 31.1017370002599], [121.33326199953672, 31.10217699990457], [121.33592300003788, 31.104100000343387], [121.34000699978178, 31.098439000135077], [121.3535140001115, 31.102573000389288], [121.35424199962608, 31.101513000310952], [121.3577599996231, 31.102340999798436], [121.36123900032042, 31.09569800015611], [121.36114500051208, 31.093078000221045], [121.36263200013066, 31.09236899993727], [121.3663829997571, 31.08488499963513], [121.366918999795, 31.081360999743985]]]}}, {"type": "Feature", "properties": {"NAME": "洞泾镇", "idx": 134}, "geometry": {"type": "Polygon", "coordinates": [[[121.2744400003179, 31.105920999787504], [121.27853799968393, 31.10667600041398], [121.27709700041964, 31.10045400010111], [121.28381700024737, 31.10087999984038], [121.28678399991702, 31.100079999726667], [121.2869340002546, 31.097806999895408], [121.2899059996526, 31.097933000156527], [121.29044600041337, 31.09550799977642], [121.29157900015228, 31.095618000055907], [121.29216599972642, 31.093798999712398], [121.29316100010867, 31.093770000243914], [121.29203700009877, 31.093283999652794], [121.29353699948844, 31.088929000251163], [121.29927500047387, 31.08874500006744], [121.29920899963881, 31.089830999903178], [121.30117900047908, 31.08994999968139], [121.3009510005065, 31.09122300003582], [121.30282599997788, 31.091383000059142], [121.3041640004856, 31.09038599994181], [121.30465699994166, 31.081257999613104], [121.303058999803, 31.07863099988266], [121.30007399949827, 31.078973999964717], [121.29992099955936, 31.077754999981774], [121.29704199965698, 31.078641000258123], [121.2964710001026, 31.079135999751422], [121.29735099965019, 31.083103000291352], [121.28988999975604, 31.08243300037291], [121.28837199972541, 31.084518999635108], [121.27939800002473, 31.082806999990776], [121.27981900036778, 31.078716999610972], [121.27738699980826, 31.078184000048225], [121.27597099979063, 31.069374000221494], [121.27287999960228, 31.069591999622013], [121.27365900020745, 31.06481499959841], [121.25681199963495, 31.068256999698182], [121.2571519999768, 31.070889999950342], [121.25581199963698, 31.072773000224622], [121.25639799988254, 31.076820999828747], [121.24702199978728, 31.076110000122387], [121.2423490001607, 31.077288000339404], [121.24221799970262, 31.07630899965067], [121.24126899973201, 31.076312999556112], [121.24158700009001, 31.074353000113863], [121.23331299999406, 31.07469499974705], [121.23295100006527, 31.071190999814792], [121.21200000018598, 31.07145000015876], [121.21070399967894, 31.073221999928588], [121.2130859995156, 31.07557100009209], [121.21236099966445, 31.07639099970481], [121.2136039995166, 31.077030999786086], [121.21355900033761, 31.079112999848395], [121.21633000004157, 31.079009999791793], [121.21626300010061, 31.082616999571965], [121.21839000035129, 31.082434000214484], [121.2184440004697, 31.08378700032352], [121.2161969999483, 31.08404799963669], [121.21470800011745, 31.086390000242933], [121.21434599953368, 31.09063500030675], [121.21780099952078, 31.09050100027657], [121.21972300044041, 31.091415999911117], [121.21901400027672, 31.092068000365785], [121.22013300005224, 31.092847999685], [121.21895000047796, 31.09355000004559], [121.22188199973633, 31.096018999998417], [121.22270699965435, 31.10018799992224], [121.22560199977207, 31.10032200012903], [121.22485499962882, 31.103865999610235], [121.2256679996586, 31.103054000327486], [121.22924900006277, 31.103174999897536], [121.22926999954964, 31.104211000427984], [121.23571100002674, 31.104888999701785], [121.23764700018253, 31.09923100035456], [121.23900700007049, 31.09905199977514], [121.24085100041731, 31.10012099981654], [121.24800500010689, 31.10024599979752], [121.24835199994445, 31.101763000239966], [121.25108099967646, 31.101979000089393], [121.25050200034428, 31.103915000185708], [121.25134300030847, 31.104183999916405], [121.2562579995847, 31.10415899995078], [121.2613740000075, 31.10208000011539], [121.262653000285, 31.106414000386415], [121.26202800040082, 31.10795099978537], [121.26351100017679, 31.107914000228504], [121.26292999990308, 31.107051000142672], [121.26580099976248, 31.10701000026656], [121.26796099982153, 31.109900000098136], [121.27013600034238, 31.110790999810728], [121.27174300001775, 31.10776599985995], [121.2747950000617, 31.1079289999712], [121.2744400003179, 31.105920999787504]]]}}, {"type": "Feature", "properties": {"NAME": "泗泾镇", "idx": 135}, "geometry": {"type": "Polygon", "coordinates": [[[121.26125900043823, 31.13853700044386], [121.28286900044532, 31.133890999910964], [121.28330199990481, 31.13461199983583], [121.29593599967495, 31.13071000031419], [121.29834500023165, 31.133211999883535], [121.29980000049213, 31.13225399978706], [121.30069100040676, 31.129516999559204], [121.29601499970553, 31.125623999824093], [121.2938920001158, 31.119205999981236], [121.29580500024271, 31.11313600044954], [121.29566900003576, 31.109560999832404], [121.29473200000231, 31.10941299994697], [121.2948680003669, 31.108489999995218], [121.29742499963476, 31.10887300043194], [121.29781799968457, 31.108142999997433], [121.29635399963054, 31.10826200035957], [121.29656200047881, 31.107207000055244], [121.2982100003628, 31.106430000014598], [121.29824799993952, 31.104873000215576], [121.30428999957314, 31.09626200042292], [121.30552100037204, 31.093118000401386], [121.3041640004856, 31.09038599994181], [121.30282599997788, 31.091383000059142], [121.3009510005065, 31.09122300003582], [121.30117900047908, 31.08994999968139], [121.29920899963881, 31.089830999903178], [121.29927500047387, 31.08874500006744], [121.29353699948844, 31.088929000251163], [121.29203700009877, 31.093283999652794], [121.29316100010867, 31.093770000243914], [121.29216599972642, 31.093798999712398], [121.29157900015228, 31.095618000055907], [121.29044600041337, 31.09550799977642], [121.2899059996526, 31.097933000156527], [121.2869340002546, 31.097806999895408], [121.28678399991702, 31.100079999726667], [121.28381700024737, 31.10087999984038], [121.27709700041964, 31.10045400010111], [121.27850300000506, 31.1067450002786], [121.2744400003179, 31.105920999787504], [121.2747950000617, 31.1079289999712], [121.27174300001775, 31.10776599985995], [121.27013600034238, 31.110790999810728], [121.26796099982153, 31.109900000098136], [121.26580099976248, 31.10701000026656], [121.26292999990308, 31.107051000142672], [121.26351100017679, 31.107914000228504], [121.26202800040082, 31.10795099978537], [121.262653000285, 31.106414000386415], [121.2613740000075, 31.10208000011539], [121.2562579995847, 31.10415899995078], [121.25134300030847, 31.104183999916405], [121.25050200034428, 31.103915000185708], [121.25108099967646, 31.101979000089393], [121.24835199994445, 31.101763000239966], [121.24800500010689, 31.10024599979752], [121.24085100041731, 31.10012099981654], [121.23900700007049, 31.09905199977514], [121.23764700018253, 31.09923100035456], [121.23571100002674, 31.104888999701785], [121.2256679996586, 31.103054000327486], [121.22534499985625, 31.105094000217743], [121.22730500033663, 31.105371999622424], [121.22657300044327, 31.110675999631432], [121.22401700003158, 31.110305000105512], [121.22326900020975, 31.11478999964593], [121.22091799998861, 31.1146019998989], [121.21918599969854, 31.117200999555795], [121.22947799948015, 31.119195000294386], [121.22924600046218, 31.120977000348176], [121.23167700045109, 31.12122300015683], [121.23281399986627, 31.128534000183812], [121.23989099971882, 31.127623000036824], [121.24074399983307, 31.131799999676254], [121.23512000019475, 31.13253900016052], [121.24092599959847, 31.13297899965175], [121.24246699995219, 31.136247000128755], [121.2538639998695, 31.13436100039331], [121.25341099964471, 31.129422999783486], [121.25722899953806, 31.12916500012647], [121.25634800004323, 31.134698999924254], [121.25907599951938, 31.137405000066337], [121.26145900049679, 31.136943999660474], [121.26125900043823, 31.13853700044386]]]}}, {"type": "Feature", "properties": {"NAME": "佘山镇", "idx": 136}, "geometry": {"type": "Polygon", "coordinates": [[[121.17722199988181, 31.14507000041199], [121.19195199975657, 31.139871000253862], [121.19241900007025, 31.140935000165666], [121.1970709997843, 31.143107999960343], [121.19746699993911, 31.141232000115316], [121.19608999983419, 31.139182999600457], [121.20173200025052, 31.14021100036228], [121.20396100004848, 31.13769200030596], [121.2191919999039, 31.141087000149447], [121.22340899988696, 31.141047000215135], [121.21808099961063, 31.12603800031206], [121.21843399976576, 31.12476400004693], [121.21653199991295, 31.118793000359087], [121.21687399975883, 31.117214999554356], [121.21918599969854, 31.117200999555795], [121.22091799998861, 31.1146019998989], [121.22326900020975, 31.11478999964593], [121.22401700003158, 31.110305000105512], [121.22657300044327, 31.110675999631432], [121.22730500033663, 31.105371999622424], [121.22534499985625, 31.105094000217743], [121.22554800038813, 31.10392899980995], [121.22485499962882, 31.103865999610235], [121.22560199977207, 31.10032200012903], [121.22270699965435, 31.10018799992224], [121.22188199973633, 31.096018999998417], [121.21895000047796, 31.09355000004559], [121.22013300005224, 31.092847999685], [121.21901400027672, 31.092068000365785], [121.21972300044041, 31.091415999911117], [121.21780099952078, 31.09050100027657], [121.21434599953368, 31.09063500030675], [121.21470800011745, 31.086390000242933], [121.2161969999483, 31.08404799963669], [121.2184440004697, 31.08378700032352], [121.21839000035129, 31.082434000214484], [121.21626300010061, 31.082616999571965], [121.21619199964003, 31.078871000021593], [121.21355900033761, 31.079112999848395], [121.2136039995166, 31.077030999786086], [121.21236099966445, 31.07639099970481], [121.2130859995156, 31.07557100009209], [121.21070399967894, 31.073221999928588], [121.21200000018598, 31.07145000015876], [121.17344399948787, 31.071836000128375], [121.16552100027464, 31.069975999811387], [121.16759300048935, 31.04682700001505], [121.16618699960284, 31.048394999736637], [121.16374300003481, 31.05585200011091], [121.15292500011515, 31.05211699966939], [121.15199999998093, 31.053496000399544], [121.15033800002269, 31.05286900033637], [121.15076100017646, 31.051870999729275], [121.14588499951725, 31.051017000350672], [121.14612500001846, 31.05038699980532], [121.1446710000264, 31.049718999829235], [121.14394599971732, 31.05045299987898], [121.14230800013449, 31.049746000219734], [121.14006400041438, 31.051792000330718], [121.13871799999431, 31.05119500003625], [121.13778799991685, 31.052886000102223], [121.13241300021775, 31.049485999912655], [121.1313789994937, 31.0526950003437], [121.12877300015755, 31.05513400011483], [121.126012999821, 31.061811000358073], [121.12177599980306, 31.061394000032486], [121.12148599992946, 31.068561999712397], [121.11764300045132, 31.06850899964883], [121.11392800019242, 31.07780600020981], [121.11247100005012, 31.07737799960969], [121.11143399994475, 31.078677000328575], [121.10819600031701, 31.079258999701036], [121.1026200001544, 31.083833999586556], [121.09784000021202, 31.081637999788654], [121.09565700003117, 31.083328999867565], [121.09467500047613, 31.08512299994966], [121.09537100039029, 31.0857960002941], [121.09487299995283, 31.087694999984937], [121.09602200009954, 31.088400999570123], [121.09518500032888, 31.089523000425377], [121.09631000024494, 31.090415000301032], [121.09309899976255, 31.095532999661373], [121.09502899953344, 31.095834999704895], [121.09465800036745, 31.096722999986532], [121.09548899953684, 31.09713000032684], [121.09341699969367, 31.10100799997663], [121.09453699976235, 31.10191299966484], [121.09600500017399, 31.10010200044958], [121.09920400010931, 31.10220700017039], [121.09820899967755, 31.10345799956078], [121.09892599970964, 31.104366000254544], [121.10013000028773, 31.10282999960243], [121.10186700000726, 31.10369500035488], [121.10082000020306, 31.10545499957413], [121.10009599997964, 31.10510500044873], [121.10359400028025, 31.108349000341093], [121.10620199971478, 31.109476999729328], [121.10570299949107, 31.110850999546326], [121.10801499978477, 31.113529999552636], [121.10975700049669, 31.111516000211093], [121.1114649997245, 31.112685000405683], [121.11308099972192, 31.11065800011081], [121.11489699969486, 31.110164999572206], [121.11605100023674, 31.110841000064557], [121.11655199964434, 31.108909999934284], [121.11883400035461, 31.10706600031747], [121.11981300001872, 31.107476999699077], [121.12099500049676, 31.104986999905364], [121.12305600008666, 31.10516399986793], [121.12605299989453, 31.10239699992082], [121.1272159996831, 31.1038550000836], [121.12873600038814, 31.100855999647752], [121.1302060002015, 31.101122999931434], [121.13014300037412, 31.10031599999438], [121.13157399963534, 31.099788000037588], [121.1369410000122, 31.100428999694607], [121.13716299949078, 31.098614999587387], [121.13976200033451, 31.099358000096416], [121.14124200011172, 31.09582800024646], [121.14481600046618, 31.097161999558317], [121.14641099966002, 31.093692000037855], [121.14807299969523, 31.093997000278453], [121.14881800032623, 31.092117000065514], [121.15049199988209, 31.09237099979029], [121.15057600012527, 31.09514000029116], [121.15193000001487, 31.095131000245377], [121.15224100017312, 31.10072799969207], [121.14976300051069, 31.100884000347467], [121.14988799960051, 31.103590999582156], [121.1524370000606, 31.103640999603765], [121.15244500049863, 31.10288000035334], [121.15476699984588, 31.1030089998937], [121.15480899978569, 31.102368000014636], [121.16018799949315, 31.10247299970185], [121.16100800035375, 31.10329500008066], [121.16073300046776, 31.10607899980164], [121.16175600043232, 31.10617099993523], [121.1611420003453, 31.1105309995557], [121.1664200001281, 31.10957799996639], [121.16584499976189, 31.11100999956535], [121.17026399953554, 31.11058499969371], [121.16858199974101, 31.116013999636916], [121.17083499957998, 31.117133999993754], [121.1698050005148, 31.119893000447494], [121.17406099967461, 31.12084500018232], [121.17499600026427, 31.119207999598952], [121.17941800033773, 31.120671999877455], [121.17930299998294, 31.12203799977307], [121.18066199993953, 31.122647000211607], [121.17961099987036, 31.12277100035109], [121.17922000031108, 31.12639699976111], [121.1774410000515, 31.126308999975176], [121.17725199955166, 31.12898199990882], [121.1759189996383, 31.12932200000327], [121.1754289997051, 31.13133899958771], [121.17545099952184, 31.133582999988008], [121.17698400046459, 31.133782000196376], [121.17744400050275, 31.136100000282816], [121.17722199988181, 31.14507000041199]]]}}, {"type": "Feature", "properties": {"NAME": "九亭镇", "idx": 137}, "geometry": {"type": "Polygon", "coordinates": [[[121.29841799965486, 31.15690700016537], [121.31012399991336, 31.16186700007159], [121.3124600001393, 31.15843899986902], [121.315538000429, 31.15970100016209], [121.31778999948655, 31.159714999974778], [121.3184300004444, 31.15875700003461], [121.32162000017672, 31.15992900004804], [121.32410300026498, 31.158504999600492], [121.32686900030751, 31.153878999592862], [121.32653299987508, 31.15171700011638], [121.32914100017516, 31.15067100044283], [121.32908700006243, 31.148100000041108], [121.32982599960121, 31.1482859999704], [121.33079600039042, 31.145750000412765], [121.33392799949321, 31.143609999633902], [121.3335919998646, 31.141318999894413], [121.33205900000019, 31.14102000040784], [121.33240800051702, 31.139473000059546], [121.33573300034625, 31.13855699972222], [121.33890699957499, 31.134300999794416], [121.34000399998499, 31.13211799996867], [121.33935799985613, 31.131278000096167], [121.3413409996134, 31.128137999703547], [121.34033699983615, 31.127585000360774], [121.34403400038443, 31.120429999557977], [121.34474199983258, 31.11977399958798], [121.34796899967652, 31.12031499988991], [121.34877799993164, 31.118837999716742], [121.34575800014748, 31.1176859998038], [121.3472429996481, 31.11516699975568], [121.34923200030312, 31.113640000150397], [121.35123900017136, 31.114357000086486], [121.3524249996307, 31.112482999658837], [121.34827000047717, 31.110225000111026], [121.34854499954515, 31.108872000383222], [121.34711999986295, 31.108716999582292], [121.34696699993425, 31.109711999716172], [121.34349400038923, 31.109269000414976], [121.34651799983055, 31.100998999805437], [121.34596099987631, 31.100167000246255], [121.33997000031782, 31.0984449999445], [121.33592300003788, 31.104100000343387], [121.33326199953672, 31.10217699990457], [121.33045899966092, 31.1017370002599], [121.32949600014807, 31.10071799967787], [121.33019899961951, 31.099419000041625], [121.32844499953701, 31.098741999945887], [121.32916500022135, 31.097528999579353], [121.32426699993083, 31.09557700027157], [121.31912099965986, 31.102834999769627], [121.3171760001617, 31.10201400039587], [121.31636199956348, 31.103096999778348], [121.3154060003805, 31.102271000039746], [121.31659199949772, 31.10028500012883], [121.31793400034361, 31.10129399960338], [121.31792900004139, 31.100071999596793], [121.30968999961799, 31.0938619997491], [121.30764800003583, 31.094230000185664], [121.30552100037204, 31.093118000401386], [121.30428999957314, 31.09626200042292], [121.29824799993952, 31.104873000215576], [121.2982100003628, 31.106430000014598], [121.29656200047881, 31.107207000055244], [121.29635399963054, 31.10826200035957], [121.29781799968457, 31.108142999997433], [121.29742499963476, 31.10887300043194], [121.2948680003669, 31.108489999995218], [121.29473200000231, 31.10941299994697], [121.29566900003576, 31.109560999832404], [121.29580500024271, 31.11313600044954], [121.2938920001158, 31.119205999981236], [121.29601499970553, 31.125623999824093], [121.30069100040676, 31.129516999559204], [121.29980000049213, 31.13225399978706], [121.29834500023165, 31.133211999883535], [121.29593599967495, 31.13071000031419], [121.28330199990481, 31.13461199983583], [121.28286900044532, 31.133890999910964], [121.276940000335, 31.135244999557514], [121.27665099978218, 31.135929000354185], [121.28312700030921, 31.142092999986765], [121.27990300000477, 31.144691999991185], [121.2775910002162, 31.144065000350828], [121.27494499949842, 31.147788999964956], [121.27258999953882, 31.14629799998471], [121.27208300013974, 31.14781399986017], [121.27353000006545, 31.148446999856887], [121.27290600037755, 31.150779000137092], [121.27422200025612, 31.151215999927384], [121.27461400033924, 31.153597000182042], [121.27581800018164, 31.15230700002541], [121.27856799961148, 31.152494000046147], [121.27959800023383, 31.152908000300695], [121.2787149997373, 31.15424200020811], [121.28223200006654, 31.155081000069735], [121.28261500021664, 31.154152999568417], [121.2839490004527, 31.154232999565533], [121.28647600018475, 31.155737000057137], [121.28686899965871, 31.155040000299916], [121.29034700049256, 31.156372999932735], [121.29294500034206, 31.154586999846657], [121.2942949997071, 31.154667999908064], [121.29502799994803, 31.153381000177184], [121.2953420002612, 31.15453099994259], [121.29577399969583, 31.153789000324064], [121.29893900037082, 31.155187000233298], [121.29841799965486, 31.15690700016537]]]}}, {"type": "Feature", "properties": {"NAME": "石化街道", "idx": 138}, "geometry": {"type": "Polygon", "coordinates": [[[121.33688699957507, 30.737959999858752], [121.33904500011481, 30.731071999806232], [121.34596899958228, 30.732617999997117], [121.34954999986188, 30.715408000002025], [121.34394100040107, 30.710170999723896], [121.33939100020699, 30.709886999666193], [121.33994799976774, 30.707272000038415], [121.33251199973985, 30.708994999932344], [121.33132900042952, 30.7077790001251], [121.33378300038264, 30.70614600039993], [121.33463499981593, 30.702228999991657], [121.33100299954936, 30.69925399979476], [121.31951200009757, 30.69781999963057], [121.31412599989537, 30.697837000446253], [121.30603000038326, 30.699967000369252], [121.29495700030354, 30.69882400001264], [121.27130100002543, 30.69475400042551], [121.26791200016908, 30.691923000078027], [121.26709600005081, 30.699263999922994], [121.26567900041736, 30.700685000283666], [121.2658609995113, 30.70305200004413], [121.27104700026084, 30.703097999721095], [121.27411800048806, 30.704860000348976], [121.28223599952075, 30.70657999995248], [121.29938900010686, 30.71490100042432], [121.29923400012497, 30.717809999726907], [121.30030299980659, 30.717934999614986], [121.2992770001285, 30.72055199966256], [121.30220299982768, 30.72209499959979], [121.30172699975525, 30.724299000293737], [121.30464999955721, 30.725247000135365], [121.30508300005762, 30.72439399984197], [121.30651399962478, 30.725530999725787], [121.30789700044329, 30.72424300030859], [121.30923400040129, 30.719387999646933], [121.31274899979216, 30.720089000338536], [121.31159700003174, 30.72243700021004], [121.31399799975438, 30.722804999999404], [121.31501200016565, 30.7251110002712], [121.31979000039166, 30.725254000353832], [121.31928199975847, 30.72762599959439], [121.32012899952446, 30.727827000237134], [121.31838200038607, 30.73039599963433], [121.31987600007997, 30.730765999662815], [121.31956000049546, 30.732047000168606], [121.32246600004467, 30.732677999960377], [121.32499700044528, 30.725277999641243], [121.3266490001373, 30.72556399970936], [121.32675600002537, 30.728622999711224], [121.3321410002298, 30.72965100011087], [121.33114199950556, 30.734202999781708], [121.33688699957507, 30.737959999858752]]]}}, {"type": "Feature", "properties": {"NAME": "卫镇", "idx": 139}, "geometry": {"type": "Polygon", "coordinates": [[[121.24824100042225, 30.79220200029747], [121.25489399969591, 30.791793000312726], [121.25532300016006, 30.7842660001994], [121.25650400007413, 30.781249000194187], [121.25532499949925, 30.780395999640966], [121.25586700036963, 30.778608999725183], [121.25698899962651, 30.779956999681247], [121.25812199961128, 30.77857899999545], [121.2633290005002, 30.780452000319396], [121.26467399990167, 30.779451000425766], [121.26716900050954, 30.780186999772166], [121.26565000018975, 30.77888700006724], [121.26633399955807, 30.77752599993001], [121.26833299950177, 30.77819199995109], [121.26867500019283, 30.776507000266136], [121.27020199966876, 30.77635299963239], [121.27411299959675, 30.77099699955483], [121.27621199996572, 30.772154000287546], [121.27581799976578, 30.773438000337705], [121.2766729999235, 30.772898000348718], [121.27685900009128, 30.773645999922987], [121.27724199948065, 30.77258900023518], [121.2783199998588, 30.775292000318334], [121.28273999988019, 30.7718450002233], [121.28590800051761, 30.772417999786075], [121.2880340003277, 30.768478000005807], [121.29667499968033, 30.772304000193195], [121.298052999814, 30.771522999761693], [121.30193399999855, 30.77364600002613], [121.30268999972259, 30.772519999739313], [121.30505199994717, 30.7734550001541], [121.30435900018294, 30.774584999722162], [121.30884400024394, 30.77523300000453], [121.30810099976678, 30.776406000127075], [121.31149600019383, 30.778737000322405], [121.31364100010246, 30.77793200027656], [121.31432400036911, 30.773922000398983], [121.31762900049912, 30.769923999876873], [121.32230399954763, 30.77166199956483], [121.323455999614, 30.76459099961042], [121.32755500013444, 30.75439199989466], [121.32487899972723, 30.753452000401985], [121.3265009997885, 30.74995600001596], [121.32246300002832, 30.748559999808645], [121.32528900000014, 30.741901000242613], [121.32678200011772, 30.742675000005796], [121.32816499964274, 30.74002199973493], [121.32813300022153, 30.73807499956511], [121.32669300004689, 30.73897800041467], [121.32583399952081, 30.73849500039758], [121.32688700022523, 30.73780399991127], [121.3244189995021, 30.737911000096496], [121.32726199994389, 30.72664700017667], [121.32645899959024, 30.726522000119708], [121.3266490001373, 30.72556399970936], [121.32499700044528, 30.725277999641243], [121.32246600004467, 30.732677999960377], [121.31956000049546, 30.732047000168606], [121.31987600007997, 30.730765999662815], [121.31838200038607, 30.73039599963433], [121.32012899952446, 30.727827000237134], [121.31928199975847, 30.72762599959439], [121.31979000039166, 30.725254000353832], [121.31501200016565, 30.7251110002712], [121.31399799975438, 30.722804999999404], [121.31159700003174, 30.72243700021004], [121.31274899979216, 30.720089000338536], [121.30923400040129, 30.719387999646933], [121.30789700044329, 30.72424300030859], [121.30651399962478, 30.725530999725787], [121.30508300005762, 30.72439399984197], [121.30464999955721, 30.725247000135365], [121.30172699975525, 30.724299000293737], [121.30220299982768, 30.72209499959979], [121.2992770001285, 30.72055199966256], [121.30030299980659, 30.717934999614986], [121.29923400012497, 30.717809999726907], [121.29938900010686, 30.71490100042432], [121.29069999999648, 30.710031000128946], [121.28223599952075, 30.70657999995248], [121.27411800048806, 30.704860000348976], [121.27104700026084, 30.703097999721095], [121.2658609995113, 30.70305200004413], [121.26633300016653, 30.70412900039985], [121.26360399996032, 30.7050770003432], [121.26323700037985, 30.707542000372353], [121.26155599972752, 30.707233999639335], [121.26132999973306, 30.70619099971569], [121.2611190001082, 30.70728999978534], [121.26312600040862, 30.709138999914536], [121.26190800049004, 30.708977000215253], [121.26084099979846, 30.712039000377654], [121.26373799989177, 30.714724000389925], [121.26205799977586, 30.71770899979001], [121.26559700032831, 30.719516000038148], [121.26469099999157, 30.722567000230438], [121.26879600044279, 30.724453000287124], [121.26541200000571, 30.728162000354466], [121.26690599997833, 30.72882399988189], [121.26665400005403, 30.729569999933336], [121.26478400008673, 30.72953300030608], [121.26623799949928, 30.73017400014061], [121.26551099970202, 30.73227799964029], [121.2644880001159, 30.732543000398817], [121.26694700048024, 30.735518000337382], [121.26502900032895, 30.735027999888203], [121.26351900006124, 30.737432999767144], [121.26181299957625, 30.736418000094016], [121.26088300047621, 30.736917000116772], [121.25124800013118, 30.746511999656736], [121.23841699989597, 30.753063999809], [121.237081000449, 30.75249899975865], [121.23737999978101, 30.75358299965369], [121.23426899961638, 30.754347999777487], [121.23247399973881, 30.755879000061604], [121.23161899985571, 30.754629999701297], [121.23102599976879, 30.754976000379564], [121.23219399977752, 30.756034000043282], [121.2281099996748, 30.757880000090307], [121.22877300034925, 30.75862699957357], [121.2273780002202, 30.759213000386477], [121.2248380002211, 30.76985099968967], [121.22192300004637, 30.773399000105716], [121.22349000037894, 30.774940000123213], [121.22200800017428, 30.775458999911795], [121.22026200019965, 30.779300000201488], [121.21832200037886, 30.778162999658555], [121.21519200043224, 30.782879999587795], [121.21597300001392, 30.784759000435166], [121.21775999962586, 30.784035999969134], [121.21754800048629, 30.784667999767475], [121.2200579997858, 30.785062000119694], [121.21963499962382, 30.78586399988174], [121.22129800005266, 30.786246000164585], [121.22104500032859, 30.78790399977927], [121.22203999980191, 30.78857400000029], [121.22125900034648, 30.790492000056886], [121.21826399974142, 30.79094999981223], [121.23124699958005, 30.79100499990287], [121.23898400031365, 30.788916000015533], [121.2494830000268, 30.78920900041598], [121.24824100042225, 30.79220200029747]]]}}, {"type": "Feature", "properties": {"NAME": "山阳镇", "idx": 140}, "geometry": {"type": "Polygon", "coordinates": [[[121.36177900025169, 30.800302000047637], [121.36066599948681, 30.794190000357503], [121.36484100022159, 30.793150999964205], [121.36475500043795, 30.789128000309944], [121.36391799966195, 30.78920600001039], [121.36446800030407, 30.786064000071946], [121.36800199971782, 30.786101999755033], [121.36795699977372, 30.781648999642297], [121.37408899949382, 30.781033999814248], [121.37391500006068, 30.783405000017986], [121.3757589999092, 30.78337199982855], [121.37652700005933, 30.786001999803524], [121.37836500044284, 30.78525100020406], [121.37734800021205, 30.784150999751244], [121.3788779998323, 30.783981999578515], [121.37862900038034, 30.78283300018374], [121.38043799972613, 30.782812000427175], [121.38036799962349, 30.781735000161436], [121.3860690000759, 30.78053600030915], [121.3855619996672, 30.779087999705474], [121.38374100048135, 30.778701000051008], [121.38239899994258, 30.775228999798863], [121.38052799958506, 30.7742190002803], [121.38357100023279, 30.77370399987186], [121.38485600045122, 30.77125199974437], [121.38775200002407, 30.77313600032059], [121.38927599960991, 30.771579000363204], [121.39067399948266, 30.77181100003144], [121.3912250003192, 30.769140000238654], [121.38954400024716, 30.76518600017421], [121.38332899994884, 30.764948000212417], [121.38307399963243, 30.76216000039349], [121.38190999948722, 30.761741000040047], [121.38297299959427, 30.761398000357204], [121.3828210002325, 30.758013000247157], [121.38481299985601, 30.757332999718148], [121.38491100012057, 30.754996000235632], [121.3903580004016, 30.753794000040774], [121.38906700027947, 30.750157999669117], [121.39012500029743, 30.748913000137062], [121.38105499973635, 30.74092300026552], [121.3771349994825, 30.740717999867293], [121.3682609994887, 30.72969300029602], [121.36101100037997, 30.72614200036819], [121.3553970000719, 30.72090299985262], [121.35469600049332, 30.720136000232205], [121.3559750001807, 30.718552999816904], [121.35435600014675, 30.717541000333018], [121.35292200008051, 30.719312000148587], [121.34926300027398, 30.717776000011074], [121.34596899958228, 30.732617999997117], [121.33904500011481, 30.731071999806232], [121.33684999955543, 30.738081999585447], [121.33114199950556, 30.734202999781708], [121.3321410002298, 30.72965100011087], [121.32675600002537, 30.728622999711224], [121.3244189995021, 30.737911000096496], [121.32688700022523, 30.73780399991127], [121.32583399952081, 30.73849500039758], [121.32669300004689, 30.73897800041467], [121.32813300022153, 30.73807499956511], [121.32816499964274, 30.74002199973493], [121.32678200011772, 30.742675000005796], [121.32528900000014, 30.741901000242613], [121.32246300002832, 30.748559999808645], [121.3265009997885, 30.74995600001596], [121.32487899972723, 30.753452000401985], [121.32755500013444, 30.75439199989466], [121.32277900006845, 30.768324999737903], [121.32351799967661, 30.77721600021123], [121.32162400036376, 30.777752000157868], [121.32368500043476, 30.780329000439135], [121.32516099958559, 30.7805409995984], [121.32577499984423, 30.782750000208264], [121.32431999969883, 30.783618999864014], [121.32562600016321, 30.78467200023424], [121.32455300040682, 30.784444000016855], [121.31925700005537, 30.788062999654024], [121.31936900028481, 30.789200999623723], [121.32197999972163, 30.7908829999345], [121.32049899954963, 30.791304999960815], [121.31937499961671, 30.794292999701526], [121.32045500035399, 30.794492000106732], [121.32029900016215, 30.795547999923784], [121.32820199990418, 30.796250000214254], [121.32741400002126, 30.797691000135114], [121.33095599996135, 30.798709000392062], [121.33207499994323, 30.795657999807112], [121.33289099994447, 30.796115000062656], [121.33464099975532, 30.79463499963225], [121.33581199971842, 30.799159000178793], [121.33667099967914, 30.799085999670453], [121.3366760003231, 30.80311100035489], [121.3388389998272, 30.80875999961342], [121.34616499987546, 30.810918999574195], [121.35007599965417, 30.806073999917334], [121.35252999967608, 30.80443599967965], [121.35293300045146, 30.801481999638536], [121.35732200029503, 30.802558000145364], [121.35670499962043, 30.800808000146866], [121.3580429995678, 30.79910399969758], [121.35917600016161, 30.800195999658158], [121.36177900025169, 30.800302000047637]]]}}, {"type": "Feature", "properties": {"NAME": "廊下镇", "idx": 141}, "geometry": {"type": "Polygon", "coordinates": [[[121.19307100015742, 30.814622000229303], [121.19608000005502, 30.815472999956132], [121.1949669996385, 30.816911999743933], [121.19606000012861, 30.816694000000233], [121.19767199981231, 30.818019000088746], [121.20193599951375, 30.81357900017209], [121.20353799970307, 30.815896000376156], [121.20584100019975, 30.815500999895004], [121.2063520001105, 30.819145999909512], [121.20988999992292, 30.820837999710797], [121.21576500011848, 30.81944500015122], [121.21597900044848, 30.82470699958293], [121.21984100032836, 30.82418800005188], [121.21960299990316, 30.821058999804325], [121.2207710003697, 30.821194999699337], [121.22071799963778, 30.818944000259126], [121.22205300031314, 30.819168999982693], [121.22196900041556, 30.815829999992676], [121.22387500039441, 30.815129000063475], [121.22445599990115, 30.813406000232472], [121.22583799999806, 30.813949000342422], [121.22959399973847, 30.80887100024396], [121.2388330002769, 30.801535000280488], [121.23891199965186, 30.79759399962086], [121.23992899992923, 30.79742600042248], [121.24076100034988, 30.791935000229863], [121.24824100042225, 30.79220200029747], [121.2494830000268, 30.78920900041598], [121.23898400031365, 30.788916000015533], [121.23124699958005, 30.79100499990287], [121.21826399974142, 30.79094999981223], [121.22125900034648, 30.790492000056886], [121.22203999980191, 30.78857400000029], [121.22104500032859, 30.78790399977927], [121.22118000004494, 30.786012999868735], [121.21963499962382, 30.78586399988174], [121.2200579997858, 30.785062000119694], [121.21754800048629, 30.784667999767475], [121.21769399969503, 30.784031000361278], [121.21514800017174, 30.7854199998271], [121.21476599971058, 30.786836000295157], [121.21370899975388, 30.786647999814086], [121.21296599975695, 30.78789999961675], [121.21436100035073, 30.78823299976533], [121.20171700014126, 30.78822999961216], [121.19505499993261, 30.78538900004569], [121.1955069995034, 30.784085000295995], [121.19379299975344, 30.783604000183534], [121.19470699985449, 30.78299399985853], [121.19652299952212, 30.77593999960008], [121.19256699964438, 30.775500999935325], [121.18891900034909, 30.778821999562826], [121.1863609999129, 30.783143999785416], [121.18489099954988, 30.780976000408437], [121.1820000001813, 30.781345999991053], [121.18114799964526, 30.77866599957619], [121.17904099991885, 30.77724900022919], [121.16982100029549, 30.77454400019141], [121.16775199965903, 30.776980999741387], [121.16578200026557, 30.777288000013098], [121.16635500021468, 30.778284000039513], [121.16541999963951, 30.77911100025268], [121.16431200039813, 30.778012999951788], [121.15868399988194, 30.777374000438247], [121.15645700047014, 30.775427000095554], [121.15596300045586, 30.778694000325977], [121.1507010001022, 30.779477999792466], [121.14767499979943, 30.781104999699654], [121.13918599998756, 30.781684000079142], [121.13848699981264, 30.780326999567365], [121.13675900049816, 30.7803500000623], [121.13668600044265, 30.778693000385086], [121.13370900038475, 30.779614999698424], [121.13380800043954, 30.780607999568982], [121.12892300004528, 30.779364000234285], [121.12252199967183, 30.78082200024517], [121.12136899949935, 30.794877999768527], [121.12215400040837, 30.795338999639526], [121.1219729994997, 30.799956000184117], [121.1227219998011, 30.800063999985024], [121.12199599954066, 30.80013499984782], [121.1234209997921, 30.812047000216477], [121.12463400028, 30.813470000111604], [121.12549299949346, 30.817626999625514], [121.13230099960758, 30.82683800013443], [121.14178400044747, 30.828582000411156], [121.14717599965797, 30.827174999711872], [121.14785799997769, 30.823160000305148], [121.15062200015986, 30.822480000219038], [121.14998899959943, 30.82011199973281], [121.15230999972532, 30.819012000308632], [121.15394300037806, 30.82073600017351], [121.15523500004349, 30.820765999636958], [121.15526400007784, 30.821689999706525], [121.15727899955057, 30.821495000124443], [121.15847800020181, 30.822957999614125], [121.16227999983576, 30.822977999763626], [121.16333900009305, 30.820123000059432], [121.16556100040393, 30.819477000358415], [121.16550700042633, 30.820939000067995], [121.16811700004791, 30.822464999797162], [121.16991399999553, 30.822430999909404], [121.1700200002254, 30.821282999844517], [121.17166599952176, 30.821510000371482], [121.17196899973614, 30.824032999979767], [121.17396200011395, 30.82482099976603], [121.17738999998326, 30.824369000326328], [121.1827810003313, 30.82193999964487], [121.18286000048266, 30.82291499992743], [121.1842759995074, 30.823146999821113], [121.18292799974972, 30.824554000167325], [121.18464400028992, 30.82484399995949], [121.1832840000971, 30.826652000413322], [121.18476199959858, 30.827556999770714], [121.18572700013833, 30.8266850001689], [121.18655000042325, 30.827152000155678], [121.18561500004711, 30.828195999623297], [121.1875550003081, 30.829799999772458], [121.18880500030853, 30.82880099958403], [121.18964100032859, 30.826022000330088], [121.18940599984228, 30.820602999751003], [121.19035199990225, 30.82084100018464], [121.19214900007047, 30.81741799985052], [121.19116200045164, 30.817157000135044], [121.19125699982433, 30.81668599960854], [121.19269199963648, 30.816288000308], [121.19307100015742, 30.814622000229303]]]}}, {"type": "Feature", "properties": {"NAME": "张堰镇", "idx": 142}, "geometry": {"type": "Polygon", "coordinates": [[[121.29679499974971, 30.818834000144886], [121.29923499973442, 30.820565000385795], [121.30004900009698, 30.819452999793683], [121.29895500041121, 30.818183000391826], [121.31180099994054, 30.80974000006623], [121.31059800033155, 30.809056000223638], [121.31357000009649, 30.806096000373532], [121.31332000039745, 30.805366999962448], [121.31423599957695, 30.805445999772147], [121.31658700016206, 30.79941600005164], [121.31607200033316, 30.797964000002903], [121.31839300022784, 30.79677599967686], [121.31879999948958, 30.79609099962892], [121.3180420000881, 30.795914999952092], [121.31906799958884, 30.79531299996731], [121.32008000045072, 30.79196700008531], [121.32197999972163, 30.7908829999345], [121.31936900028481, 30.789200999623723], [121.31925700005537, 30.788062999654024], [121.32455300040682, 30.784444000016855], [121.32562600016321, 30.78467200023424], [121.32431999969883, 30.783618999864014], [121.32577499984423, 30.782750000208264], [121.32516099958559, 30.7805409995984], [121.32368500043476, 30.780329000439135], [121.32162400036376, 30.777752000157868], [121.32351799967661, 30.77721600021123], [121.32285500012394, 30.775046999869783], [121.32383800032767, 30.773946000408667], [121.32271300029765, 30.77072500017087], [121.32205599960754, 30.77179400014741], [121.31735800044854, 30.770105999700124], [121.31432400036911, 30.773922000398983], [121.31364100010246, 30.77793200027656], [121.31149600019383, 30.778737000322405], [121.30810099976678, 30.776406000127075], [121.30884400024394, 30.77523300000453], [121.30435900018294, 30.774584999722162], [121.30505199994717, 30.7734550001541], [121.30268999972259, 30.772519999739313], [121.30193399999855, 30.77364600002613], [121.298052999814, 30.771522999761693], [121.29667499968033, 30.772304000193195], [121.2880340003277, 30.768478000005807], [121.28590800051761, 30.772417999786075], [121.28273999988019, 30.7718450002233], [121.2783199998588, 30.775292000318334], [121.27724199948065, 30.77258900023518], [121.27685900009128, 30.773645999922987], [121.2766729999235, 30.772898000348718], [121.27581799976578, 30.773438000337705], [121.27621199996572, 30.772154000287546], [121.27411299959675, 30.77099699955483], [121.27020199966876, 30.77635299963239], [121.26867500019283, 30.776507000266136], [121.26833299950177, 30.77819199995109], [121.26633399955807, 30.77752599993001], [121.26565000018975, 30.77888700006724], [121.26716900050954, 30.780186999772166], [121.26467399990167, 30.779451000425766], [121.2633290005002, 30.780452000319396], [121.25812199961128, 30.77857899999545], [121.25698899962651, 30.779956999681247], [121.25577899980149, 30.778700000417246], [121.25532499949925, 30.780395999640966], [121.25650400007413, 30.781249000194187], [121.25532300016006, 30.7842660001994], [121.25481100044253, 30.791867000311285], [121.24076100034988, 30.791935000229863], [121.23980800006844, 30.79762200017951], [121.24022100032686, 30.804098999631766], [121.24003199979227, 30.804985000345667], [121.23870600000912, 30.80469199957113], [121.23858500037362, 30.808951000232778], [121.24013500032324, 30.809761999923875], [121.24232300018444, 30.80925599956617], [121.24445899991686, 30.810703000066976], [121.2450190003274, 30.80916700007947], [121.24795399957897, 30.809436999545046], [121.24859400038653, 30.808393999630567], [121.24966700042978, 30.810784000204922], [121.2482379998072, 30.81139199981971], [121.24920599965375, 30.81316399994836], [121.25048300029522, 30.81253000017163], [121.25129700000561, 30.813559000233433], [121.25015400043478, 30.816377000166174], [121.25396899984696, 30.81783699960324], [121.25531300033877, 30.81795000025126], [121.25689399965754, 30.815248999998037], [121.26083699953466, 30.8146150003578], [121.26125899984795, 30.815659000143313], [121.26209799983671, 30.815381000212412], [121.26395799997015, 30.819280999943764], [121.26362799981602, 30.821988000217246], [121.26869400018283, 30.82484399963632], [121.26796499976258, 30.82612399990501], [121.2702660004883, 30.827302999956053], [121.26981400034622, 30.828265000102007], [121.27686799994919, 30.826341999803343], [121.2779559998439, 30.826871000338663], [121.27718999984484, 30.82917499997669], [121.27825399973072, 30.829783999707697], [121.28810099959077, 30.832295999768554], [121.28883400026031, 30.82861599972262], [121.2938030000143, 30.82411000015153], [121.29246499974461, 30.822846000126948], [121.29486799975562, 30.820899999845057], [121.29362799960137, 30.81986200019942], [121.29417600036786, 30.819274999796253], [121.29549800040871, 30.820325000171017], [121.29679499974971, 30.818834000144886]]]}}, {"type": "Feature", "properties": {"NAME": "漕泾镇", "idx": 143}, "geometry": {"type": "Polygon", "coordinates": [[[121.36200799953468, 30.843917000258948], [121.3683439998048, 30.843013000029142], [121.36841599957317, 30.84475100043824], [121.37474999988956, 30.845050000125006], [121.37652300027233, 30.836855000074912], [121.37749800046099, 30.836621000356153], [121.37684400047775, 30.837137000279704], [121.3784529998142, 30.837684999717297], [121.3797609999624, 30.83693900033446], [121.37884499949551, 30.83590199988505], [121.38070200016827, 30.8363320003451], [121.38101000011201, 30.835058999977687], [121.38347800040238, 30.834938000262294], [121.38353500024158, 30.831689000287227], [121.38725600004442, 30.831980999709405], [121.38768100037561, 30.829249000181946], [121.39257000041196, 30.83001699992988], [121.39313299990647, 30.835286000157673], [121.39495100012057, 30.83611000015151], [121.39766000006311, 30.83520199998638], [121.39986199964912, 30.83579199974402], [121.39901299991593, 30.83202500019218], [121.39623499957486, 30.831827000310213], [121.3974610004409, 30.82767900032547], [121.39831600016471, 30.828548999725484], [121.39906799961359, 30.82661900002654], [121.40153800008324, 30.82447200007357], [121.40761200021437, 30.82316999971825], [121.40844599976644, 30.82433400041726], [121.40934700005701, 30.824154999982362], [121.40922999975486, 30.822712999669584], [121.41103700024176, 30.822191000212058], [121.4109050004078, 30.81801599997258], [121.4150600001578, 30.818106999868153], [121.41586699950992, 30.82161600033088], [121.42371300042088, 30.820137000311043], [121.42396000026089, 30.82081799974796], [121.42918499999874, 30.82060399976294], [121.43001399995457, 30.81909600044242], [121.43034200033641, 30.82021799968229], [121.43229999974173, 30.820278000132376], [121.43730099963607, 30.807870000234544], [121.43889200030858, 30.808808999725006], [121.44074200049239, 30.807176999810096], [121.44231299969499, 30.80768099976428], [121.44682700014971, 30.800870999570964], [121.42857899999899, 30.791152999609437], [121.43052300041656, 30.787280000430542], [121.42036999966723, 30.78262399987077], [121.42842000047216, 30.769518999596542], [121.42701800048161, 30.76899399988088], [121.42355699956116, 30.77597200024556], [121.41113200030776, 30.768341999559706], [121.39003499999308, 30.74901899970768], [121.38906700027947, 30.750157999669117], [121.3903580004016, 30.753794000040774], [121.38491100012057, 30.754996000235632], [121.38481299985601, 30.757332999718148], [121.3828210002325, 30.758013000247157], [121.38297299959427, 30.761398000357204], [121.38190999948722, 30.761741000040047], [121.38307399963243, 30.76216000039349], [121.38332899994884, 30.764948000212417], [121.38954400024716, 30.76518600017421], [121.3912250003192, 30.769140000238654], [121.39067399948266, 30.77181100003144], [121.38927599960991, 30.771579000363204], [121.38775200002407, 30.77313600032059], [121.38485600045122, 30.77125199974437], [121.38357100023279, 30.77370399987186], [121.38052799958506, 30.7742190002803], [121.38239899994258, 30.775228999798863], [121.38374100048135, 30.778701000051008], [121.3855619996672, 30.779087999705474], [121.3860690000759, 30.78053600030915], [121.38036799962349, 30.781735000161436], [121.38043799972613, 30.782812000427175], [121.37862900038034, 30.78283300018374], [121.3788779998323, 30.783981999578515], [121.37734800021205, 30.784150999751244], [121.37836500044284, 30.78525100020406], [121.37652700005933, 30.786001999803524], [121.3757589999092, 30.78337199982855], [121.37391500006068, 30.783405000017986], [121.37408899949382, 30.781033999814248], [121.36795699977372, 30.781648999642297], [121.36800199971782, 30.786101999755033], [121.36446800030407, 30.786064000071946], [121.36391799966195, 30.78920600001039], [121.36475500043795, 30.789128000309944], [121.36484100022159, 30.793150999964205], [121.36066599948681, 30.794190000357503], [121.36177900025169, 30.800302000047637], [121.35917600016161, 30.800195999658158], [121.3580429995678, 30.79910399969758], [121.35670499962043, 30.800808000146866], [121.35732200029503, 30.802558000145364], [121.35293300045146, 30.801481999638536], [121.35252999967608, 30.80443599967965], [121.34608200044023, 30.81085300015264], [121.34569999951539, 30.812862000151235], [121.34781599953877, 30.815016000309242], [121.34685700030383, 30.82017300030441], [121.35007299999829, 30.820781000401198], [121.35036699959373, 30.82335700015424], [121.34849000021087, 30.824945999554252], [121.35121400039272, 30.82870700003014], [121.35053100009581, 30.829281000114065], [121.35112700003998, 30.83030599957793], [121.34682599971525, 30.8320600001903], [121.35173900052862, 30.839684999578523], [121.35249800046, 30.845518999596898], [121.35342899975814, 30.84610699993372], [121.36206999961249, 30.844803000030264], [121.36200799953468, 30.843917000258948]]]}}, {"type": "Feature", "properties": {"NAME": "吕巷", "idx": 144}, "geometry": {"type": "Polygon", "coordinates": [[[121.1744609995689, 30.876062000346785], [121.1765959996442, 30.858304999955532], [121.18631300022828, 30.855866000212988], [121.18810999969848, 30.8565339999997], [121.18817100011815, 30.854942999688756], [121.1894730000026, 30.85582100024377], [121.19080199960443, 30.854879000408804], [121.1918109996889, 30.855160999884422], [121.19203699976289, 30.85783200022439], [121.19469200019577, 30.858023999799517], [121.19493700008121, 30.85967999963822], [121.19667100011141, 30.856713000189682], [121.20640200017937, 30.85351900022777], [121.20837599994093, 30.85390200022087], [121.20949699977855, 30.85434599961764], [121.2079040001646, 30.857294000106418], [121.21076099985468, 30.857583000163302], [121.20855700027519, 30.857659999964135], [121.20870299997794, 30.858584999690454], [121.21037000051803, 30.85854199958067], [121.20940900034563, 30.860378999811793], [121.21414899999233, 30.861034999632917], [121.21797700034175, 30.859951999831775], [121.21875800040237, 30.861037999647113], [121.21736299979096, 30.861720000373325], [121.21894299951181, 30.86185600042604], [121.21861300024125, 30.866183999990874], [121.21956499973831, 30.86554200040603], [121.22425100002354, 30.867754000167952], [121.22459899976671, 30.867083000135956], [121.22724599974796, 30.867307999722634], [121.22753099968115, 30.866563999828724], [121.22825100019098, 30.867796999601953], [121.2295569998193, 30.86786999986659], [121.22993199983372, 30.869690000330003], [121.23189300048855, 30.86965900000711], [121.2323910002815, 30.867309000355753], [121.23473899993283, 30.864634000046053], [121.23541800003132, 30.8610090000997], [121.24134299991074, 30.851819999933415], [121.24222499994457, 30.848425000232215], [121.24880600011132, 30.83893999981975], [121.25435599990095, 30.83854499983736], [121.25765699988732, 30.840756999687134], [121.25820499956394, 30.840054999938218], [121.25898500051021, 30.841240000454686], [121.2600909998197, 30.840146000292766], [121.2612040003383, 30.840950000356006], [121.26379799978127, 30.837221000040138], [121.26550199961135, 30.83757700015214], [121.26564300046111, 30.836423999818223], [121.26715800023266, 30.836632000416113], [121.26745399995183, 30.838467000325462], [121.26960299971718, 30.8392239998812], [121.2690040005083, 30.842161999745645], [121.26648199957256, 30.845469999977784], [121.27116299950166, 30.848140000178073], [121.27084500048082, 30.84894100030149], [121.2748860002581, 30.852240000348328], [121.27760999985102, 30.85244100016807], [121.27945699959467, 30.85187100020703], [121.28332499962424, 30.847955999997193], [121.28545899965685, 30.847282000227544], [121.28849600034006, 30.84216200001047], [121.29171500015684, 30.839243000436657], [121.29093500046815, 30.83795399973878], [121.29285999968724, 30.83464700004639], [121.28540399955254, 30.831279999686632], [121.27825399973072, 30.829783999707697], [121.27718999984484, 30.82917499997669], [121.2779559998439, 30.826871000338663], [121.27686799994919, 30.826341999803343], [121.26981400034622, 30.828265000102007], [121.2702660004883, 30.827302999956053], [121.26796499976258, 30.82612399990501], [121.26869400018283, 30.82484399963632], [121.26362799981602, 30.821988000217246], [121.26361399992761, 30.817849000107937], [121.26083699953466, 30.8146150003578], [121.25675199978484, 30.81532499970452], [121.25511600036461, 30.818010999697332], [121.25015400043478, 30.816377000166174], [121.25129700000561, 30.813559000233433], [121.25048300029522, 30.81253000017163], [121.24920599965375, 30.81316399994836], [121.2482379998072, 30.81139199981971], [121.24966700042978, 30.810784000204922], [121.24859400038653, 30.808393999630567], [121.24795399957897, 30.809436999545046], [121.2450190003274, 30.80916700007947], [121.24445899991686, 30.810703000066976], [121.24232300018444, 30.80925599956617], [121.24013500032324, 30.809761999923875], [121.23858500037362, 30.808951000232778], [121.23870600000912, 30.80469199957113], [121.24003199979227, 30.804985000345667], [121.24041600041419, 30.801687999843637], [121.23988699952096, 30.79762300011596], [121.23891199965186, 30.79759399962086], [121.2388330002769, 30.801535000280488], [121.22959399973847, 30.80887100024396], [121.22583799999806, 30.813949000342422], [121.22445599990115, 30.813406000232472], [121.22387500039441, 30.815129000063475], [121.22196900041556, 30.815829999992676], [121.22205300031314, 30.819168999982693], [121.22071799963778, 30.818944000259126], [121.2207710003697, 30.821194999699337], [121.21960299990316, 30.821058999804325], [121.21984100032836, 30.82418800005188], [121.21597900044848, 30.82470699958293], [121.21576500011848, 30.81944500015122], [121.20988999992292, 30.820837999710797], [121.2063520001105, 30.819145999909512], [121.20584100019975, 30.815500999895004], [121.20353799970307, 30.815896000376156], [121.20193599951375, 30.81357900017209], [121.19767199981231, 30.818019000088746], [121.19606000012861, 30.816694000000233], [121.1949669996385, 30.816911999743933], [121.19608000005502, 30.815472999956132], [121.19488300029468, 30.814522999850997], [121.19307100015742, 30.814622000229303], [121.19269199963648, 30.816288000308], [121.19104799962952, 30.817046000263698], [121.19214900007047, 30.81741799985052], [121.19039600048086, 30.820770000035623], [121.18940599984228, 30.820602999751003], [121.18964100032859, 30.826022000330088], [121.18880500030853, 30.82880099958403], [121.1875550003081, 30.829799999772458], [121.18561500004711, 30.828195999623297], [121.18655000042325, 30.827152000155678], [121.18572700013833, 30.8266850001689], [121.18476199959858, 30.827556999770714], [121.1832840000971, 30.826652000413322], [121.18464400028992, 30.82484399995949], [121.18292799974972, 30.824554000167325], [121.1842759995074, 30.823146999821113], [121.18286000048266, 30.82291499992743], [121.1827810003313, 30.82193999964487], [121.17738999998326, 30.824369000326328], [121.17396200011395, 30.82482099976603], [121.17196899973614, 30.824032999979767], [121.17166599952176, 30.821510000371482], [121.1700200002254, 30.821282999844517], [121.16991399999553, 30.822430999909404], [121.16811700004791, 30.822464999797162], [121.16550700042633, 30.820939000067995], [121.16556100040393, 30.819477000358415], [121.16333900009305, 30.820123000059432], [121.16227999983576, 30.822977999763626], [121.15847800020181, 30.822957999614125], [121.15727899955057, 30.821495000124443], [121.15526400007784, 30.821689999706525], [121.15523500004349, 30.820765999636958], [121.15394300037806, 30.82073600017351], [121.15230999972532, 30.819012000308632], [121.14998899959943, 30.82011199973281], [121.15062200015986, 30.822480000219038], [121.14785799997769, 30.823160000305148], [121.14717599965797, 30.827174999711872], [121.14079500033397, 30.82868699979784], [121.13286800008774, 30.826924000317785], [121.13290299958088, 30.832668999583973], [121.13122600033768, 30.831642000241775], [121.13177100007351, 30.830300999754783], [121.12984300042656, 30.83031000025101], [121.12970800004864, 30.832856000276223], [121.12800699973668, 30.834319999559327], [121.12994100041415, 30.835377000262127], [121.12704200002308, 30.838837000115806], [121.1256999997468, 30.83706499956245], [121.12100499955078, 30.838256999814426], [121.1155020000673, 30.838446000152352], [121.11588799964944, 30.837400999679623], [121.11521899990707, 30.838267999959612], [121.11467500011533, 30.837048999876348], [121.11329700016857, 30.837533999606055], [121.11540900047797, 30.840184000080125], [121.11547900022804, 30.844890000362685], [121.11878000020693, 30.84951600021144], [121.1567710001131, 30.850444999556103], [121.16113200012138, 30.854522999634998], [121.16204799989336, 30.856772999998526], [121.16284699986474, 30.87428299994821], [121.1744609995689, 30.876062000346785]]]}}, {"type": "Feature", "properties": {"NAME": "亭林", "idx": 145}, "geometry": {"type": "Polygon", "coordinates": [[[121.23918000005418, 30.920269999750875], [121.24197199978403, 30.91125799957334], [121.24199099994672, 30.912325999729397], [121.2442500000381, 30.911791000423015], [121.24424999996, 30.912658000124488], [121.25014500008763, 30.912048000400112], [121.25133299955533, 30.910413999995185], [121.25362400013556, 30.910739000452264], [121.25447199975991, 30.909670999820662], [121.25775600026594, 30.91044600028001], [121.25794700026799, 30.90931299979828], [121.2624020005029, 30.90887899982369], [121.26154200029394, 30.90428699963931], [121.26454799961596, 30.904236000188707], [121.265646999762, 30.90266099982805], [121.2681030004251, 30.902817999826404], [121.27022599995267, 30.898295000020433], [121.2742189997154, 30.899777000380286], [121.27536799959454, 30.89686000040727], [121.27731499977251, 30.896987000329332], [121.27761800017974, 30.899113000261178], [121.28075099957559, 30.899214000275858], [121.28124200015782, 30.897916000125896], [121.28354100017887, 30.89855000034979], [121.28359200012775, 30.902605000172883], [121.28545100050718, 30.90251500007038], [121.28544099968714, 30.905401999704747], [121.28628600047892, 30.905336999668048], [121.28632000021632, 30.906602000224158], [121.28595900008517, 30.90908900008138], [121.28485500031182, 30.90929700004857], [121.28607499985137, 30.910529999689533], [121.28523000025373, 30.910550999717156], [121.28549300024366, 30.9121290001875], [121.28375600046253, 30.912493000267652], [121.28483599983593, 30.91653300005123], [121.28414499959901, 30.919625000039442], [121.2900399996757, 30.92089400029148], [121.29005300012518, 30.917234999890034], [121.29194499994351, 30.91719200026036], [121.2936490005142, 30.912292000320825], [121.29731500034494, 30.910851999981382], [121.29726000027449, 30.911788999994368], [121.2983130001718, 30.911751999667807], [121.29867099959137, 30.914608000379566], [121.30173499959712, 30.91442800023813], [121.30191899994338, 30.91252599966554], [121.30295100030767, 30.912005999650468], [121.3062689999581, 30.912592999623794], [121.30666800013286, 30.911312999682803], [121.30740699997381, 30.91301799984131], [121.30856199960378, 30.91331799992807], [121.30961100041311, 30.91168499994798], [121.31307799998103, 30.91208100042386], [121.31310699968336, 30.913270999832246], [121.31531499981732, 30.913543999719035], [121.31664600032038, 30.911284999659532], [121.31833300036648, 30.91069399983556], [121.32237999951809, 30.911442000044243], [121.32301200023703, 30.91240499965158], [121.32358800006318, 30.91095500044245], [121.32568599955495, 30.91107300012652], [121.32633600009733, 30.909722999801563], [121.32825900047388, 30.91028800021816], [121.32912299969223, 30.909197000135375], [121.33055899999727, 30.910226999589064], [121.3318140001969, 30.90898300022835], [121.33540199972467, 30.911028999613137], [121.3404309995272, 30.91112599968814], [121.33971500014414, 30.912528999717992], [121.34171799966411, 30.91388700025612], [121.34070499980173, 30.91466800014712], [121.34178099959055, 30.915303000234886], [121.34286500043012, 30.915556000023486], [121.34435900007699, 30.914336999719676], [121.34720899999529, 30.915188999826846], [121.3507670005076, 30.91230599978678], [121.35138200006834, 30.90985799996837], [121.35270799993032, 30.909416999693722], [121.35346900019238, 30.90313200017262], [121.35581799963394, 30.89961200030311], [121.35860900037264, 30.888849999643302], [121.3614499999884, 30.88888899973129], [121.37095800045105, 30.882624000366814], [121.37749600042383, 30.880844000407944], [121.37684800043674, 30.8782369997764], [121.37807000042913, 30.876466999992182], [121.37821300002459, 30.87125899975998], [121.37719899988295, 30.869436999971587], [121.37730200026574, 30.866019000231343], [121.37931699994945, 30.86558099954862], [121.37904499975272, 30.853349999775933], [121.3806629999793, 30.845242999851457], [121.36841599957317, 30.84475100043824], [121.3683439998048, 30.843013000029142], [121.36709800019186, 30.84302300039716], [121.36200799953468, 30.843917000258948], [121.36206999961249, 30.844803000030264], [121.3526399995832, 30.845675999622014], [121.35173900052862, 30.839684999578523], [121.34682599971525, 30.8320600001903], [121.35112700003998, 30.83030599957793], [121.35053100009581, 30.829281000114065], [121.35121400039272, 30.82870700003014], [121.34849000021087, 30.824945999554252], [121.35036699959373, 30.82335700015424], [121.35007299999829, 30.820781000401198], [121.34685700030383, 30.82017300030441], [121.34781599953877, 30.815016000309242], [121.34569999951539, 30.812862000151235], [121.34612500002865, 30.810629000101216], [121.3388389998272, 30.80875999961342], [121.3366760003231, 30.80311100035489], [121.33667099967914, 30.799085999670453], [121.33581199971842, 30.799159000178793], [121.33464099975532, 30.79463499963225], [121.33289099994447, 30.796115000062656], [121.33207499994323, 30.795657999807112], [121.33095599996135, 30.798709000392062], [121.32741400002126, 30.797691000135114], [121.32820199990418, 30.796250000214254], [121.32029900016215, 30.795547999923784], [121.32045500035399, 30.794492000106732], [121.31937499961671, 30.794292999701526], [121.3180420000881, 30.795914999952092], [121.31879999948958, 30.79609099962892], [121.31839300022784, 30.79677599967686], [121.31582000044794, 30.7984440000296], [121.31658700016206, 30.79941600005164], [121.31457200017272, 30.804683000102813], [121.3111830003951, 30.807854000379038], [121.31059800033155, 30.809056000223638], [121.31180099994054, 30.80974000006623], [121.31096799983494, 30.810608000157046], [121.31010899990599, 30.810301000154517], [121.29895500041121, 30.818183000391826], [121.30004900009698, 30.819452999793683], [121.29923499973442, 30.820565000385795], [121.29679499974971, 30.818834000144886], [121.29549800040871, 30.820325000171017], [121.29417600036786, 30.819274999796253], [121.29362799960137, 30.81986200019942], [121.29486799975562, 30.820899999845057], [121.29246499974461, 30.822846000126948], [121.2938030000143, 30.82411000015153], [121.28883400026031, 30.82861599972262], [121.288034000395, 30.83106900008826], [121.28810099959077, 30.832295999768554], [121.29285999968724, 30.83464700004639], [121.29093500046815, 30.83795399973878], [121.29181299992369, 30.839058000381712], [121.28628599976635, 30.845002000301598], [121.28545899965685, 30.847282000227544], [121.28183700047647, 30.848970000030462], [121.27945699959467, 30.85187100020703], [121.2748860002581, 30.852240000348328], [121.27084500048082, 30.84894100030149], [121.27116299950166, 30.848140000178073], [121.26648199957256, 30.845469999977784], [121.2690040005083, 30.842161999745645], [121.26960299971718, 30.8392239998812], [121.26745399995183, 30.838467000325462], [121.26715800023266, 30.836632000416113], [121.26564300046111, 30.836423999818223], [121.26550199961135, 30.83757700015214], [121.26379799978127, 30.837221000040138], [121.2612040003383, 30.840950000356006], [121.2600909998197, 30.840146000292766], [121.25898500051021, 30.841240000454686], [121.25820499956394, 30.840054999938218], [121.25765699988732, 30.840756999687134], [121.25409000016816, 30.838512999717288], [121.24880600011132, 30.83893999981975], [121.24612300003739, 30.841825000167514], [121.23870100021271, 30.85682599985777], [121.23541800003132, 30.8610090000997], [121.23473899993283, 30.864634000046053], [121.23220599993826, 30.867638000430258], [121.23024500022294, 30.87350999980955], [121.22711900036582, 30.87634700027152], [121.22689699972635, 30.878504000264527], [121.22475300010916, 30.881617000324457], [121.22496099975547, 30.88312999965116], [121.22644499970016, 30.883897999569474], [121.23146800031309, 30.901413000434285], [121.22796000012981, 30.904700999807755], [121.23015499967049, 30.906209000271375], [121.22939199990367, 30.90971500015007], [121.232440999748, 30.91346499995118], [121.23250899951312, 30.91512300029726], [121.2238910003604, 30.92095399997799], [121.22466599953592, 30.92590700016999], [121.22262200049266, 30.92904999975286], [121.22998999981176, 30.930982999612223], [121.23028299964321, 30.92841200002529], [121.23232300010933, 30.92860800010473], [121.23344299992931, 30.92729999994263], [121.23586699998518, 30.927533000437187], [121.23851699952493, 30.92224299980356], [121.24013799979748, 30.922758999739855], [121.24100099964805, 30.92133700031004], [121.2399259997421, 30.92097700038081], [121.24110999970735, 30.91944599980712], [121.23918000005418, 30.920269999750875]]]}}, {"type": "Feature", "properties": {"NAME": "朱泾", "idx": 146}, "geometry": {"type": "Polygon", "coordinates": [[[121.21855099983156, 30.932783999865553], [121.22466599953592, 30.92590700016999], [121.2238910003604, 30.92095399997799], [121.23250899951312, 30.91512300029726], [121.232440999748, 30.91346499995118], [121.22939199990367, 30.90971500015007], [121.23015499967049, 30.906209000271375], [121.22796000012981, 30.904700999807755], [121.23146800031309, 30.901413000434285], [121.22644499970016, 30.883897999569474], [121.22574199979586, 30.884053999625998], [121.22473599972018, 30.88218200005698], [121.22689699972635, 30.878504000264527], [121.22661499992337, 30.87722499964385], [121.23024500022294, 30.87350999980955], [121.23042800006222, 30.871328000235028], [121.23189300048855, 30.86965900000711], [121.22993199983372, 30.869690000330003], [121.2295569998193, 30.86786999986659], [121.22825100019098, 30.867796999601953], [121.22753099968115, 30.866563999828724], [121.22724599974796, 30.867307999722634], [121.22459899976671, 30.867083000135956], [121.22425100002354, 30.867754000167952], [121.21956499973831, 30.86554200040603], [121.21861300024125, 30.866183999990874], [121.21894299951181, 30.86185600042604], [121.21736299979096, 30.861720000373325], [121.21875800040237, 30.861037999647113], [121.21797700034175, 30.859951999831775], [121.21414899999233, 30.861034999632917], [121.20940900034563, 30.860378999811793], [121.21037000051803, 30.85854199958067], [121.20870299997794, 30.858584999690454], [121.20855700027519, 30.857659999964135], [121.21076099985468, 30.857583000163302], [121.2079040001646, 30.857294000106418], [121.20802700024309, 30.85606399973074], [121.20899799962515, 30.856230000255962], [121.20901700044723, 30.85404900015392], [121.20640200017937, 30.85351900022777], [121.20052100048427, 30.855071999953577], [121.19667100011141, 30.856713000189682], [121.19493700008121, 30.85967999963822], [121.19469200019577, 30.858023999799517], [121.19203699976289, 30.85783200022439], [121.1918109996889, 30.855160999884422], [121.19080199960443, 30.854879000408804], [121.1894730000026, 30.85582100024377], [121.18817100011815, 30.854942999688756], [121.18810999969848, 30.8565339999997], [121.18631300022828, 30.855866000212988], [121.1765959996442, 30.858304999955532], [121.17445199979768, 30.876107000199614], [121.16284699986474, 30.87428299994821], [121.16204799989336, 30.856772999998526], [121.16113200012138, 30.854522999634998], [121.1567710001131, 30.850444999556103], [121.120849000067, 30.849757000099675], [121.11964099990655, 30.8527710000301], [121.11995900006451, 30.85487600032111], [121.11761000046504, 30.85818400000604], [121.1186839997661, 30.858207000208267], [121.11854699949578, 30.859057999976315], [121.12096800043885, 30.85841299989662], [121.1206389996303, 30.86162199986815], [121.11607099990655, 30.86104499975182], [121.11659099977818, 30.86313399958104], [121.11568700002643, 30.86151400038273], [121.11451200009616, 30.863093999743032], [121.11533400037479, 30.86592799959811], [121.1172419996722, 30.86641799982873], [121.11826999986596, 30.871202000381654], [121.11765300047729, 30.872739999935753], [121.11548699984233, 30.872834999994126], [121.11543499961867, 30.871525000360098], [121.11369400041701, 30.871418999890615], [121.1134870003698, 30.872318999736713], [121.10962200036259, 30.872550999800445], [121.10994300033936, 30.87103800043241], [121.10832500036472, 30.87107800006944], [121.10724899967761, 30.872613999943074], [121.10453099996776, 30.872372999914813], [121.1044309995742, 30.873433000312172], [121.10330200050683, 30.873489999865814], [121.10414399982098, 30.877194999684136], [121.10340799946957, 30.886782000434824], [121.10247300047597, 30.887490000377923], [121.101640000156, 30.892290000033245], [121.10303800010358, 30.892379000331488], [121.10291100013902, 30.89384199979153], [121.11232599970671, 30.90302200001478], [121.1133790002518, 30.90377200027161], [121.1176389996567, 30.903356000398198], [121.11891399974851, 30.905338999636662], [121.12531300038306, 30.90486199973305], [121.12705200003666, 30.901951000149065], [121.12750200007625, 30.902631000245727], [121.12905399957553, 30.902246000375705], [121.1297499996196, 30.90415900011821], [121.13654399975944, 30.903273000032794], [121.13634099985421, 30.906852000177448], [121.13484899953379, 30.90935900024871], [121.13545100005479, 30.912416999749208], [121.1330129997794, 30.913592000044698], [121.13263300040585, 30.915159000030982], [121.13438599980127, 30.921843000378832], [121.13706600015114, 30.921462999761165], [121.13848099986728, 30.92025900002553], [121.13731299987006, 30.91885199996519], [121.13738699998218, 30.917726000308043], [121.13869000003501, 30.917708000249718], [121.13805300046839, 30.917050000284164], [121.14505299986993, 30.914803999609063], [121.14514199961721, 30.913442999654908], [121.14686800045808, 30.91356700017769], [121.14792700040242, 30.91251400012673], [121.14879700005527, 30.913480999585353], [121.15156500033798, 30.91259799986337], [121.15187700018586, 30.92041899955622], [121.15322599983449, 30.922271999920287], [121.15994899994104, 30.921932000448944], [121.16241200049201, 30.918985999968648], [121.16651400013517, 30.91670300030974], [121.17837599967682, 30.917226999845546], [121.18434099963987, 30.919098999933734], [121.19331900045715, 30.91984800016558], [121.20428299956862, 30.922441999555488], [121.21855099983156, 30.932783999865553]]]}}, {"type": "Feature", "properties": {"NAME": "枫泾", "idx": 147}, "geometry": {"type": "Polygon", "coordinates": [[[121.00944300003862, 30.951924999803072], [121.00996699964445, 30.949336999856914], [121.00683000024739, 30.949243000417052], [121.00673500004093, 30.94697900002526], [121.00817800013117, 30.947217999959584], [121.007245999739, 30.946895000181833], [121.00748100011228, 30.94594700040449], [121.0100779996837, 30.946575999674714], [121.0111589998182, 30.943169000195606], [121.0124089994909, 30.942286000438372], [121.01345200000434, 30.94198600024183], [121.01281499980873, 30.94366299994078], [121.01502199985279, 30.94425299991859], [121.01528100041452, 30.943481999587906], [121.02543300031857, 30.94627799990301], [121.02523599991775, 30.943390999641807], [121.02653500025782, 30.943563999924518], [121.02646700012443, 30.942138000008203], [121.02767800043326, 30.94199899989452], [121.02456100019414, 30.931127000165766], [121.02391199995544, 30.924616000272923], [121.02038000010806, 30.915256000176456], [121.02031899948784, 30.911640000228232], [121.03053200035477, 30.908402000187408], [121.02992699983807, 30.905103999859797], [121.03211000012828, 30.90405700005224], [121.03398900007824, 30.90424200034461], [121.03616300025065, 30.90686400031023], [121.03731300033957, 30.901301999650205], [121.04156100026715, 30.904287999744316], [121.06364399967096, 30.906537000389363], [121.06393600028309, 30.90404899967414], [121.06789700049511, 30.90521200039363], [121.0676320003401, 30.906935999857037], [121.07640600001154, 30.908200000256237], [121.07730200032019, 30.90633500026109], [121.08012200052464, 30.907191999845224], [121.08440400035748, 30.906300999801314], [121.08458799983174, 30.905400000285262], [121.08700800046488, 30.90551299975437], [121.08701700020578, 30.906806000220136], [121.0896650002687, 30.907131000133578], [121.08973399996925, 30.904525000397985], [121.09246299960473, 30.905230000212175], [121.09222500002404, 30.90661400045108], [121.0939369998754, 30.90697800031844], [121.09380399987616, 30.90975099998341], [121.092701999946, 30.91089500006898], [121.09110800010198, 30.910756999992376], [121.09165399951821, 30.912376999617617], [121.08930799979514, 30.911872000156308], [121.0878859995326, 30.912947000348414], [121.08541900018369, 30.91308599968713], [121.08445000015755, 30.914043999852424], [121.08439599953157, 30.916617000073025], [121.087738999917, 30.919236999745177], [121.09573900022174, 30.928544000218903], [121.0997169997815, 30.92482300015569], [121.10053800043356, 30.92194400009423], [121.10403199968819, 30.922958000284], [121.10579700005788, 30.924535000345927], [121.10872499972288, 30.923224000072878], [121.10963500011525, 30.92383900020573], [121.11676000015161, 30.92202600025088], [121.11492600028387, 30.912488999664916], [121.11321599991493, 30.91285200012372], [121.11255199952426, 30.91037700002329], [121.11146900019492, 30.910606000204385], [121.10600499969436, 30.90283899988507], [121.10622799990809, 30.901206000167143], [121.10875300016008, 30.899614999695782], [121.10291100013902, 30.89384199979153], [121.10303800010358, 30.892379000331488], [121.10164900025048, 30.891885000030594], [121.10247300047597, 30.887490000377923], [121.10340799946957, 30.886782000434824], [121.10414399982098, 30.877194999684136], [121.10330200050683, 30.873489999865814], [121.1044309995742, 30.873433000312172], [121.10453099996776, 30.872372999914813], [121.10724899967761, 30.872613999943074], [121.10832500036472, 30.87107800006944], [121.10994300033936, 30.87103800043241], [121.10984799969823, 30.872578000367334], [121.1134870003698, 30.872318999736713], [121.11369400041701, 30.871418999890615], [121.11543499961867, 30.871525000360098], [121.11557599983584, 30.872850000014527], [121.11803999994846, 30.872097999942483], [121.11706100047314, 30.865940999844376], [121.11533400037479, 30.86592799959811], [121.11451200009616, 30.863093999743032], [121.11568700002643, 30.86151400038273], [121.11659099977818, 30.86313399958104], [121.11607099990655, 30.86104499975182], [121.1206389996303, 30.86162199986815], [121.12096800043885, 30.85841299989662], [121.11854699949578, 30.859057999976315], [121.1186839997661, 30.858207000208267], [121.11761000046504, 30.85818400000604], [121.11995900006451, 30.85487600032111], [121.11964099990655, 30.8527710000301], [121.120849000067, 30.849757000099675], [121.11749300008738, 30.850174000326124], [121.11792099967631, 30.85086400006948], [121.11686100043332, 30.85238800044845], [121.11552200017613, 30.85100000020799], [121.11262200046164, 30.852514000109235], [121.10882899980108, 30.85486799996018], [121.10954400039073, 30.855430999831622], [121.1084500003907, 30.85630299967177], [121.10579099988239, 30.853471000063337], [121.10040000022397, 30.851718999944637], [121.09939500003509, 30.852648999859476], [121.09703199986353, 30.852185999664943], [121.09503700016734, 30.855147000255332], [121.0959900001019, 30.855849000220697], [121.09442400003849, 30.855899000074597], [121.09266100032355, 30.859007000296764], [121.07630800028689, 30.85091399959297], [121.0622480004593, 30.850800000028197], [121.05586900044288, 30.84729499981451], [121.05718799989087, 30.845567999766537], [121.05584500013187, 30.845122999616425], [121.0567399998951, 30.84066700024528], [121.04295600024359, 30.833160999804583], [121.04469300012609, 30.828091000245756], [121.04279799958988, 30.827242999857457], [121.03845899992358, 30.83056399957183], [121.03590200011897, 30.829369999816524], [121.03770099951541, 30.827563000178873], [121.03592599980003, 30.826626000193862], [121.03654400021264, 30.825599999626398], [121.03472499961427, 30.8249200000401], [121.03494899996625, 30.82317000024958], [121.0335179995299, 30.822768999672135], [121.03423199975272, 30.82111600033011], [121.03726899968565, 30.821973000364302], [121.0368360000538, 30.82381800015974], [121.03753599968447, 30.82200900014018], [121.03898400029297, 30.822447999883167], [121.04040000009718, 30.818439999907447], [121.03343500026602, 30.81648400038882], [121.03155699949926, 30.822165000102213], [121.02536799977722, 30.830928000318586], [121.01096999998656, 30.836104000348836], [121.01030300003394, 30.837641000415672], [121.00924300042527, 30.837460999715933], [121.01009199982002, 30.838232999613602], [121.00781800040039, 30.837962000372446], [121.00790300010176, 30.837106999867142], [121.00712899951127, 30.837551999731815], [121.00064899952173, 30.830486000322914], [120.99918199986365, 30.831150999679558], [121.00013899985508, 30.829494000067598], [120.99960099985401, 30.82848999983772], [120.99729299962335, 30.830221000408944], [120.99788000028006, 30.831231999692342], [120.99633900001709, 30.83171500024401], [120.99433499950207, 30.830503000383576], [120.99250700049868, 30.826843999830444], [120.99090299967766, 30.826233999976367], [120.99168400027207, 30.82578199972342], [120.98987900034125, 30.8235079998257], [120.98575900023883, 30.825659000410383], [120.98832800013443, 30.829094000246744], [120.98511100051407, 30.830417000021246], [120.9880409999158, 30.833892999907615], [120.98506099960629, 30.834753000066268], [120.98549900029352, 30.835346999893993], [120.98470199960364, 30.83577199962383], [120.98860100019762, 30.84086000015392], [120.99088200020077, 30.84020900034567], [120.99286700020238, 30.843282999801318], [120.99346699952216, 30.84669000030271], [120.9961479995067, 30.8459430000571], [120.99796599964877, 30.849163999576668], [120.99923600009464, 30.84823899961199], [121.00095000015567, 30.849721999934044], [121.00252299981958, 30.853339000239178], [121.00335999985187, 30.852926000332534], [121.00599599991855, 30.855896999640343], [121.00823399980489, 30.85418799967317], [121.0103620000265, 30.856509999590756], [121.00652599967208, 30.85824999960429], [121.00902600047985, 30.862293000042424], [121.01012200035628, 30.861325999972802], [121.01125400042181, 30.86270800026291], [121.01016399960275, 30.863336999739623], [121.011636000313, 30.86510700025532], [121.00975000042908, 30.866860999839446], [121.013605999842, 30.871242999586947], [121.0112249994822, 30.873354999824958], [121.01365600018899, 30.875672000287736], [121.01587000030698, 30.87458299963372], [121.01689100048681, 30.875545000258807], [121.0156719997098, 30.876425999994552], [121.01734900050367, 30.87725099986514], [121.01512700049027, 30.878705000012552], [121.0168950002143, 30.88060400019218], [121.01397200006873, 30.883265999873363], [121.0135109995394, 30.88496399996989], [121.00905700042952, 30.884130999954007], [121.00954199950284, 30.88537699972919], [121.0067779996038, 30.884431000078767], [121.00323100033165, 30.885401999636613], [121.00271199991579, 30.88584399985229], [121.005611999668, 30.889162999595285], [121.00328099948872, 30.890452999935018], [120.98880800014162, 30.892089000040254], [120.98904199996365, 30.896478000425653], [120.98612000001677, 30.898126000150835], [120.98929099952987, 30.905251000348493], [120.99076999981924, 30.906073999773202], [120.99413400025973, 30.90580299985425], [120.99478699988116, 30.908274000168205], [120.99878900012284, 30.9073770003388], [120.99959899973965, 30.909554999906995], [121.00036399970784, 30.909357000044896], [121.0003469996248, 30.911597000067538], [120.99507700047727, 30.91194400008314], [120.9944179995238, 30.91407499985601], [120.99558099985518, 30.93779300035305], [120.99648200033786, 30.94007000018387], [120.99580099997426, 30.940630999689837], [120.99290899972159, 30.93960900014905], [120.99563300023898, 30.94075200011813], [120.9912599996175, 30.946113999591265], [120.99290800023108, 30.94647899969361], [120.99326299997978, 30.953324999801712], [120.9964210003766, 30.95331399979474], [120.99648800010306, 30.952402999871587], [120.99672000009129, 30.953314999912802], [120.99794599949934, 30.953278999694753], [120.99848299999495, 30.949203000426067], [121.00588899985088, 30.950589000112576], [121.00478499969532, 30.951541000186], [121.00572000025501, 30.95167100023553], [121.00604700037134, 30.953263000104204], [121.0072399996708, 30.953223999955863], [121.00736500030598, 30.95182699990908], [121.00944300003862, 30.951924999803072]]]}}, {"type": "Feature", "properties": {"NAME": "芦潮港镇", "idx": 148}, "geometry": {"type": "MultiPolygon", "coordinates": [[[[121.80066400049371, 30.86520500035444], [121.80152900050379, 30.85673399971143], [121.78982999996725, 30.858122999674723], [121.7898580003966, 30.86615100001274], [121.80066400049371, 30.86520500035444]]], [[[121.87617399954662, 30.889994999841047], [121.88553199994391, 30.883467999865093], [121.88869699987913, 30.880607000202303], [121.88921600006226, 30.878637000336802], [121.91244899958326, 30.85843599985715], [121.88760200011214, 30.84782099975958], [121.88160299990237, 30.847693999646786], [121.87955199980844, 30.84934300042253], [121.87379799990177, 30.848480000332646], [121.84630100015158, 30.850307000192494], [121.84586999973587, 30.847710000182932], [121.83940999975346, 30.847411000307325], [121.83525300031718, 30.845111000130203], [121.83538899958444, 30.858259999897665], [121.8302909998583, 30.858907000108562], [121.83034399973458, 30.871969000152934], [121.82613099952768, 30.87197300001984], [121.82599099995285, 30.878453999567313], [121.82672699976345, 30.880130999951437], [121.8372910003631, 30.880592000345363], [121.83671900015275, 30.884167999691226], [121.83558499956615, 30.885321999651143], [121.83587500029262, 30.886961999908454], [121.83987000028442, 30.891327999615136], [121.84362800016689, 30.88758099956217], [121.84546599979114, 30.88959599974254], [121.85157099969862, 30.892548000414862], [121.87031300007607, 30.905140000404533], [121.87934399975074, 30.897633999891703], [121.87617399954662, 30.889994999841047]]]]}}, {"type": "Feature", "properties": {"NAME": "芦潮港农场虚拟生活区", "idx": 149}, "geometry": {"type": "Polygon", "coordinates": [[[121.76746300022083, 30.87729300018111], [121.76767900013016, 30.871788000189337], [121.77484799958754, 30.872373000441254], [121.77483600051362, 30.868080000169], [121.7898580003966, 30.86615100001274], [121.78982999996725, 30.858122999674723], [121.80152900050379, 30.85673399971143], [121.80066400049371, 30.86520500035444], [121.80908700039521, 30.86557700037168], [121.80857899996212, 30.87203600007062], [121.83034399973458, 30.871969000152934], [121.8302909998583, 30.858907000108562], [121.83538899958444, 30.858259999897665], [121.83525300031718, 30.845111000130203], [121.82289699957674, 30.844985000032977], [121.80245200041416, 30.84735299959014], [121.78340999955066, 30.848283000122446], [121.76436699982025, 30.847748999763553], [121.76341499965106, 30.865564000138715], [121.76746300022083, 30.87729300018111]]]}}, {"type": "Feature", "properties": {"NAME": "申港街道", "idx": 150}, "geometry": {"type": "Polygon", "coordinates": [[[121.91244899958326, 30.85843599985715], [121.88921600006226, 30.878637000336802], [121.88869699987913, 30.880607000202303], [121.88553199994391, 30.883467999865093], [121.88288699991534, 30.88453899984179], [121.88945099985087, 30.889784999931347], [121.89574200035064, 30.891908999604535], [121.89361899983238, 30.898696999564002], [121.89316700007947, 30.906510000371664], [121.8946510003422, 30.91367799976874], [121.8979220001308, 30.920315999981604], [121.90360000030104, 30.926856000419395], [121.9115590005178, 30.93240100039007], [121.9172960005055, 30.937721000306336], [121.96567099973831, 30.939576999827676], [121.97397899950506, 30.920506999681358], [121.972393999578, 30.88479100003505], [121.96221900043716, 30.877155000072268], [121.91244899958326, 30.85843599985715]]]}}, {"type": "Feature", "properties": {"NAME": "东海农场", "idx": 151}, "geometry": {"type": "Polygon", "coordinates": [[[121.90631199960181, 30.943480000192338], [121.90578499956935, 30.928685999796404], [121.9000240000602, 30.923159000434346], [121.89574999963781, 30.91640900015414], [121.89354699983258, 30.909451000151932], [121.89318900047866, 30.901749999850004], [121.88337199992252, 30.90532900022598], [121.89137300003424, 30.92871399990508], [121.89182899960653, 30.93111100008031], [121.89006700000317, 30.933734999558787], [121.89085399999284, 30.943907999755567], [121.90631199960181, 30.943480000192338]]]}}, {"type": "Feature", "properties": {"NAME": "泥城镇", "idx": 152}, "geometry": {"type": "Polygon", "coordinates": [[[121.80289999968772, 30.95151000035178], [121.80544399969867, 30.948596000021567], [121.80665100037965, 30.948489000248763], [121.80694800005219, 30.949350000317754], [121.81028899993092, 30.948697999649006], [121.81077300033378, 30.94793799981634], [121.80988999957994, 30.946519000158744], [121.81134300023719, 30.94570900012177], [121.81145599962511, 30.94725199983426], [121.81235099975537, 30.94654800020405], [121.81377099974948, 30.947061999832876], [121.81560399973829, 30.945582000348423], [121.8165860002063, 30.946523999988308], [121.81733500044464, 30.946118000078275], [121.81605699988943, 30.945246000199784], [121.8167810002704, 30.944788000228527], [121.81762299997251, 30.945961999691317], [121.82688100038939, 30.94168399987533], [121.82578299950057, 30.940009999775494], [121.83121900001521, 30.937117999950416], [121.83115499948799, 30.935281999791094], [121.83241900041384, 30.93467399963269], [121.83092399996636, 30.933338999829136], [121.83310400030405, 30.932390999989178], [121.83271400028976, 30.931725000227313], [121.83064300052263, 30.932755999861524], [121.82981000046323, 30.930990000142742], [121.84713200014983, 30.92209700025699], [121.8759549997507, 30.909159000171616], [121.87539300048273, 30.908743000005913], [121.89318900047866, 30.901749999850004], [121.89574200035064, 30.891908999604535], [121.88945099985087, 30.889784999931347], [121.88288699991534, 30.88453899984179], [121.87617399954662, 30.889994999841047], [121.87934399975074, 30.897633999891703], [121.87031300007607, 30.905140000404533], [121.85157099969862, 30.892548000414862], [121.84546599979114, 30.88959599974254], [121.84362800016689, 30.88758099956217], [121.83987000028442, 30.891327999615136], [121.83587500029262, 30.886961999908454], [121.83558499956615, 30.885321999651143], [121.83671900015275, 30.884167999691226], [121.8372910003631, 30.880592000345363], [121.82672699976345, 30.880130999951437], [121.82599099995285, 30.878453999567313], [121.82613099952768, 30.87197300001984], [121.80857899996212, 30.87203600007062], [121.80908700039521, 30.86557700037168], [121.79578300003921, 30.865388000125954], [121.77483600051362, 30.868080000169], [121.77484799958754, 30.872373000441254], [121.76767900013016, 30.871788000189337], [121.76714899995935, 30.876521000316203], [121.76864200042615, 30.88216199977925], [121.77217999955974, 30.882535999879842], [121.77145900021854, 30.888308000296608], [121.77412600051007, 30.89651600029046], [121.773252000029, 30.897297999839274], [121.77426100020733, 30.8971420002713], [121.77436900039022, 30.898017999989854], [121.77326200009524, 30.905960999657278], [121.77674099959678, 30.91789600004725], [121.775240999667, 30.924691000232883], [121.77316199986949, 30.92471299984047], [121.77322000041583, 30.92533800030502], [121.77513600008491, 30.924985000403844], [121.77347300050734, 30.926423999565053], [121.77445300006079, 30.92649699975632], [121.77388599982999, 30.927634999933435], [121.77477199953395, 30.9283210003952], [121.77802799984707, 30.928201999640947], [121.77795399987235, 30.92935499980797], [121.7804659998355, 30.93156799993351], [121.78063499972441, 30.93420800017401], [121.78204500032477, 30.93325300028185], [121.78326500045866, 30.93447499963389], [121.78275699993905, 30.936418999661903], [121.78458499961454, 30.936733999614678], [121.78132100021124, 30.938550000315978], [121.78253099955168, 30.939613000022142], [121.78401999989211, 30.944401000348368], [121.77760399995651, 30.945881999655192], [121.77852500015817, 30.948921999613965], [121.77972200041594, 30.94760099959057], [121.78390700017881, 30.95165800020989], [121.78548000016607, 30.950923999805532], [121.78692699996037, 30.952139999599616], [121.78986099959764, 30.950500999582697], [121.79035499975662, 30.951381000388537], [121.79138499960644, 30.95089600042329], [121.79353399958275, 30.95493800012163], [121.7956889998299, 30.956056000446154], [121.79744000028137, 30.95550600009268], [121.79852099950807, 30.95328000036696], [121.80289999968772, 30.95151000035178]]]}}, {"type": "Feature", "properties": {"NAME": "万祥镇", "idx": 153}, "geometry": {"type": "Polygon", "coordinates": [[[121.81291800048244, 30.993680000267457], [121.83287200007742, 30.989034999759188], [121.83169199956289, 30.98862999987926], [121.83072900002999, 30.98424500000221], [121.83405199982674, 30.983148999639575], [121.83368800008837, 30.98119099998055], [121.83553699957967, 30.97993199993855], [121.8381390001721, 30.97964100029583], [121.83834300001352, 30.978521999668633], [121.83952799958517, 30.979213999905447], [121.83785100051607, 30.973829000171992], [121.84003099990925, 30.973088000034174], [121.83934799956727, 30.961257999944095], [121.83867699980027, 30.960974000062237], [121.83921099959171, 30.95943099955158], [121.83654499966124, 30.950995999965233], [121.83680799972821, 30.948297999568833], [121.83793000011075, 30.94788199960305], [121.83707800003262, 30.945025999838954], [121.83901399980545, 30.944271999832637], [121.83742799981465, 30.937959999742066], [121.83912500010372, 30.936904999844405], [121.8384640002818, 30.93517700016668], [121.83661799955131, 30.93575800036273], [121.83631100014436, 30.93320199980505], [121.83115499948799, 30.935281999791094], [121.83121900001521, 30.937117999950416], [121.82578299950057, 30.940009999775494], [121.82688100038939, 30.94168399987533], [121.82614999991611, 30.94208900024933], [121.81762299997251, 30.945961999691317], [121.8167810002704, 30.944788000228527], [121.81605699988943, 30.945246000199784], [121.81733500044464, 30.946118000078275], [121.8165860002063, 30.946523999988308], [121.81560399973829, 30.945582000348423], [121.81377099974948, 30.947061999832876], [121.81235099975537, 30.94654800020405], [121.81145599962511, 30.94725199983426], [121.81134300023719, 30.94570900012177], [121.80988999957994, 30.946519000158744], [121.81077300033378, 30.94793799981634], [121.81028899993092, 30.948697999649006], [121.80694800005219, 30.949350000317754], [121.80665100037965, 30.948489000248763], [121.80544399969867, 30.948596000021567], [121.80402199954595, 30.95101300031533], [121.79852099950807, 30.95328000036696], [121.79744000028137, 30.95550600009268], [121.79509299995622, 30.955491999846895], [121.79331699951909, 30.956605999811103], [121.79369800008544, 30.957331000092307], [121.79187899992952, 30.959148000200162], [121.7926580005064, 30.959546000199612], [121.79181699992658, 30.95952600023803], [121.79182400025672, 30.96050399962836], [121.79048599949405, 30.960106000019675], [121.79044600048712, 30.961192000378812], [121.78756100032254, 30.962565000369413], [121.78860599982733, 30.96529500027482], [121.78652100036611, 30.96522900015257], [121.78530500050053, 30.96638900035849], [121.78538700032577, 30.970772000182233], [121.78817800043888, 30.97947299959399], [121.78522800043767, 30.981045999762294], [121.78573200042818, 30.981718000276135], [121.78730800001135, 30.980756999946234], [121.78838399954923, 30.98124399966944], [121.78918699979822, 30.983324000393456], [121.79673900035885, 30.983550999920094], [121.79782099953255, 30.988977000053985], [121.79929099950368, 30.98858300039126], [121.79934400035401, 30.990358000435084], [121.8004540003036, 30.989740000101463], [121.80070599991738, 30.991235000187498], [121.80008299995858, 30.992524999626344], [121.7991320002244, 30.99224699955561], [121.79950800040884, 30.99098199970993], [121.79623000044707, 30.990860999729534], [121.79805899968466, 30.99323299959618], [121.7968500000977, 30.993526999951506], [121.79700799991477, 30.994630999630555], [121.80194899950554, 30.99562300008325], [121.80614800036614, 30.99424799990201], [121.80710599992584, 30.996103999596947], [121.81028000000481, 30.994628999942773], [121.80957399956584, 30.992825999771863], [121.81141799983793, 30.992049999577358], [121.81291800048244, 30.993680000267457]]]}}, {"type": "Feature", "properties": {"NAME": "书院镇", "idx": 154}, "geometry": {"type": "Polygon", "coordinates": [[[121.83583699994085, 31.007970000331312], [121.83672500045907, 31.006876999799815], [121.83698700050955, 31.003151000246636], [121.84211200021107, 31.002284000331105], [121.85237300051968, 31.003039999921565], [121.85158799958414, 31.005988999615788], [121.87792700012702, 31.001700000334065], [121.88676099988753, 30.97540699961962], [121.89929300015733, 30.974179999634092], [121.90455599961699, 30.95655599981447], [121.90631199960181, 30.943480000192338], [121.89085399999284, 30.943907999755567], [121.89006700000317, 30.933734999558787], [121.89182899960653, 30.93111100008031], [121.89137300003424, 30.92871399990508], [121.88337199992252, 30.90532900022598], [121.82981000046323, 30.930990000142742], [121.83064300052263, 30.932755999861524], [121.83271400028976, 30.931725000227313], [121.83310400030405, 30.932390999989178], [121.83092399996636, 30.933338999829136], [121.83241900041384, 30.93467399963269], [121.83631100014436, 30.93320199980505], [121.83661799955131, 30.93575800036273], [121.8384640002818, 30.93517700016668], [121.8390039999756, 30.936309999782697], [121.83742799981465, 30.937959999742066], [121.83901399980545, 30.944271999832637], [121.83707800003262, 30.945025999838954], [121.83793000011075, 30.94788199960305], [121.83680799972821, 30.948297999568833], [121.83654499966124, 30.950995999965233], [121.83921099959171, 30.95943099955158], [121.83867699980027, 30.960974000062237], [121.83934799956727, 30.961257999944095], [121.84003099990925, 30.973088000034174], [121.83785100051607, 30.973829000171992], [121.83973900015006, 30.97822499992656], [121.83952799958517, 30.979213999905447], [121.83788599974994, 30.978616999965563], [121.8381390001721, 30.97964100029583], [121.83368800008837, 30.98119099998055], [121.83405199982674, 30.983148999639575], [121.83072900002999, 30.98424500000221], [121.83169199956289, 30.98862999987926], [121.83287200007742, 30.989034999759188], [121.82906200040613, 30.98965399990698], [121.82928700000258, 30.99033399963039], [121.8264999998867, 30.991143999648155], [121.82666600019961, 30.991803999923377], [121.81764100022846, 30.9936680002379], [121.81860100042321, 30.996296000327003], [121.81785199990739, 30.996486000244886], [121.81830799965304, 30.99878899984383], [121.81971800010739, 30.99860600017854], [121.82033899992504, 30.99982099979515], [121.81896000011133, 31.000138999922715], [121.81813300016712, 31.00816499961888], [121.81579100045602, 31.008700000399603], [121.81564200041973, 31.010064000056463], [121.81389999994306, 31.01013300012318], [121.81392900027889, 31.01144200026833], [121.81755000010125, 31.01141899999732], [121.81774199967447, 31.010031999657617], [121.83275799968975, 31.00942799971951], [121.83297500050567, 31.00810800002856], [121.83583699994085, 31.007970000331312]]]}}, {"type": "Feature", "properties": {"NAME": "大团镇", "idx": 155}, "geometry": {"type": "Polygon", "coordinates": [[[121.74170599986397, 31.028378000313985], [121.75402900007991, 31.024061000027007], [121.7544330002185, 31.02213100027129], [121.75271299960158, 31.019190000110246], [121.75479100038858, 31.016381999898986], [121.75267199960594, 31.011073999885056], [121.76689199989889, 31.010523999976627], [121.76719000033265, 31.007318000447796], [121.76927800041393, 31.006879000312463], [121.7685869997298, 31.004918000280608], [121.77341000052134, 31.004760000093896], [121.77285199972741, 31.0037360001861], [121.77165700037082, 31.003890000198968], [121.77314599981823, 31.002937999739647], [121.77309000026634, 31.000928999683634], [121.77658900007783, 30.999374000077953], [121.77545500010707, 30.99763000038548], [121.77293000024858, 30.997628000059805], [121.77367799996445, 30.996673999709447], [121.77620000010913, 30.99604300013779], [121.77681899992143, 30.998200999733207], [121.77816699966306, 30.99664699973353], [121.78149199963829, 30.99562300041749], [121.78359800021629, 30.997404000348418], [121.78438699975693, 30.99703499960327], [121.78553599982689, 30.99950700016758], [121.78748899997188, 30.999205999915652], [121.78919600044274, 30.9985130004263], [121.78807500048315, 30.996254999617836], [121.79213100041363, 30.994303000168816], [121.79250200013213, 30.99515099976252], [121.79483900001411, 30.99451400006431], [121.79529999969029, 30.99641299998317], [121.79948099982394, 30.995546999628363], [121.79930600034788, 30.9946259998743], [121.79689300047475, 30.994478000115055], [121.7968500000977, 30.993526999951506], [121.79805899968466, 30.99323299959618], [121.79623000044707, 30.990860999729534], [121.79950800040884, 30.99098199970993], [121.7991320002244, 30.99224699955561], [121.80061799974065, 30.992311000011828], [121.80057700023261, 30.98985500034138], [121.79934400035401, 30.990358000435084], [121.79929099950368, 30.98858300039126], [121.79782099953255, 30.988977000053985], [121.79673900035885, 30.983550999920094], [121.78918699979822, 30.983324000393456], [121.78838399954923, 30.98124399966944], [121.78730800001135, 30.980756999946234], [121.78573200042818, 30.981718000276135], [121.78522800043767, 30.981045999762294], [121.78817800043888, 30.97947299959399], [121.78538700032577, 30.970772000182233], [121.78530500050053, 30.96638900035849], [121.78652100036611, 30.96522900015257], [121.78860599982733, 30.96529500027482], [121.78756100032254, 30.962565000369413], [121.79044600048712, 30.961192000378812], [121.79048599949405, 30.960106000019675], [121.79182400025672, 30.96050399962836], [121.79181699992658, 30.95952600023803], [121.7926580005064, 30.959546000199612], [121.79187899992952, 30.959148000200162], [121.79369800008544, 30.957331000092307], [121.79331699951909, 30.956605999811103], [121.79472700001477, 30.956136999875145], [121.79178700003918, 30.952798999753654], [121.79138499960644, 30.95089600042329], [121.79035499975662, 30.951381000388537], [121.78986099959764, 30.950500999582697], [121.78692699996037, 30.952139999599616], [121.78548000016607, 30.950923999805532], [121.78390700017881, 30.95165800020989], [121.77972200041594, 30.94760099959057], [121.77852500015817, 30.948921999613965], [121.77760399995651, 30.945881999655192], [121.78401999989211, 30.944401000348368], [121.78253099955168, 30.939613000022142], [121.78132100021124, 30.938550000315978], [121.78458499961454, 30.936733999614678], [121.78275699993905, 30.936418999661903], [121.78326500045866, 30.93447499963389], [121.78204500032477, 30.93325300028185], [121.78063499972441, 30.93420800017401], [121.7804659998355, 30.93156799993351], [121.77795399987235, 30.92935499980797], [121.7778570000371, 30.928121000259335], [121.77388599982999, 30.927634999933435], [121.7730140001923, 30.930349000119158], [121.77429400037104, 30.932074999733693], [121.77298300006257, 30.93167000033947], [121.77324400015517, 30.932842999997344], [121.77234400034595, 30.93341400027091], [121.76853300021855, 30.933800000168326], [121.76827599987844, 30.93582899983682], [121.7647610000283, 30.937507999702124], [121.76517800033149, 30.93848100025972], [121.76378099957962, 30.938697999615172], [121.7641859996955, 30.93960800013223], [121.76332299955652, 30.940278000009606], [121.76160199983487, 30.938434999801462], [121.76004099989566, 30.93843900012816], [121.75900099963147, 30.938877999988513], [121.75995800031347, 30.9394100002749], [121.75961199961323, 30.940300999563668], [121.75843300027327, 30.941105999894372], [121.75700999992365, 30.940512000027883], [121.75830999984568, 30.943387000187645], [121.75957100010744, 30.943665999813113], [121.75634999993522, 30.946693999842157], [121.7564000004553, 30.94957599976601], [121.74815600015282, 30.954507000092], [121.74446099964646, 30.95483600017136], [121.74327600001281, 30.953729000026712], [121.73883999977434, 30.958952999713564], [121.73834700039448, 30.958483999906388], [121.73652899956625, 30.959818999559467], [121.73554099948858, 30.958628000170716], [121.73214199980622, 30.960728999631435], [121.73333799959244, 30.96259200031343], [121.72551199962761, 30.970987999693588], [121.70361100015016, 30.98559400030447], [121.70585999979296, 30.9922079996885], [121.70818199991318, 30.99151899978495], [121.70856400001111, 30.992548000291954], [121.71109600003854, 30.991125000281748], [121.7121439998462, 30.99169400025261], [121.71251200050835, 30.992451999621743], [121.71090500046732, 30.99307700045032], [121.71216100009245, 30.995004999697752], [121.71114200050403, 30.9952649997954], [121.71197499981679, 30.997614000133332], [121.71078799967563, 30.99818600025211], [121.71118700004122, 30.99944299985945], [121.71536100039954, 30.99742999981999], [121.71614799968191, 31.00236599991956], [121.72006399957084, 31.000348999619266], [121.72112800020152, 31.002919999761243], [121.72280000003002, 31.002094000061224], [121.7243559999096, 31.002910999825975], [121.7229790002738, 31.00393000030567], [121.72357699996704, 31.005125999675247], [121.71726999970852, 31.007427999667996], [121.71654300011413, 31.008530999748352], [121.71700500009509, 31.012846999721493], [121.72348799981846, 31.012604000250974], [121.72382499985565, 31.013452999907898], [121.72509899996322, 31.01341300000098], [121.72524899956805, 31.01473700043205], [121.72701799956897, 31.014456000121985], [121.72741000013163, 31.016190000008958], [121.72621100029507, 31.016333000299127], [121.7256469997323, 31.015386999943992], [121.72353699995334, 31.01623699962712], [121.72377799991388, 31.02136399956418], [121.71774800012199, 31.022115000046675], [121.71783899971592, 31.026589000205256], [121.73756900009482, 31.02293400010196], [121.73810700013843, 31.023974000017365], [121.73617000042582, 31.024533999682728], [121.7365680002619, 31.025460000268907], [121.7385170003995, 31.02450899993168], [121.73884699951982, 31.025755000136616], [121.73758899955212, 31.026131000248597], [121.73789300010549, 31.02708999976785], [121.73877000031162, 31.026845000222178], [121.73903300026157, 31.02791699957465], [121.741198000134, 31.027248000299004], [121.74170599986397, 31.028378000313985]]]}}, {"type": "Feature", "properties": {"NAME": "老港镇", "idx": 156}, "geometry": {"type": "Polygon", "coordinates": [[[121.84483799951276, 31.072004000231917], [121.8570769998971, 31.046217999856268], [121.85881300027708, 31.03932700021875], [121.86498299953769, 31.03124600036411], [121.86960499991552, 31.017926999582418], [121.87313400015806, 31.013095000269512], [121.87429499957993, 31.00891899994436], [121.8743789998141, 31.009960999930446], [121.87746300002885, 31.009758000054905], [121.87825100015016, 31.008742999826076], [121.8802049997882, 31.009271000188065], [121.87178700018335, 31.026475999938427], [121.8740500000565, 31.027006000382663], [121.87438099951744, 31.030160000298864], [121.86738400011609, 31.04310800038978], [121.86462099968938, 31.04225599958224], [121.86326300041554, 31.04494100006314], [121.86598000009074, 31.045775000302992], [121.85832199968381, 31.060716999754835], [121.87450199971573, 31.06680000034847], [121.87831700042231, 31.05973099962694], [121.87024399998613, 31.056979000426917], [121.8853569999464, 31.029532000107526], [121.91608799973362, 31.03631500044577], [121.94001400013012, 30.999036000421054], [121.96567099973831, 30.939576999827676], [121.9172960005055, 30.937721000306336], [121.9115590005178, 30.93240100039007], [121.90578499956935, 30.928685999796404], [121.90648900018415, 30.94223300036637], [121.90455599961699, 30.95655599981447], [121.89929300015733, 30.974179999634092], [121.88676099988753, 30.97540699961962], [121.87792700012702, 31.001700000334065], [121.85158799958414, 31.005988999615788], [121.85237300051968, 31.003039999921565], [121.84678200037945, 31.002766000400253], [121.84657899962608, 31.00203899985523], [121.83698700050955, 31.003151000246636], [121.83672500045907, 31.006876999799815], [121.83583699994085, 31.007970000331312], [121.83297500050567, 31.00810800002856], [121.83275799968975, 31.00942799971951], [121.81774199967447, 31.010031999657617], [121.81755000010125, 31.01141899999732], [121.81513900015531, 31.01144800021781], [121.81511299974888, 31.016355999601657], [121.80629099973125, 31.02034399995332], [121.80406700048205, 31.023683999638017], [121.80488800048094, 31.02450800018305], [121.80811699962631, 31.024624999972968], [121.80821499960311, 31.025942999996406], [121.80681899975467, 31.02624500028573], [121.80687699962044, 31.027275000272674], [121.80949700016005, 31.027302999583068], [121.80941299979037, 31.02637200000704], [121.81124900021155, 31.02566500028522], [121.81345199996208, 31.02792499962052], [121.81253800011464, 31.028929999869288], [121.8134479997644, 31.031365999922443], [121.81781199999412, 31.03286399984314], [121.81546000018493, 31.03772400015708], [121.81619999970515, 31.037908999869092], [121.81577399996976, 31.042342999829845], [121.80948500032454, 31.042256000248265], [121.80439300018796, 31.043757999603407], [121.80440299956263, 31.047532000226152], [121.81228300012278, 31.04709499978748], [121.8116939997389, 31.050042999798315], [121.81005700027707, 31.049853000065276], [121.80998500028886, 31.052876000259236], [121.80819999994398, 31.05257400015239], [121.80719300040151, 31.054804999631376], [121.80464900008566, 31.05526100033943], [121.80464599956491, 31.056255000333216], [121.80692399978129, 31.056754999959875], [121.80717499970628, 31.05824699956063], [121.80125299979983, 31.058634000441604], [121.80053199997158, 31.061113000421724], [121.7986119997057, 31.061240999913526], [121.79965899955938, 31.061959999933688], [121.79970799977568, 31.064382000226445], [121.79846099950363, 31.06469899990042], [121.79886000052255, 31.065864999646543], [121.79367299964544, 31.065545999955507], [121.79165199999404, 31.066924999780596], [121.78958000037194, 31.06703100029701], [121.78902999956276, 31.069203000239725], [121.80586500029408, 31.06925400039217], [121.80804099965212, 31.068341999797155], [121.8084540001919, 31.069626999961287], [121.8191730000474, 31.06971400037408], [121.8237720001754, 31.06845499995855], [121.82812700051078, 31.070273999584934], [121.84483799951276, 31.072004000231917]]]}}, {"type": "Feature", "properties": {"NAME": "惠南镇", "idx": 157}, "geometry": {"type": "Polygon", "coordinates": [[[121.75513900010931, 31.087163000164157], [121.75576799998434, 31.085261999997307], [121.75716699999782, 31.084751000437226], [121.75788299947634, 31.082456000373515], [121.75744900024942, 31.07816000031103], [121.75889900013962, 31.077139999912404], [121.76064700015625, 31.077891999964383], [121.76768200015863, 31.07691700010304], [121.7671499996518, 31.078205000136478], [121.76908900029419, 31.0787380001435], [121.76909199965131, 31.07723199966081], [121.78296800019659, 31.077099999597607], [121.78299099995454, 31.07339100021248], [121.78114800024943, 31.073007999725093], [121.78251199972608, 31.07198100036959], [121.78148499964941, 31.071506999605337], [121.78080299974367, 31.06921599960568], [121.78902999956276, 31.069203000239725], [121.78958000037194, 31.06703100029701], [121.79165199999404, 31.066924999780596], [121.79367299964544, 31.065545999955507], [121.79886000052255, 31.065864999646543], [121.79846099950363, 31.06469899990042], [121.79970799977568, 31.064382000226445], [121.79965899955938, 31.061959999933688], [121.7986119997057, 31.061240999913526], [121.80053199997158, 31.061113000421724], [121.80125299979983, 31.058634000441604], [121.80717499970628, 31.05824699956063], [121.80692399978129, 31.056754999959875], [121.80464599956491, 31.056255000333216], [121.80464900008566, 31.05526100033943], [121.80719300040151, 31.054804999631376], [121.80819999994398, 31.05257400015239], [121.80998500028886, 31.052876000259236], [121.81005700027707, 31.049853000065276], [121.8116939997389, 31.050042999798315], [121.81228300012278, 31.04709499978748], [121.80440299956263, 31.047532000226152], [121.80439300018796, 31.043757999603407], [121.80948500032454, 31.042256000248265], [121.81577399996976, 31.042342999829845], [121.81619999970515, 31.037908999869092], [121.81546000018493, 31.03772400015708], [121.81786000010362, 31.03307300021985], [121.8171200002856, 31.032118000121955], [121.81523600049618, 31.032453999618983], [121.81510999996057, 31.031326999718626], [121.8134479997644, 31.031365999922443], [121.81253800011464, 31.028929999869288], [121.81345199996208, 31.02792499962052], [121.81124900021155, 31.02566500028522], [121.80941299979037, 31.02637200000704], [121.80949700016005, 31.027302999583068], [121.80687699962044, 31.027275000272674], [121.80681899975467, 31.02624500028573], [121.80821499960311, 31.025942999996406], [121.80811699962631, 31.024624999972968], [121.80488800048094, 31.02450800018305], [121.8040460003467, 31.023374000353396], [121.80496799988724, 31.023222999594722], [121.80463900005374, 31.022363999822087], [121.80629099973125, 31.02034399995332], [121.81511299974888, 31.016355999601657], [121.81541399950385, 31.012678999827543], [121.81513900015531, 31.01144800021781], [121.81392900027889, 31.01144200026833], [121.81389999994306, 31.01013300012318], [121.81564200041973, 31.010064000056463], [121.81579100045602, 31.008700000399603], [121.81787799988861, 31.008612999878462], [121.81896000011133, 31.000138999922715], [121.82033899992504, 30.99982099979515], [121.81971800010739, 30.99860600017854], [121.81830799965304, 30.99878899984383], [121.81785199990739, 30.996486000244886], [121.81860100042321, 30.996296000327003], [121.81764100022846, 30.9936680002379], [121.82666600019961, 30.991803999923377], [121.8264999998867, 30.991143999648155], [121.82928700000258, 30.99033399963039], [121.82906200040613, 30.98965399990698], [121.81291800048244, 30.993680000267457], [121.81141799983793, 30.992049999577358], [121.80957399956584, 30.992825999771863], [121.81028000000481, 30.994628999942773], [121.80710599992584, 30.996103999596947], [121.80614800036614, 30.99424799990201], [121.79529999969029, 30.99641299998317], [121.79483900001411, 30.99451400006431], [121.79250200013213, 30.99515099976252], [121.79213100041363, 30.994303000168816], [121.78807500048315, 30.996254999617836], [121.78919600044274, 30.9985130004263], [121.78553599982689, 30.99950700016758], [121.78438699975693, 30.99703499960327], [121.78359800021629, 30.997404000348418], [121.78149199963829, 30.99562300041749], [121.77816699966306, 30.99664699973353], [121.77681899992143, 30.998200999733207], [121.77620000010913, 30.99604300013779], [121.77395300036207, 30.99653699977111], [121.77293000024858, 30.997628000059805], [121.77545500010707, 30.99763000038548], [121.77658900007783, 30.999374000077953], [121.77309000026634, 31.000928999683634], [121.77314599981823, 31.002937999739647], [121.77165700037082, 31.003890000198968], [121.77285199972741, 31.0037360001861], [121.77341000052134, 31.004760000093896], [121.7685869997298, 31.004918000280608], [121.76927800041393, 31.006879000312463], [121.76719000033265, 31.007318000447796], [121.76689199989889, 31.010523999976627], [121.75267199960594, 31.011073999885056], [121.75479100038858, 31.016381999898986], [121.75271299960158, 31.019190000110246], [121.7544330002185, 31.02213100027129], [121.75402900007991, 31.024061000027007], [121.74170599986397, 31.028378000313985], [121.741198000134, 31.027248000299004], [121.73903300026157, 31.02791699957465], [121.73877000031162, 31.026845000222178], [121.73789300010549, 31.02708999976785], [121.73758899955212, 31.026131000248597], [121.73884699951982, 31.025755000136616], [121.73846000009891, 31.02445599969458], [121.7365680002619, 31.025460000268907], [121.73617000042582, 31.024533999682728], [121.73810700013843, 31.023974000017365], [121.73756900009482, 31.02293400010196], [121.71783899971592, 31.026589000205256], [121.71774800012199, 31.022115000046675], [121.70948400001551, 31.021915999669055], [121.7095619997724, 31.02264300010524], [121.70696600007443, 31.02275299998327], [121.70701800043571, 31.02370900002621], [121.70282299967235, 31.024704999582866], [121.70262400025891, 31.027007000166275], [121.7036200000757, 31.028114999770114], [121.7020350000083, 31.028023000374844], [121.70202700021349, 31.03044899997353], [121.70541599998349, 31.03035699977804], [121.70567300040204, 31.03469599980929], [121.70383399948626, 31.034534000042395], [121.70231499999713, 31.040197999603937], [121.70385899999908, 31.039811000068173], [121.70368699971142, 31.040550999836597], [121.70473100039874, 31.04085599969298], [121.70420299995727, 31.043618999883293], [121.70721799961701, 31.043408000089702], [121.70723799993813, 31.045542999614884], [121.71011599978262, 31.045554000229824], [121.71012499991957, 31.044749999703292], [121.71903699955767, 31.045001000261163], [121.72156099980711, 31.044133999761467], [121.72226099948874, 31.0464000004453], [121.72474699974286, 31.044428000156127], [121.72566900041649, 31.045908000179317], [121.7275229994743, 31.045104000168436], [121.72752700047283, 31.04766899963313], [121.7302859999114, 31.04916699984368], [121.72069900032157, 31.05396699959006], [121.71800100013577, 31.05427999995088], [121.7180089996594, 31.056446000175452], [121.71966600010335, 31.0548409999826], [121.71921699956505, 31.05690900019899], [121.72137900028227, 31.057307999820516], [121.72153499951844, 31.0588959995763], [121.7253969997544, 31.05901000014143], [121.7237909998446, 31.06442599996987], [121.72547499992162, 31.065164000090398], [121.72515899983347, 31.066652000374866], [121.72649699949943, 31.06765299983448], [121.72974600052227, 31.068732999789134], [121.72971599994207, 31.069742000328265], [121.72786700014653, 31.06976299972626], [121.72748800050161, 31.07104699978109], [121.72641200041535, 31.071082999798858], [121.72618999952635, 31.074135000112506], [121.73163199962038, 31.07452199983995], [121.731340000469, 31.07646099975552], [121.73472999956148, 31.077674000181343], [121.73454599977883, 31.07849400041886], [121.73748300019804, 31.07874299986086], [121.73769099970671, 31.07768099961887], [121.73883499947209, 31.077866000366466], [121.73867899979446, 31.078858999779136], [121.74073100033144, 31.079046000274158], [121.74064500011073, 31.08188000023202], [121.74615199995733, 31.08383000006775], [121.74528899968182, 31.084570999589776], [121.74638800039658, 31.084971000273853], [121.7456220004176, 31.086183999889418], [121.75057799987655, 31.08741499997717], [121.75513900010931, 31.087163000164157]]]}}, {"type": "Feature", "properties": {"NAME": "航头镇", "idx": 158}, "geometry": {"type": "Polygon", "coordinates": [[[121.62336200010232, 31.086270000404017], [121.62146699991483, 31.08615100037643], [121.62202799998836, 31.083910999629524], [121.62021499974612, 31.083781000143777], [121.62103699979484, 31.082886000405413], [121.61130699985394, 31.08142799966253], [121.61846699995505, 31.08051700010556], [121.61739900002075, 31.079860999643287], [121.61776100003686, 31.076960999608442], [121.61663600005521, 31.07666199967654], [121.61825500032661, 31.075832999814473], [121.61701600046123, 31.074610999636942], [121.62006099994316, 31.070110999634416], [121.62169699972776, 31.07070599981299], [121.62422100022113, 31.066277999883194], [121.62284799973467, 31.065928999661057], [121.62247600025667, 31.06173399957906], [121.62344500022617, 31.043376999855937], [121.61885499996804, 31.04284699964949], [121.6188270003536, 31.040151999909646], [121.61795000036534, 31.039814999876445], [121.6194549999455, 31.038747999956808], [121.61966500044173, 31.036882000276716], [121.61758599962879, 31.036742999980014], [121.62065299960747, 31.017518000054615], [121.62046199952019, 31.0158199996982], [121.61948800010062, 31.015875999880247], [121.6193150003159, 31.012780999637343], [121.61801299947885, 31.01297500012943], [121.61811300009914, 31.011816999550945], [121.62036300004229, 31.011615000440745], [121.6207500001365, 31.00901899993361], [121.61883499994076, 31.00887299983673], [121.61903299971567, 31.007483999865023], [121.61692500024942, 31.00695300045184], [121.61711200017149, 31.004910999583778], [121.62013199955078, 31.00532800039204], [121.6220519997256, 31.002209000096816], [121.621392000123, 30.998663999563], [121.622408999988, 30.998602000392715], [121.6231289999106, 30.99485900027768], [121.61614299949369, 30.994791999902468], [121.6118329999474, 30.99948899968087], [121.60995800031198, 31.00344700029843], [121.60781800031039, 31.003808000181724], [121.60752300040487, 31.002839999570856], [121.59103000005767, 31.004580000070888], [121.59004100048378, 31.003080000329494], [121.57989300023819, 31.003138999898376], [121.57832399997245, 31.00282300001266], [121.57829699977765, 31.002001999554324], [121.57297299985265, 31.001280000289224], [121.57234899978985, 31.00236499978069], [121.56601899971055, 31.000442000054175], [121.56589700003774, 31.001580999841746], [121.56332300016987, 31.003154999929723], [121.56596099976886, 31.004295000112137], [121.56526099962028, 31.006748999931656], [121.56686600026364, 31.00778699955515], [121.56494100031705, 31.012678000187332], [121.56301400049118, 31.012209999737028], [121.5618340002707, 31.013485000421575], [121.56075499966437, 31.012497999856045], [121.56052899959538, 31.01324299974392], [121.56518199965792, 31.01481299972775], [121.56660399981405, 31.016369000142173], [121.56630799971022, 31.018900000023873], [121.56781100009462, 31.020536000233832], [121.56961699963725, 31.020694999723734], [121.56983799989419, 31.02494200025969], [121.5687579995584, 31.024682999994063], [121.56821199969583, 31.02724699970732], [121.56680200014786, 31.02713399995759], [121.56743700003979, 31.028621999638656], [121.56302700034608, 31.027066000238115], [121.56262899999734, 31.02636399961379], [121.56412599972184, 31.026371999635376], [121.56244900022982, 31.025565999748288], [121.56300100024157, 31.025037000053157], [121.5612800002381, 31.02335299985793], [121.55976799970837, 31.02342900032721], [121.55878799979529, 31.025263000290927], [121.55671299980645, 31.024620000211897], [121.55753999948128, 31.025231000182703], [121.55674799970312, 31.025419000257326], [121.55726899963638, 31.026553999827293], [121.55405799988579, 31.02457200027843], [121.55375199951085, 31.022166000006482], [121.55161800043354, 31.022335999900868], [121.55141000043237, 31.020538000405395], [121.54898900019874, 31.020649999632276], [121.54841600031861, 31.022401000358762], [121.54707199982903, 31.022917999650186], [121.54782800015079, 31.025330000372854], [121.55215099953877, 31.02527099998523], [121.553749000274, 31.027615000203873], [121.55358000029544, 31.028501999834493], [121.55219099955542, 31.028698000128674], [121.55349900011676, 31.029162000331354], [121.55319699957151, 31.0310370003165], [121.55564499952737, 31.031780999627408], [121.55464299959145, 31.03214499981662], [121.55445799952186, 31.043340999642343], [121.55703500047998, 31.04554300018911], [121.55615999964124, 31.046974000445285], [121.55582700028951, 31.045708999783916], [121.55444899991538, 31.04608500001886], [121.55471799988108, 31.04789600010612], [121.552299999533, 31.04982599959116], [121.5513219995902, 31.0494129998079], [121.54995900043089, 31.05257000042513], [121.54616399956043, 31.051588999814324], [121.54528399969558, 31.050017000163155], [121.5438429999441, 31.05050899999734], [121.54412999987784, 31.048939999902235], [121.54233500027688, 31.05029899958735], [121.54179299975294, 31.049283000322863], [121.53995399972756, 31.04963399986328], [121.53931499992363, 31.048016000138233], [121.53789000035842, 31.047540000007654], [121.53666099992161, 31.048320000330758], [121.53768799955196, 31.051274000018246], [121.5358559996783, 31.054485999680047], [121.5385659996776, 31.05585799969179], [121.53857699947184, 31.057400000444158], [121.54237900047755, 31.058831000295203], [121.54209500023184, 31.0594759997403], [121.54360600050856, 31.058748999721068], [121.5428839995231, 31.063992999700833], [121.5443580004058, 31.064404999990767], [121.54359099956828, 31.06553100003764], [121.54657299965437, 31.065857999987948], [121.54756000023139, 31.067825999943615], [121.55204099997336, 31.068958999811052], [121.55050199977026, 31.070126999564494], [121.54844399975777, 31.069029999653704], [121.54838100046085, 31.06985399975663], [121.54933000031538, 31.070224999691074], [121.54855300034505, 31.071267999752568], [121.5496829995329, 31.07288699962137], [121.55446499987643, 31.0741250000751], [121.55275200005563, 31.075493999565644], [121.5570150001691, 31.075602000368725], [121.55783299959505, 31.07683000027507], [121.56166900039264, 31.077677000193315], [121.56140800039505, 31.07849499967068], [121.56274599971718, 31.078014999846157], [121.56612799975966, 31.079267000312843], [121.56560500021713, 31.081094999888037], [121.56748700011975, 31.0805419997402], [121.57034099963866, 31.08154499973281], [121.57062100020343, 31.08258500034549], [121.57164799962342, 31.08225300000646], [121.57114399955415, 31.08314300001051], [121.56909999969459, 31.083159000416423], [121.56662399987013, 31.081811000268623], [121.56490499958318, 31.083347999919376], [121.56382199967314, 31.083128000330756], [121.56429199974326, 31.083857000107024], [121.56255000051408, 31.086563000153994], [121.56644599957362, 31.088602000162012], [121.57355399981428, 31.08948600003226], [121.57468099984082, 31.087568999968678], [121.57576699982074, 31.087689000240413], [121.57575599968013, 31.089140999960662], [121.57816500035617, 31.088786000025593], [121.58473999990261, 31.09057500029554], [121.58640300025655, 31.088469000210637], [121.59097900030798, 31.088526999855944], [121.59257500034273, 31.08937399960007], [121.61682199968224, 31.090445000428648], [121.61991600002874, 31.091364000242343], [121.62087900002611, 31.08758000038986], [121.619227000403, 31.087386000021038], [121.61927699947441, 31.086666000192345], [121.6231819996861, 31.087764000249205], [121.62336200010232, 31.086270000404017]]]}}, {"type": "Feature", "properties": {"NAME": "新场镇", "idx": 159}, "geometry": {"type": "Polygon", "coordinates": [[[121.65472799992828, 31.087463999912018], [121.65568799998324, 31.085281000114275], [121.65759199948558, 31.086411000100316], [121.65622499959673, 31.087476999631072], [121.6581070003328, 31.090158000421106], [121.65915499966707, 31.089613999699985], [121.65903299996403, 31.090664000140617], [121.66847799993552, 31.089007000358357], [121.66725499969861, 31.08965799964929], [121.66795599956303, 31.091278000368284], [121.67133199972254, 31.091547999879566], [121.67368199973565, 31.08046700044464], [121.67654699997351, 31.080142000259485], [121.67711899981332, 31.077937999833775], [121.67774400040456, 31.078599000072746], [121.67901299974233, 31.07020800028362], [121.6781280000667, 31.070059999877518], [121.67819000048021, 31.068473000181577], [121.67931400017083, 31.068788000080218], [121.67936700016989, 31.06737299986769], [121.6820189997474, 31.068118999646405], [121.68205300031886, 31.06612999995849], [121.68059000049213, 31.065960999638246], [121.68062299955878, 31.064525999944255], [121.67355699949255, 31.063990999841412], [121.6737870005151, 31.06251100038014], [121.67246199980482, 31.062597000334247], [121.67282600046204, 31.060577000386633], [121.67540499978745, 31.060914000442487], [121.67580600047756, 31.058570000262677], [121.67749199996527, 31.05875400017823], [121.67768300001994, 31.056736999947884], [121.67873000033687, 31.05671599967723], [121.67901099953383, 31.055429999717603], [121.68040000018543, 31.057005999905552], [121.68127000050178, 31.053548999638203], [121.67998900024467, 31.053425000397457], [121.68088199974488, 31.04709200019517], [121.67077099976704, 31.04740899977593], [121.6611550001902, 31.045193000025492], [121.66431199999434, 31.044708000346013], [121.66549999975155, 31.040226999730834], [121.67911000019552, 31.041177999761075], [121.68089099982339, 31.039548000393125], [121.67877900024564, 31.03700999967564], [121.67939200005046, 31.033504000143218], [121.6782100001182, 31.032217999618553], [121.67875400039794, 31.029532000031725], [121.67502100035459, 31.029708000237225], [121.66846200000037, 31.027664999962305], [121.66817799995701, 31.029103000248995], [121.66549600022383, 31.02871499991024], [121.66538700051315, 31.02784900016455], [121.66405100017496, 31.028177999578247], [121.66348700041297, 31.027280000417313], [121.66387000012043, 31.0242809995753], [121.66713900019427, 31.02474600016953], [121.66726799980563, 31.023059000267118], [121.66826999969547, 31.02315299996019], [121.66652500043769, 31.020402000028852], [121.67156699998624, 31.020906999954573], [121.6711510005076, 31.018574999579716], [121.67405599959967, 31.017508000240078], [121.67440899963138, 31.015833000192202], [121.66212600020684, 31.015666000418452], [121.66201799974912, 31.014407999622684], [121.65849599989768, 31.014560999614826], [121.65858300025748, 31.012958000200758], [121.66137599983185, 31.01283999979794], [121.6619619998938, 31.01127399995354], [121.66007599985306, 31.011698000359175], [121.65909200004457, 31.008881999899213], [121.66306099952178, 31.009472000349323], [121.6642320003147, 31.004081000035917], [121.66801400033047, 31.004145000126442], [121.66812400048933, 31.005287000415592], [121.67011300002268, 31.00518899970964], [121.66993400040626, 31.0037189998369], [121.67204700014835, 31.003080000391407], [121.67179799990741, 31.001991999579328], [121.67328399947839, 31.00224500015833], [121.67344800023125, 31.003287000271555], [121.67419600019747, 31.003221000043624], [121.67404300026227, 31.002286999724568], [121.68255200000277, 31.001209999631808], [121.68226400041561, 30.997076999724044], [121.68134600026767, 30.997149000449358], [121.68067999981156, 30.99509200039341], [121.67561900002607, 30.99512300042339], [121.67563899952798, 30.992905000349555], [121.67005699982656, 30.993844000226304], [121.66990899979783, 30.992990999588585], [121.66861199992282, 30.993045000234495], [121.66873600012748, 30.991683000311887], [121.66328299963283, 30.994092999880323], [121.65925900048421, 30.99444300041803], [121.65841500010082, 30.993584999619685], [121.6585769997124, 30.99488999986299], [121.64271699993697, 30.995494000275123], [121.6278180003869, 30.995297999799956], [121.62695500027303, 30.994497000017144], [121.62464899965283, 30.995612000154086], [121.62460500040473, 30.994891000157605], [121.6231289999106, 30.99485900027768], [121.622408999988, 30.998602000392715], [121.621392000123, 30.998663999563], [121.6220519997256, 31.002209000096816], [121.62013199955078, 31.00532800039204], [121.61711200017149, 31.004910999583778], [121.61692500024942, 31.00695300045184], [121.61903299971567, 31.007483999865023], [121.61883499994076, 31.00887299983673], [121.6207500001365, 31.00901899993361], [121.62036300004229, 31.011615000440745], [121.61811300009914, 31.011816999550945], [121.61801299947885, 31.01297500012943], [121.6193150003159, 31.012780999637343], [121.61948800010062, 31.015875999880247], [121.62046199952019, 31.0158199996982], [121.62065299960747, 31.017518000054615], [121.61758599962879, 31.036742999980014], [121.61966500044173, 31.036882000276716], [121.6194549999455, 31.038747999956808], [121.61795000036534, 31.039814999876445], [121.6188270003536, 31.040151999909646], [121.61885499996804, 31.04284699964949], [121.62344500022617, 31.043376999855937], [121.62247600025667, 31.06173399957906], [121.62284799973467, 31.065928999661057], [121.62422100022113, 31.066277999883194], [121.62169699972776, 31.07070599981299], [121.62006099994316, 31.070110999634416], [121.61701600046123, 31.074610999636942], [121.61825500032661, 31.075832999814473], [121.61663600005521, 31.07666199967654], [121.61776100003686, 31.076960999608442], [121.61739900002075, 31.079860999643287], [121.61846699995505, 31.08051700010556], [121.61130699985394, 31.08142799966253], [121.62103699979484, 31.082886000405413], [121.62021499974612, 31.083781000143777], [121.62202799998836, 31.083910999629524], [121.62146699991483, 31.08615100037643], [121.62347999995644, 31.0862480002313], [121.62387299977964, 31.084847999715237], [121.62710900027578, 31.085169000000434], [121.62948700020767, 31.08634899990626], [121.62903300042206, 31.08819800006748], [121.63092399988307, 31.0888999996275], [121.633375000127, 31.087981000028307], [121.63288300050039, 31.087179000139535], [121.63459100020098, 31.087376000171577], [121.63327000024378, 31.090199999792922], [121.63419200035483, 31.090358999656512], [121.63376800040608, 31.091641000266822], [121.63462099955606, 31.09190600033409], [121.6375470000666, 31.091860999957404], [121.63802500002846, 31.090644999643693], [121.63936099952205, 31.09055899981672], [121.63951799973442, 31.09181700004039], [121.64965999967637, 31.093125000171682], [121.64961200052424, 31.09045299987619], [121.65472799992828, 31.087463999912018]]]}}, {"type": "Feature", "properties": {"NAME": "宣桥镇", "idx": 160}, "geometry": {"type": "Polygon", "coordinates": [[[121.72686499980797, 31.088894000100236], [121.72796700029939, 31.088428000036046], [121.73003199992004, 31.081691999716725], [121.72659800007146, 31.081207000013773], [121.72719200050892, 31.07794400030241], [121.73098200017378, 31.07814899963932], [121.73163199962038, 31.07452199983995], [121.72618999952635, 31.074135000112506], [121.72641200041535, 31.071082999798858], [121.72748800050161, 31.07104699978109], [121.72786700014653, 31.06976299972626], [121.72971599994207, 31.069742000328265], [121.72974600052227, 31.068732999789134], [121.72649699949943, 31.06765299983448], [121.72515899983347, 31.066652000374866], [121.72547499992162, 31.065164000090398], [121.7237909998446, 31.06442599996987], [121.7253969997544, 31.05901000014143], [121.72153499951844, 31.0588959995763], [121.72137900028227, 31.057307999820516], [121.71921699956505, 31.05690900019899], [121.71966600010335, 31.0548409999826], [121.7180089996594, 31.056446000175452], [121.71800100013577, 31.05427999995088], [121.72069900032157, 31.05396699959006], [121.7302859999114, 31.04916699984368], [121.72752700047283, 31.04766899963313], [121.7275229994743, 31.045104000168436], [121.72566900041649, 31.045908000179317], [121.72474699974286, 31.044428000156127], [121.72226099948874, 31.0464000004453], [121.72156099980711, 31.044133999761467], [121.71903699955767, 31.045001000261163], [121.71012499991957, 31.044749999703292], [121.71011599978262, 31.045554000229824], [121.70723799993813, 31.045542999614884], [121.70721799961701, 31.043408000089702], [121.70420299995727, 31.043618999883293], [121.70473100039874, 31.04085599969298], [121.70368699971142, 31.040550999836597], [121.70385899999908, 31.039811000068173], [121.70231499999713, 31.040197999603937], [121.70383399948626, 31.034534000042395], [121.70567300040204, 31.03469599980929], [121.70541599998349, 31.03035699977804], [121.70202700021349, 31.03044899997353], [121.70194400021863, 31.02848499965653], [121.7036200000757, 31.028114999770114], [121.70262400025891, 31.027007000166275], [121.70282299967235, 31.024704999582866], [121.70701800043571, 31.02370900002621], [121.70696600007443, 31.02275299998327], [121.7095619997724, 31.02264300010524], [121.70948400001551, 31.021915999669055], [121.72377799991388, 31.02136399956418], [121.72353699995334, 31.01623699962712], [121.7256469997323, 31.015386999943992], [121.72621100029507, 31.016333000299127], [121.72741000013163, 31.016190000008958], [121.72701799956897, 31.014456000121985], [121.72524899956805, 31.01473700043205], [121.72509899996322, 31.01341300000098], [121.72382499985565, 31.013452999907898], [121.72348799981846, 31.012604000250974], [121.71700500009509, 31.012846999721493], [121.71654300011413, 31.008530999748352], [121.71726999970852, 31.007427999667996], [121.72357699996704, 31.005125999675247], [121.7229790002738, 31.00393000030567], [121.72419900041602, 31.002560000345344], [121.72280000003002, 31.002094000061224], [121.72112800020152, 31.002919999761243], [121.72006399957084, 31.000348999619266], [121.71614799968191, 31.00236599991956], [121.71536100039954, 30.99742999981999], [121.71118700004122, 30.99944299985945], [121.71078799967563, 30.99818600025211], [121.71197499981679, 30.997614000133332], [121.71114200050403, 30.9952649997954], [121.71216100009245, 30.995004999697752], [121.71090500046732, 30.99307700045032], [121.71251200050835, 30.992451999621743], [121.7121439998462, 30.99169400025261], [121.71109600003854, 30.991125000281748], [121.70856400001111, 30.992548000291954], [121.70818199991318, 30.99151899978495], [121.70585999979296, 30.9922079996885], [121.70361100015016, 30.98559400030447], [121.68888899970945, 30.99136599978776], [121.6792920002197, 30.991869999789518], [121.67563899952798, 30.992905000349555], [121.67561900002607, 30.99512300042339], [121.68067999981156, 30.99509200039341], [121.68134600026767, 30.997149000449358], [121.68226400041561, 30.997076999724044], [121.68255200000277, 31.001209999631808], [121.67404300026227, 31.002286999724568], [121.67419600019747, 31.003221000043624], [121.67344800023125, 31.003287000271555], [121.67328399947839, 31.00224500015833], [121.67179799990741, 31.001991999579328], [121.67204700014835, 31.003080000391407], [121.66993400040626, 31.0037189998369], [121.67011300002268, 31.00518899970964], [121.66812400048933, 31.005287000415592], [121.66801400033047, 31.004145000126442], [121.6642320003147, 31.004081000035917], [121.66306099952178, 31.009472000349323], [121.65909200004457, 31.008881999899213], [121.66007599985306, 31.011698000359175], [121.6619619998938, 31.01127399995354], [121.66137599983185, 31.01283999979794], [121.65858300025748, 31.012958000200758], [121.65849599989768, 31.014560999614826], [121.66201799974912, 31.014407999622684], [121.66212600020684, 31.015666000418452], [121.67440899963138, 31.015833000192202], [121.67405599959967, 31.017508000240078], [121.6711510005076, 31.018574999579716], [121.67156699998624, 31.020906999954573], [121.66652500043769, 31.020402000028852], [121.66826999969547, 31.02315299996019], [121.66726799980563, 31.023059000267118], [121.66713900019427, 31.02474600016953], [121.66387000012043, 31.0242809995753], [121.66348700041297, 31.027280000417313], [121.66405100017496, 31.028177999578247], [121.66538700051315, 31.02784900016455], [121.66549600022383, 31.02871499991024], [121.66817799995701, 31.029103000248995], [121.66846200000037, 31.027664999962305], [121.67502100035459, 31.029708000237225], [121.67875400039794, 31.029532000031725], [121.6782100001182, 31.032217999618553], [121.67939200005046, 31.033504000143218], [121.67877900024564, 31.03700999967564], [121.67921100050361, 31.038342000453813], [121.68098600048103, 31.038836999832565], [121.67911000019552, 31.041177999761075], [121.66549999975155, 31.040226999730834], [121.66431199999434, 31.044708000346013], [121.6611550001902, 31.045193000025492], [121.67077099976704, 31.04740899977593], [121.68088199974488, 31.04709200019517], [121.67998900024467, 31.053425000397457], [121.68127000050178, 31.053548999638203], [121.68040000018543, 31.057005999905552], [121.67901099953383, 31.055429999717603], [121.67873000033687, 31.05671599967723], [121.67768300001994, 31.056736999947884], [121.67749199996527, 31.05875400017823], [121.67580600047756, 31.058570000262677], [121.67540499978745, 31.060914000442487], [121.67282600046204, 31.060577000386633], [121.67246199980482, 31.062597000334247], [121.6737870005151, 31.06251100038014], [121.67355699949255, 31.063990999841412], [121.68062299955878, 31.064525999944255], [121.68059000049213, 31.065960999638246], [121.68205300031886, 31.06612999995849], [121.6820189997474, 31.068118999646405], [121.67936700016989, 31.06737299986769], [121.67931400017083, 31.068788000080218], [121.67819000048021, 31.068473000181577], [121.6781280000667, 31.070059999877518], [121.67901299974233, 31.07020800028362], [121.67774400040456, 31.078599000072746], [121.67711899981332, 31.077937999833775], [121.67654699997351, 31.080142000259485], [121.67368199973565, 31.08046700044464], [121.67346200024586, 31.08204200003885], [121.69781500008463, 31.085055999812422], [121.69727499986402, 31.08620499955324], [121.69863899963875, 31.087149999645696], [121.69798900016247, 31.088539999738], [121.70183999989388, 31.089013999923164], [121.70288900048149, 31.087783000318794], [121.70298199961344, 31.08919499981043], [121.70492200003581, 31.089599000215177], [121.70542800004635, 31.08773699955326], [121.70614900005516, 31.0877889998194], [121.70728299983443, 31.09290300021186], [121.72263700032498, 31.093853000315434], [121.72306499978143, 31.092013999970128], [121.72641000039428, 31.090637000369483], [121.72686499980797, 31.088894000100236]]]}}, {"type": "Feature", "properties": {"NAME": "朝阳农场", "idx": 161}, "geometry": {"type": "Polygon", "coordinates": [[[121.84339600027701, 31.10460199968869], [121.86171200043182, 31.112836999902207], [121.89181499986074, 31.07432200035356], [121.91608799973362, 31.03631500044577], [121.8853569999464, 31.029532000107526], [121.87024399998613, 31.056979000426917], [121.87831700042231, 31.05973099962694], [121.87450199971573, 31.06680000034847], [121.85832199968381, 31.060716999754835], [121.86598000009074, 31.045775000302992], [121.86326300041554, 31.04494100006314], [121.86462099968938, 31.04225599958224], [121.86738400011609, 31.04310800038978], [121.87438099951744, 31.030160000298864], [121.8740500000565, 31.027006000382663], [121.87178700018335, 31.026475999938427], [121.8802049997882, 31.009271000188065], [121.87825100015016, 31.008742999826076], [121.87746300002885, 31.009758000054905], [121.8743789998141, 31.009960999930446], [121.87429499957993, 31.00891899994436], [121.87313400015806, 31.013095000269512], [121.86960499991552, 31.017926999582418], [121.86498299953769, 31.03124600036411], [121.85881300027708, 31.03932700021875], [121.8570769998971, 31.046217999856268], [121.85199699989134, 31.055042000213163], [121.84483799951276, 31.072004000231917], [121.84416400046877, 31.071929999789784], [121.83480600046286, 31.089219000409756], [121.8384039998893, 31.090337999718763], [121.83788699964288, 31.091386999781147], [121.82947099951834, 31.10706299977399], [121.82694000031955, 31.106103000295228], [121.82104099950655, 31.1156660001736], [121.82474200028918, 31.116779000120342], [121.83296500014946, 31.101606999977218], [121.84339600027701, 31.10460199968869]]]}}, {"type": "Feature", "properties": {"NAME": "周浦镇", "idx": 162}, "geometry": {"type": "Polygon", "coordinates": [[[121.64689800045186, 31.128665999860655], [121.64990199964028, 31.12892800042598], [121.6507709997976, 31.12766200005474], [121.65195099991428, 31.12805399986575], [121.65175300012638, 31.128770000254757], [121.65728500007347, 31.1303480003092], [121.66501600034543, 31.131144000127907], [121.66516699952888, 31.1297809998791], [121.66636999960845, 31.129588999907828], [121.66713800011266, 31.122115999808486], [121.66918000011995, 31.119722000333105], [121.6730319998066, 31.12040100019013], [121.6717990002334, 31.11990399987673], [121.67573200052291, 31.11165999968915], [121.67707800034374, 31.109905999849435], [121.67827799956447, 31.110397000177556], [121.67933299973996, 31.108703000402215], [121.66835400052067, 31.105272999859263], [121.66982099973487, 31.103696000434446], [121.66913499986667, 31.10225099982857], [121.66980200015233, 31.100427000321968], [121.6661450001511, 31.09832500042546], [121.66706999970312, 31.095241000119465], [121.66816000027838, 31.09554799968378], [121.66904400008488, 31.094201000392935], [121.6711489998988, 31.094521999653846], [121.67133199972254, 31.091547999879566], [121.66795599956303, 31.091278000368284], [121.66725499969861, 31.08965799964929], [121.66847799993552, 31.089007000358357], [121.65903299996403, 31.090664000140617], [121.65915499966707, 31.089613999699985], [121.6581070003328, 31.090158000421106], [121.65622499959673, 31.087476999631072], [121.65759199948558, 31.086411000100316], [121.65568799998324, 31.085281000114275], [121.65472799992828, 31.087463999912018], [121.64961200052424, 31.09045299987619], [121.64965999967637, 31.093125000171682], [121.63951799973442, 31.09181700004039], [121.63936099952205, 31.09055899981672], [121.63802500002846, 31.090644999643693], [121.6375470000666, 31.091860999957404], [121.63462099955606, 31.09190600033409], [121.63376800040608, 31.091641000266822], [121.63419200035483, 31.090358999656512], [121.63327000024378, 31.090199999792922], [121.63459100020098, 31.087376000171577], [121.63288300050039, 31.087179000139535], [121.633375000127, 31.087981000028307], [121.63188699948617, 31.08913600008501], [121.62903300042206, 31.08819800006748], [121.62894100029689, 31.086039999959024], [121.62387299977964, 31.084847999715237], [121.6231819996861, 31.087764000249205], [121.61927699947441, 31.086666000192345], [121.619227000403, 31.087386000021038], [121.62087900002611, 31.08758000038986], [121.61991600002874, 31.091364000242343], [121.61682199968224, 31.090445000428648], [121.59257500034273, 31.08937399960007], [121.59097900030798, 31.088526999855944], [121.58640300025655, 31.088469000210637], [121.58473999990261, 31.09057500029554], [121.57816500035617, 31.088786000025593], [121.57575599968013, 31.089140999960662], [121.57576699982074, 31.087689000240413], [121.57468099984082, 31.087568999968678], [121.57369400014409, 31.089453000263568], [121.5688880002257, 31.089220999902018], [121.56279700019181, 31.086804000118306], [121.56362399983134, 31.08436200034776], [121.55948599998283, 31.084608999812755], [121.55687199997757, 31.085882999767584], [121.55264299959053, 31.084809000303764], [121.5516450003624, 31.084173000196444], [121.55187900049367, 31.083017000442386], [121.54983799998185, 31.08319300029025], [121.54907999975207, 31.082272999781726], [121.54716200012851, 31.084665999897272], [121.54584299994984, 31.08455999972518], [121.5438039997065, 31.088675999874376], [121.54690900011106, 31.089783999969555], [121.54624899959924, 31.090404999561425], [121.54752900004348, 31.090903000424408], [121.54749700012475, 31.09212000015079], [121.55661199956928, 31.094359999828416], [121.55663700035682, 31.095021999673865], [121.5572760002657, 31.09386000019747], [121.55911400020746, 31.09377700033165], [121.563091999708, 31.095153000342712], [121.56245599985725, 31.09882799964107], [121.56083000023297, 31.098197999759822], [121.5603879995347, 31.1002220004133], [121.55821100028693, 31.099796000028608], [121.55864600044993, 31.10060799958299], [121.55736099984992, 31.10304499972703], [121.5588929998686, 31.10359699968036], [121.55551200032326, 31.10712100026389], [121.55678999949151, 31.107936000132252], [121.55329699983554, 31.110504999820215], [121.55295800004164, 31.112140999723806], [121.55801500036175, 31.11274700044031], [121.55977699998779, 31.114262999848794], [121.55972100012323, 31.11544300027363], [121.5633900004397, 31.115569000262468], [121.56284900030079, 31.119609000099274], [121.5679940004293, 31.120557999817922], [121.56756999997677, 31.122104000167784], [121.57102699961715, 31.12276599992293], [121.57051599958287, 31.12655400028313], [121.57162900002676, 31.126207000021836], [121.57300900013288, 31.127325000446614], [121.57207100051993, 31.12858599991025], [121.57736700017227, 31.12988400034176], [121.57719299952697, 31.13082299974848], [121.58396799966867, 31.131874000280337], [121.58671200027001, 31.126971000409252], [121.59119199999319, 31.127324000296728], [121.59215800025768, 31.11927199988342], [121.59407499972777, 31.11977799973507], [121.59731999994492, 31.12262800031593], [121.60149799947779, 31.123931999907782], [121.60301999985687, 31.121535999896455], [121.61024399975832, 31.122178000055975], [121.61246200026666, 31.11629600033801], [121.61511000029243, 31.114334999641212], [121.62018100004919, 31.116323000418053], [121.62368400018372, 31.115111000303138], [121.62300699973555, 31.116977999935823], [121.62814499948125, 31.118296999799913], [121.62914400002389, 31.117029999592607], [121.63275899960783, 31.118511000256493], [121.63233599976628, 31.12017599981558], [121.63424399977647, 31.11976100002806], [121.63486300049902, 31.120580999779467], [121.63546899983015, 31.11943599977634], [121.63631099999772, 31.11981800026586], [121.63584000003972, 31.121046000440405], [121.63721600012155, 31.121623000139024], [121.63854299976663, 31.120913999603175], [121.64119300024488, 31.12151599998833], [121.640634999614, 31.123198000151355], [121.63913799952888, 31.122994999890768], [121.63836099954068, 31.125326000057118], [121.63639699993209, 31.125458999620854], [121.63636200015215, 31.127629000105745], [121.63493700028882, 31.128294999804407], [121.63410299973938, 31.13110299990991], [121.64168800014302, 31.132798000069883], [121.64169799980677, 31.131564999789703], [121.6448039997234, 31.131206999818517], [121.64426800041784, 31.130262999639562], [121.64615499948593, 31.129909000356367], [121.64689800045186, 31.128665999860655]]]}}, {"type": "Feature", "properties": {"NAME": "祝桥镇", "idx": 163}, "geometry": {"type": "Polygon", "coordinates": [[[121.79209999953736, 31.13732600009881], [121.80212599952579, 31.110512000084334], [121.82104099950655, 31.1156660001736], [121.82694000031955, 31.106103000295228], [121.82947099951834, 31.10706299977399], [121.83633099955202, 31.09443900042283], [121.8384039998893, 31.090337999718763], [121.83480600046286, 31.089219000409756], [121.84416400046877, 31.071929999789784], [121.82812700051078, 31.070273999584934], [121.8237720001754, 31.06845499995855], [121.8191730000474, 31.06971400037408], [121.8084540001919, 31.069626999961287], [121.80804099965212, 31.068341999797155], [121.80586500029408, 31.06925400039217], [121.78080299974367, 31.06921599960568], [121.78148499964941, 31.071506999605337], [121.78251199972608, 31.07198100036959], [121.78114800024943, 31.073007999725093], [121.78299099995454, 31.07339100021248], [121.78296800019659, 31.077099999597607], [121.76909199965131, 31.07723199966081], [121.76908900029419, 31.0787380001435], [121.7671499996518, 31.078205000136478], [121.76768200015863, 31.07691700010304], [121.76064700015625, 31.077891999964383], [121.75889900013962, 31.077139999912404], [121.75744900024942, 31.07816000031103], [121.75788299947634, 31.082456000373515], [121.75716699999782, 31.084751000437226], [121.75576799998434, 31.085261999997307], [121.75518600021445, 31.087166999691632], [121.75074999992847, 31.08741699976746], [121.7456220004176, 31.086183999889418], [121.74638800039658, 31.084971000273853], [121.74528899968182, 31.084570999589776], [121.74615199995733, 31.08383000006775], [121.74064500011073, 31.08188000023202], [121.74073100033144, 31.079046000274158], [121.73867899979446, 31.078858999779136], [121.73883499947209, 31.077866000366466], [121.73769099970671, 31.07768099961887], [121.73748300019804, 31.07874299986086], [121.73454599977883, 31.07849400041886], [121.73472999956148, 31.077674000181343], [121.731340000469, 31.07646099975552], [121.73098200017378, 31.07814899963932], [121.72719200050892, 31.07794400030241], [121.72659800007146, 31.081207000013773], [121.73003199992004, 31.081691999716725], [121.72796700029939, 31.088428000036046], [121.72686499980797, 31.088894000100236], [121.73196900009161, 31.089613000029715], [121.73066400030606, 31.092378999789688], [121.72950800045697, 31.091231999895523], [121.72896500039346, 31.093169999747605], [121.73010399970804, 31.094442999555383], [121.73292200042977, 31.094806000119434], [121.73153899992053, 31.097214000165398], [121.7295610003644, 31.09688999955729], [121.72934299969391, 31.097568999789356], [121.72477199948587, 31.09709600020397], [121.72335699972368, 31.096104999904647], [121.72227300012142, 31.100469999942998], [121.72126799950794, 31.100460000166926], [121.72074899992339, 31.102220999957137], [121.72165800030467, 31.102472999767993], [121.72150700004926, 31.103418999578782], [121.72489300000669, 31.104723999994384], [121.73257100047515, 31.10517599983659], [121.7313800000703, 31.111311999571964], [121.73005299992076, 31.113477999632046], [121.72851399986416, 31.123380000035034], [121.73885999948463, 31.122214999869396], [121.73938600013985, 31.124770000177556], [121.7481450003882, 31.124509999638683], [121.74674399982526, 31.129396999587474], [121.79209999953736, 31.13732600009881]]]}}, {"type": "Feature", "properties": {"NAME": "东明路街道", "idx": 164}, "geometry": {"type": "Polygon", "coordinates": [[[121.52323799957571, 31.15556300009795], [121.53025799956765, 31.14421499984009], [121.52948599966798, 31.14102099959698], [121.5282640002626, 31.139890000420667], [121.51141300013364, 31.13726500026783], [121.5061769995568, 31.144992999648338], [121.49245000050122, 31.13959600005459], [121.48989099963096, 31.146098000214756], [121.48456800022895, 31.14488100008171], [121.48280299982022, 31.14982800001389], [121.50838699963595, 31.151052999814166], [121.52323799957571, 31.15556300009795]]]}}, {"type": "Feature", "properties": {"NAME": "六灶镇", "idx": 165}, "geometry": {"type": "Polygon", "coordinates": [[[121.69660800022122, 31.146709000117877], [121.70014099987111, 31.14815100007059], [121.70166499948583, 31.145849999574057], [121.68764700029915, 31.141030999602567], [121.69055200026847, 31.13642000043372], [121.69315499962255, 31.13419300031088], [121.7005609994952, 31.136547000284292], [121.70268500008434, 31.132628000050786], [121.70354799970374, 31.132957999736277], [121.70449800011683, 31.131321000105885], [121.70718800025631, 31.13305999995206], [121.70831100038167, 31.133010999734882], [121.70914299971889, 31.131524000058114], [121.71189199976554, 31.131476000227703], [121.71476799994412, 31.132552000106006], [121.71418400014325, 31.133803000255725], [121.71507800045114, 31.134170000191478], [121.7158799996174, 31.132843999903407], [121.71938300037338, 31.134072999927696], [121.71869200044246, 31.13522500021328], [121.72075399959226, 31.13635100020124], [121.72081400032938, 31.137456999716097], [121.72310800007907, 31.13558899962601], [121.72498900011095, 31.136007999569664], [121.72654799994825, 31.123448999977754], [121.72851399986416, 31.123380000035034], [121.73005299992076, 31.113477999632046], [121.7313800000703, 31.111311999571964], [121.73257100047515, 31.10517599983659], [121.72489300000669, 31.104723999994384], [121.72150700004926, 31.103418999578782], [121.72165800030467, 31.102472999767993], [121.72074899992339, 31.102220999957137], [121.72126799950794, 31.100460000166926], [121.72227300012142, 31.100469999942998], [121.72335699972368, 31.096104999904647], [121.72504499956399, 31.09715500025208], [121.73153899992053, 31.097214000165398], [121.73292200042977, 31.094806000119434], [121.73010399970804, 31.094442999555383], [121.72896500039346, 31.093169999747605], [121.72950800045697, 31.091231999895523], [121.73066400030606, 31.092378999789688], [121.73196900009161, 31.089613000029715], [121.72686499980797, 31.088894000100236], [121.72641000039428, 31.090637000369483], [121.72306499978143, 31.092013999970128], [121.72263700032498, 31.093853000315434], [121.70728299983443, 31.09290300021186], [121.70614900005516, 31.0877889998194], [121.70542800004635, 31.08773699955326], [121.70492200003581, 31.089599000215177], [121.70298199961344, 31.08919499981043], [121.70288900048149, 31.087783000318794], [121.70183999989388, 31.089013999923164], [121.69798900016247, 31.088539999738], [121.69863899963875, 31.087149999645696], [121.69727499986402, 31.08620499955324], [121.69781500008463, 31.085055999812422], [121.67293200024028, 31.082035000217168], [121.6711489998988, 31.094521999653846], [121.66904400008488, 31.094201000392935], [121.66816000027838, 31.09554799968378], [121.66706999970312, 31.095241000119465], [121.6661450001511, 31.09832500042546], [121.66980200015233, 31.100427000321968], [121.66913499986667, 31.10225099982857], [121.66982099973487, 31.103696000434446], [121.66835400052067, 31.105272999859263], [121.67933299973996, 31.108703000402215], [121.67827799956447, 31.110397000177556], [121.67707800034374, 31.109905999849435], [121.67573200052291, 31.11165999968915], [121.6717990002334, 31.11990399987673], [121.67282799985502, 31.120721000390496], [121.66918000011995, 31.119722000333105], [121.66713800011266, 31.122115999808486], [121.66624099987467, 31.130782000081762], [121.67183200046117, 31.135040999726716], [121.67302000034894, 31.13771599980376], [121.67733999967338, 31.138954000425656], [121.67642699953115, 31.140751000358623], [121.67768599991363, 31.140979999639633], [121.67736800050228, 31.142359000294174], [121.67903099959057, 31.1430680000282], [121.68112999957587, 31.142154000275813], [121.67934300033485, 31.147981000158758], [121.67782999975452, 31.147754999631527], [121.67804000003221, 31.146690000020335], [121.67713900015913, 31.146483999748234], [121.67627799965187, 31.149323999701842], [121.6795179997301, 31.150173000357334], [121.679999999778, 31.151776999698807], [121.68064800037976, 31.15052500033021], [121.68442800050934, 31.151946000267575], [121.68527899972754, 31.154965999720257], [121.6869869996587, 31.154897000044365], [121.6872269996121, 31.153339000439782], [121.68863299971065, 31.155531000380115], [121.68910799996608, 31.15398599994849], [121.69381200004312, 31.155360000016564], [121.69487300014457, 31.154569000053794], [121.69660800022122, 31.146709000117877]]]}}, {"type": "Feature", "properties": {"NAME": "康桥镇", "idx": 166}, "geometry": {"type": "Polygon", "coordinates": [[[121.63262300034091, 31.165596000148778], [121.63481400032522, 31.159531999905088], [121.63679599956019, 31.160345000085123], [121.63796900015373, 31.158824999919723], [121.63976699991558, 31.159273999554774], [121.64014199956932, 31.158582000368785], [121.63794899993634, 31.157566000398308], [121.63844000007822, 31.156461000316018], [121.63928099989306, 31.155571000101723], [121.64200700003174, 31.15636000041382], [121.64043999994647, 31.154956000150726], [121.64076499955812, 31.153702000018267], [121.6424539999745, 31.154547000449842], [121.64315599952124, 31.152603999751065], [121.64135800021667, 31.151879999805242], [121.64264000043899, 31.14981600032812], [121.63943499996294, 31.149428000101917], [121.64104100034872, 31.145182999977457], [121.64010099959626, 31.144600999737097], [121.64151900027487, 31.1415089999358], [121.64127199951862, 31.13565199999676], [121.6429969996349, 31.133809999562487], [121.64060000035612, 31.131994000329875], [121.63403000010318, 31.130967000150648], [121.63493700028882, 31.128294999804407], [121.63636200015215, 31.127629000105745], [121.63639699993209, 31.125458999620854], [121.63836099954068, 31.125326000057118], [121.63913799952888, 31.122994999890768], [121.640634999614, 31.123198000151355], [121.64119300024488, 31.12151599998833], [121.63854299976663, 31.120913999603175], [121.63721600012155, 31.121623000139024], [121.63584000003972, 31.121046000440405], [121.63631099999772, 31.11981800026586], [121.63546899983015, 31.11943599977634], [121.63486300049902, 31.120580999779467], [121.63424399977647, 31.11976100002806], [121.63233599976628, 31.12017599981558], [121.63275899960783, 31.118511000256493], [121.62914400002389, 31.117029999592607], [121.62814499948125, 31.118296999799913], [121.62300699973555, 31.116977999935823], [121.62368400018372, 31.115111000303138], [121.62018100004919, 31.116323000418053], [121.61511000029243, 31.114334999641212], [121.61246200026666, 31.11629600033801], [121.61027200042821, 31.122165000359093], [121.60301999985687, 31.121535999896455], [121.60149799947779, 31.123931999907782], [121.59731999994492, 31.12262800031593], [121.59407499972777, 31.11977799973507], [121.59215800025768, 31.11927199988342], [121.59126700046842, 31.12723800044558], [121.58671200027001, 31.126971000409252], [121.58396799966867, 31.131874000280337], [121.57719299952697, 31.13082299974848], [121.57736700017227, 31.12988400034176], [121.57207100051993, 31.12858599991025], [121.57300900013288, 31.127325000446614], [121.57162900002676, 31.126207000021836], [121.57051599958287, 31.12655400028313], [121.57102699961715, 31.12276599992293], [121.56756999997677, 31.122104000167784], [121.5679940004293, 31.120557999817922], [121.56284900030079, 31.119609000099274], [121.5633900004397, 31.115569000262468], [121.55972100012323, 31.11544300027363], [121.55977699998779, 31.114262999848794], [121.55801500036175, 31.11274700044031], [121.55485100030351, 31.11233799988036], [121.55570499997891, 31.113433000267648], [121.55361400026288, 31.115191000431345], [121.55211599963702, 31.114822999666007], [121.55091000030178, 31.116314000083886], [121.54868000025682, 31.114287000322392], [121.54763900028343, 31.11559799989626], [121.54478200011253, 31.114955000207193], [121.54550699987541, 31.112834000296107], [121.5431350000827, 31.111348999852858], [121.54113399998545, 31.111583999710877], [121.54094500040463, 31.113210999965872], [121.53887099982872, 31.113969000330222], [121.5379599994863, 31.11797600044093], [121.53524600047712, 31.117400000425008], [121.53496600011887, 31.11611299961673], [121.53343599978604, 31.115676000242136], [121.5321599995567, 31.11845399988579], [121.53089699988233, 31.11814699978586], [121.53059500007988, 31.11986199999451], [121.53181800011166, 31.120296999873386], [121.53249399965641, 31.122561999630715], [121.5310390004017, 31.12389899981537], [121.53289200038812, 31.124319000223593], [121.53003599995989, 31.12562799965487], [121.52969599980099, 31.12660200004373], [121.5308769995599, 31.12740800006973], [121.5297509998689, 31.129450000339173], [121.52870499961926, 31.12945399985911], [121.52799100043036, 31.130938999709336], [121.5257170003428, 31.13026099963306], [121.52552699955757, 31.128875000435148], [121.52294200012096, 31.131513999764273], [121.52409200036173, 31.133294000305913], [121.53032799980173, 31.135911000222066], [121.53240000032584, 31.13480899992445], [121.53656299962924, 31.136705000091137], [121.53872299966628, 31.135596999842953], [121.54378400035945, 31.137467999843405], [121.54315799985206, 31.13886499977123], [121.54413200029472, 31.139435000012178], [121.54046500006044, 31.149368000450586], [121.53721899962538, 31.155506000201257], [121.53556600005344, 31.15584300016115], [121.5348510005165, 31.157085999690196], [121.53736199968237, 31.1585849999426], [121.53871299974726, 31.15810199956536], [121.53870900041628, 31.157165999667534], [121.54083700029896, 31.157170000321905], [121.54141100021671, 31.159017999968587], [121.54343499990381, 31.156332000420484], [121.54826300013256, 31.15326299990816], [121.55737699989261, 31.154639000258783], [121.55761700019718, 31.15290500034425], [121.56783000043329, 31.15541500025477], [121.56821200025459, 31.15718900000855], [121.57828000033616, 31.159895000053847], [121.58286199982055, 31.154422999659754], [121.58659400024196, 31.156139000240337], [121.58828999991367, 31.154317999566867], [121.59761999981963, 31.15740299957043], [121.5989619996875, 31.15374799973555], [121.60397500011392, 31.155793999866187], [121.60392699983709, 31.15698199963022], [121.60793500010345, 31.157060000341318], [121.61110799978074, 31.158306000221618], [121.61689299969095, 31.161913999949125], [121.62735200050243, 31.16314699957606], [121.63262300034091, 31.165596000148778]]]}}, {"type": "Feature", "properties": {"NAME": "三林镇", "idx": 167}, "geometry": {"type": "Polygon", "coordinates": [[[121.53054299971141, 31.17231900033414], [121.53857799976976, 31.16477300039212], [121.54015900000653, 31.1610640002438], [121.53874799973116, 31.16007899965498], [121.54123999973002, 31.1590999997377], [121.54083700029896, 31.157170000321905], [121.53870900041628, 31.157165999667534], [121.53756899981022, 31.15861900030728], [121.53484299995696, 31.157136000307155], [121.53556600005344, 31.15584300016115], [121.53721899962538, 31.155506000201257], [121.54046500006044, 31.149368000450586], [121.54420699975664, 31.13913800025856], [121.54315799985206, 31.13886499977123], [121.54378400035945, 31.137467999843405], [121.54207100023487, 31.136431000365427], [121.53977499988397, 31.136508000328156], [121.5387020004486, 31.135594999657744], [121.53696400031785, 31.136792999961923], [121.5317900003961, 31.134745999780424], [121.53051100037254, 31.135955000179873], [121.52389399992815, 31.133108000262464], [121.52294200012096, 31.131513999764273], [121.52464899971064, 31.129175000125013], [121.52552699955757, 31.128875000435148], [121.5257170003428, 31.13026099963306], [121.5280520001116, 31.130939999939542], [121.53054900052592, 31.128288999826303], [121.53003599995989, 31.12562799965487], [121.53289200038812, 31.124319000223593], [121.5310390004017, 31.12389899981537], [121.53249399965641, 31.122561999630715], [121.53181800011166, 31.120296999873386], [121.52763999954732, 31.11881400036627], [121.52678100052232, 31.120275999991687], [121.52069799948693, 31.11856900042919], [121.52016999959493, 31.120265000099835], [121.52045599977201, 31.118841999721013], [121.51907700002147, 31.11882499995613], [121.51966600009857, 31.117329999661493], [121.51709600032217, 31.11826800045094], [121.51009600039416, 31.117086999992168], [121.50671099991676, 31.123371999575948], [121.5050190000678, 31.123400000060585], [121.50232899952884, 31.121799999717858], [121.50171200003987, 31.12244799959975], [121.49932899982288, 31.12010599973405], [121.50058400025416, 31.11738499995651], [121.49694599982205, 31.116670999959535], [121.49451700019159, 31.122941000024863], [121.48816500019151, 31.120685999858384], [121.48456099948528, 31.126797000213102], [121.48127200033072, 31.126147000258506], [121.48066399965067, 31.123654000330188], [121.47882500015594, 31.12346099980616], [121.47866800049756, 31.12209999979048], [121.47706999981679, 31.122079999752383], [121.47641299994379, 31.119964000172043], [121.4748180004566, 31.119069000310315], [121.47274399952931, 31.119459000403143], [121.47298199996092, 31.116999999639667], [121.47445299981919, 31.116210999723695], [121.47661199957054, 31.112619000184903], [121.47518699981438, 31.11185399985804], [121.47383399978158, 31.113331999991452], [121.47269000029895, 31.112633999906503], [121.47325699983816, 31.111530999672578], [121.47227000031154, 31.111298999624392], [121.47189299972666, 31.113795999558413], [121.46964000011626, 31.116443999560037], [121.46942199983933, 31.115042999868603], [121.46654899955584, 31.11392199986037], [121.46819499988526, 31.11305700017163], [121.46677400013085, 31.112041000393685], [121.46046600026861, 31.114159999911344], [121.46497699998979, 31.120433999801232], [121.46571200033691, 31.123835000248746], [121.46520399970913, 31.127077000355794], [121.46343300044819, 31.13071000041946], [121.45510799990262, 31.138836999573105], [121.45282800015848, 31.143190000230817], [121.45224000010776, 31.14715400014426], [121.45380099966711, 31.150216999641387], [121.46296100046136, 31.158441999876594], [121.46483300022544, 31.163137000027042], [121.50963000046131, 31.171244999686994], [121.51346600035377, 31.16654199961732], [121.51737800050526, 31.167684000231286], [121.51699999996404, 31.16844999991575], [121.51874700049785, 31.169426999666424], [121.5163379997352, 31.17031299959944], [121.51915700026403, 31.17157500043236], [121.51991900026053, 31.170869999689614], [121.51927300016284, 31.169283000430575], [121.52170000006201, 31.17015700033976], [121.52265500016449, 31.169121000406214], [121.53054299971141, 31.17231900033414]], [[121.52323799957571, 31.15556300009795], [121.50838699963595, 31.151052999814166], [121.48280299982022, 31.14982800001389], [121.48456800022895, 31.14488100008171], [121.48989099963096, 31.146098000214756], [121.49245000050122, 31.13959600005459], [121.5061769995568, 31.144992999648338], [121.51141300013364, 31.13726500026783], [121.5282640002626, 31.139890000420667], [121.52929999999415, 31.14080499968715], [121.53025799956765, 31.14421499984009], [121.52323799957571, 31.15556300009795]]]}}, {"type": "Feature", "properties": {"NAME": "上钢新村街道", "idx": 168}, "geometry": {"type": "Polygon", "coordinates": [[[121.48836700031353, 31.189852999967034], [121.49248200001928, 31.167975999977557], [121.46483300022544, 31.163137000027042], [121.46003000037331, 31.177613999818938], [121.46231300016983, 31.183715999788443], [121.46576599985627, 31.187103000215657], [121.4706810000032, 31.189910000181857], [121.48650999972364, 31.193449999854696], [121.48836700031353, 31.189852999967034]]]}}, {"type": "Feature", "properties": {"NAME": "北蔡镇", "idx": 169}, "geometry": {"type": "Polygon", "coordinates": [[[121.57414300032374, 31.19516900009579], [121.57542000044813, 31.194580000353398], [121.57930999969682, 31.18333699988928], [121.5861150000099, 31.17292400001264], [121.58641600051995, 31.16878900024704], [121.58882400033495, 31.16425500035118], [121.58873200048613, 31.161417000289884], [121.57828000033616, 31.159895000053847], [121.56821200025459, 31.15718900000855], [121.56783000043329, 31.15541500025477], [121.55768399978652, 31.152914000313285], [121.55737699989261, 31.154639000258783], [121.54826300013256, 31.15326299990816], [121.54343499990381, 31.156332000420484], [121.54172100013321, 31.158811000096595], [121.53874799973116, 31.16007899965498], [121.54015900000653, 31.1610640002438], [121.53853600026771, 31.164837999785124], [121.53054299971141, 31.17231900033414], [121.52265500016449, 31.169121000406214], [121.52170000006201, 31.17015700033976], [121.51927300016284, 31.169283000430575], [121.51991900026053, 31.170869999689614], [121.51894400006313, 31.17153500001522], [121.5163379997352, 31.17031299959944], [121.51874700049785, 31.169426999666424], [121.51699999996404, 31.16844999991575], [121.51737800050526, 31.167684000231286], [121.51346600035377, 31.16654199961732], [121.5099300005272, 31.170314999796133], [121.50963000046131, 31.171244999686994], [121.51484300045061, 31.17218800034147], [121.51434400037279, 31.177029000048684], [121.51920999965793, 31.189716000183534], [121.52264599960701, 31.189457000166716], [121.52348200037655, 31.187352999628313], [121.52762899995342, 31.18704500031092], [121.53069499988241, 31.18752300023006], [121.53309499997668, 31.189621000100605], [121.54391099950537, 31.19006300032356], [121.54369499983261, 31.19232000004992], [121.54673200005257, 31.1930780000529], [121.5507050001967, 31.193445000431254], [121.55120000009651, 31.191751999679376], [121.55493400032537, 31.192497000361247], [121.55528200047603, 31.190817999771035], [121.55664599979195, 31.190582999694865], [121.5559849999088, 31.193183000257086], [121.55939300026077, 31.193703999607184], [121.56066499989103, 31.195599999552883], [121.5660309995922, 31.196430000377138], [121.56628099964813, 31.19555000013285], [121.56805199984188, 31.19532100002397], [121.56780199991672, 31.196110999737698], [121.57053200007512, 31.196690000016286], [121.5704979999888, 31.19753900042806], [121.57341000026214, 31.197933000065944], [121.57414300032374, 31.19516900009579]]]}}, {"type": "Feature", "properties": {"NAME": "周家渡街道", "idx": 170}, "geometry": {"type": "Polygon", "coordinates": [[[121.49750000026634, 31.190133999571213], [121.5015589997761, 31.18769400021726], [121.50925900005733, 31.19089800041179], [121.51546899948075, 31.180038999986117], [121.51413000019411, 31.176049000198564], [121.51484300045061, 31.17218800034147], [121.49248200001928, 31.167975999977557], [121.48841099997254, 31.189669999883787], [121.48650999972364, 31.193449999854696], [121.4913539999219, 31.195603000054298], [121.49477999963942, 31.19910799996541], [121.49692599965974, 31.19752000006423], [121.49755800034758, 31.195503000033852], [121.49750000026634, 31.190133999571213]]]}}, {"type": "Feature", "properties": {"NAME": "张江镇", "idx": 171}, "geometry": {"type": "MultiPolygon", "coordinates": [[[[121.59576800032198, 31.20596500004009], [121.59619399971328, 31.19858199991285], [121.58716199957301, 31.197201000434845], [121.58539800051122, 31.19764800030921], [121.5848829997525, 31.201113999850165], [121.58253299984045, 31.20087700002874], [121.58210799981006, 31.203936000045523], [121.59576800032198, 31.20596500004009]]], [[[121.61807600049644, 31.22292200014373], [121.61258199957204, 31.222888000271823], [121.61242000033141, 31.220907000166626], [121.61290500017516, 31.21724300015677], [121.61823999972101, 31.2175650001197], [121.61807600049644, 31.22292200014373], [121.62027499960554, 31.221680999572996], [121.6205110001034, 31.20269799978877], [121.63464399962804, 31.20670699985458], [121.6354600003723, 31.200570999977042], [121.63157900029603, 31.19912400045135], [121.63207199977333, 31.198216999660144], [121.63123800028842, 31.19789800033882], [121.63333199987534, 31.194609999854073], [121.65849199976024, 31.199423999900084], [121.66137499950432, 31.189928999881115], [121.66158599950037, 31.187400000372698], [121.66061800019855, 31.185919999940687], [121.66145000025548, 31.18301700039837], [121.65722599982348, 31.181542000259544], [121.65955100005561, 31.18015100040934], [121.65590899975675, 31.178886999862087], [121.65609599949968, 31.178174999668062], [121.65226099962635, 31.177505000125684], [121.65337099987914, 31.17605400022286], [121.65189100003312, 31.175434999593495], [121.65207599962544, 31.17284200013916], [121.64891199949449, 31.170868000152424], [121.64927300035758, 31.17017599961993], [121.65292499971541, 31.170543999556266], [121.65280099963256, 31.167259999981724], [121.64985099973104, 31.16584600021968], [121.65049200047434, 31.165443000166995], [121.64928599976852, 31.162891999644007], [121.65198200025766, 31.16351000010791], [121.65295999969626, 31.161707999774606], [121.6489379998842, 31.160564999733218], [121.64522199992767, 31.15756599968205], [121.64554600002772, 31.15630799961908], [121.64420299981451, 31.15692599987549], [121.63928099989306, 31.155571000101723], [121.63793400041779, 31.15753100038019], [121.64014199956932, 31.158582000368785], [121.63976699991558, 31.159273999554774], [121.63796900015373, 31.158824999919723], [121.63679599956019, 31.160345000085123], [121.63481400032522, 31.159531999905088], [121.6321850000235, 31.16557300013433], [121.62735200050243, 31.16314699957606], [121.61689299969095, 31.161913999949125], [121.60825799996232, 31.1571680004128], [121.60392699983709, 31.15698199963022], [121.60397500011392, 31.155793999866187], [121.59907599969172, 31.153767999998546], [121.59761999981963, 31.15740299957043], [121.58828999991367, 31.154317999566867], [121.58659400024196, 31.156139000240337], [121.5827749995903, 31.15445199955318], [121.57842899972587, 31.159846000308786], [121.58882400036258, 31.161541999696745], [121.58882400033495, 31.16425500035118], [121.58641600051995, 31.16878900024704], [121.5862979999912, 31.177413000153628], [121.59031800051793, 31.178070000125985], [121.59127500048075, 31.179550999940105], [121.59502700040409, 31.180916999558757], [121.59473799957385, 31.181519000063716], [121.597087000267, 31.181143999704666], [121.59741800044307, 31.181916999643274], [121.59958499982108, 31.180232000259313], [121.6028279999754, 31.183324999778925], [121.60223099990083, 31.18518999956343], [121.608635999503, 31.18751699981331], [121.60778399994973, 31.20029499960432], [121.60115400000166, 31.20026799976409], [121.60591999954072, 31.204686000322774], [121.60418099976195, 31.207733000135935], [121.6084759996533, 31.210006999725373], [121.60395499988488, 31.22236299963621], [121.60556199967515, 31.22345700016412], [121.605213000408, 31.22460199973886], [121.60445100015033, 31.22438800032971], [121.60237300029715, 31.228234000186916], [121.60731100008951, 31.22966300006213], [121.61440799962, 31.22963799970319], [121.61389500013959, 31.22769900014319], [121.61560899986276, 31.22836300003372], [121.61630799955617, 31.227050000006844], [121.61799800006507, 31.227651999810266], [121.6184579997948, 31.226632999899053], [121.61668900042422, 31.22609600035388], [121.61734299965664, 31.224792999980192], [121.6199649997772, 31.22598800023485], [121.62092900038984, 31.225123000436316], [121.62206499984785, 31.226607000221115], [121.62695500043023, 31.227896000308927], [121.62752000003248, 31.225994999933985], [121.61807600049644, 31.22292200014373]]], [[[121.59378699992828, 31.22982500033588], [121.5947470000808, 31.220008000366715], [121.58678099991936, 31.2174659999368], [121.58262000022111, 31.21467000032937], [121.5837469996121, 31.209690000332255], [121.5809899997345, 31.209349000380893], [121.58076400049167, 31.210150999918476], [121.57698799984361, 31.210504000058293], [121.57599199960103, 31.208217999997245], [121.57421799967193, 31.20797300021225], [121.5737620004625, 31.21223000039447], [121.57462199991973, 31.212585000137626], [121.57076300001242, 31.227481000239248], [121.58242500045463, 31.227855000167636], [121.58279400046118, 31.224496000136288], [121.58467200006976, 31.22076600028803], [121.58781500030709, 31.222806000285537], [121.58702700025248, 31.223796000185725], [121.58858699996517, 31.224486000181756], [121.5875700003511, 31.228425000236918], [121.59378699992828, 31.22982500033588]]]]}}, {"type": "Feature", "properties": {"NAME": "南码头路街道", "idx": 172}, "geometry": {"type": "Polygon", "coordinates": [[[121.5005099999964, 31.207291000080698], [121.52247700010587, 31.2009409996587], [121.52298399971137, 31.19888499993647], [121.51546899948075, 31.180038999986117], [121.50925900005733, 31.19089800041179], [121.5015589997761, 31.18769400021726], [121.49750000026634, 31.190133999571213], [121.49755800034758, 31.195503000033852], [121.49692599965974, 31.19752000006423], [121.49477999963942, 31.19910799996541], [121.5005099999964, 31.207291000080698]]]}}, {"type": "Feature", "properties": {"NAME": "川沙新镇", "idx": 173}, "geometry": {"type": "Polygon", "coordinates": [[[121.86171200043182, 31.112836999902207], [121.84333300015193, 31.104572999870253], [121.83296500014946, 31.101606999977218], [121.82474200028918, 31.116779000120342], [121.80212599952579, 31.110512000084334], [121.79209999953736, 31.13732600009881], [121.74674399982526, 31.129396999587474], [121.7481450003882, 31.124509999638683], [121.73938600013985, 31.124770000177556], [121.73885999948463, 31.122214999869396], [121.73545400022005, 31.123169999683153], [121.72654799994825, 31.123448999977754], [121.72498900011095, 31.136007999569664], [121.72310800007907, 31.13558899962601], [121.72081400032938, 31.137456999716097], [121.72075399959226, 31.13635100020124], [121.71869200044246, 31.13522500021328], [121.71938300037338, 31.134072999927696], [121.71771100040492, 31.13332999967543], [121.7158799996174, 31.132843999903407], [121.71507800045114, 31.134170000191478], [121.71418400014325, 31.133803000255725], [121.71476799994412, 31.132552000106006], [121.71189199976554, 31.131476000227703], [121.70914299971889, 31.131524000058114], [121.70831100038167, 31.133010999734882], [121.70718800025631, 31.13305999995206], [121.70449800011683, 31.131321000105885], [121.70354799970374, 31.132957999736277], [121.70268500008434, 31.132628000050786], [121.7005609994952, 31.136547000284292], [121.69315499962255, 31.13419300031088], [121.69055200026847, 31.13642000043372], [121.68764700029915, 31.141030999602567], [121.70166499948583, 31.145849999574057], [121.70014099987111, 31.14815100007059], [121.69660800022122, 31.146709000117877], [121.69487300014457, 31.154569000053794], [121.69381200004312, 31.155360000016564], [121.68910799996608, 31.15398599994849], [121.68863299971065, 31.155531000380115], [121.6872269996121, 31.153339000439782], [121.6869869996587, 31.154897000044365], [121.68529800006529, 31.154974000379745], [121.68442800050934, 31.151946000267575], [121.68064800037976, 31.15052500033021], [121.679999999778, 31.151776999698807], [121.6795179997301, 31.150173000357334], [121.67627799965187, 31.149323999701842], [121.67713900015913, 31.146483999748234], [121.67804000003221, 31.146690000020335], [121.67782999975452, 31.147754999631527], [121.67934300033485, 31.147981000158758], [121.68112999957587, 31.142154000275813], [121.67903099959057, 31.1430680000282], [121.67736800050228, 31.142359000294174], [121.67768599991363, 31.140979999639633], [121.67642699953115, 31.140751000358623], [121.67733999967338, 31.138954000425656], [121.67302000034894, 31.13771599980376], [121.67183200046117, 31.135040999726716], [121.66624099987467, 31.130782000081762], [121.66636999960845, 31.129588999907828], [121.66516699952888, 31.1297809998791], [121.66501600034543, 31.131144000127907], [121.65737000048199, 31.130368000075062], [121.65175300012638, 31.128770000254757], [121.65195099991428, 31.12805399986575], [121.6507709997976, 31.12766200005474], [121.64990199964028, 31.12892800042598], [121.64692599965564, 31.128658000167924], [121.64615499948593, 31.129909000356367], [121.64493499984758, 31.129537999694975], [121.64401900035506, 31.130729000121573], [121.64454999960617, 31.13133400019255], [121.64169799980677, 31.131564999789703], [121.64168800014302, 31.132798000069883], [121.6429969996349, 31.133809999562487], [121.64127199951862, 31.13565199999676], [121.64151900027487, 31.1415089999358], [121.64010099959626, 31.144600999737097], [121.64104100034872, 31.145182999977457], [121.63943599961983, 31.149441000287432], [121.64264000043899, 31.14981600032812], [121.64135800021667, 31.151879999805242], [121.64315599952124, 31.152603999751065], [121.6424539999745, 31.154547000449842], [121.64076499955812, 31.153702000018267], [121.64043999994647, 31.154956000150726], [121.64420299981451, 31.15692599987549], [121.64591500017477, 31.156506000027388], [121.64522199992767, 31.15756599968205], [121.6489379998842, 31.160564999733218], [121.65295999969626, 31.161707999774606], [121.65198200025766, 31.16351000010791], [121.64928599976852, 31.162891999644007], [121.65049200047434, 31.165443000166995], [121.64985099973104, 31.16584600021968], [121.65280099963256, 31.167259999981724], [121.65292499971541, 31.170543999556266], [121.64927300035758, 31.17017599961993], [121.64891199949449, 31.170868000152424], [121.65207599962544, 31.17284200013916], [121.65189100003312, 31.175434999593495], [121.65337099987914, 31.17605400022286], [121.65226099962635, 31.177505000125684], [121.65609599949968, 31.178174999668062], [121.65590899975675, 31.178886999862087], [121.65955100005561, 31.18015100040934], [121.65722599982348, 31.181542000259544], [121.66145000025548, 31.18301700039837], [121.66061800019855, 31.185919999940687], [121.66158599950037, 31.187400000372698], [121.66137499950432, 31.189928999881115], [121.65740500024914, 31.202591999683445], [121.66018099955365, 31.203497000134313], [121.66241100035353, 31.20576499992788], [121.66372899981151, 31.203832999651866], [121.66483599995021, 31.20451800006187], [121.66533200000876, 31.203492999649903], [121.66735799979655, 31.204286999880186], [121.6668050003532, 31.205491000064125], [121.6710129997351, 31.207263000184412], [121.68063099963653, 31.209195000105215], [121.68230199971762, 31.203908000408727], [121.6943830001867, 31.206192999873075], [121.69481699979139, 31.205075999678236], [121.69718799989501, 31.205474000094362], [121.69846000025724, 31.203338000203935], [121.6993179998258, 31.20366200017235], [121.69969900048359, 31.20215899976414], [121.70366199955018, 31.2032070002936], [121.70575299988882, 31.19966700030628], [121.70776499966178, 31.200320000057523], [121.70908000050758, 31.199222999759485], [121.72862199979434, 31.20640600043205], [121.76454800004694, 31.2098259999822], [121.77457199970482, 31.213855000331428], [121.78811600038865, 31.198204000240274], [121.78727799972829, 31.196849000417227], [121.7887209998279, 31.19732900000251], [121.79005799995423, 31.196605000136703], [121.78967799952689, 31.19603200000943], [121.79914899986504, 31.184279999888144], [121.86171200043182, 31.112836999902207]]]}}, {"type": "Feature", "properties": {"NAME": "金桥出口加工区", "idx": 174}, "geometry": {"type": "MultiPolygon", "coordinates": [[[[121.68854699985226, 31.218641999635985], [121.69561600012115, 31.217721999902572], [121.70053200023158, 31.207371999791306], [121.68230199971762, 31.203908000408727], [121.68063099963653, 31.209195000105215], [121.68194700002708, 31.209498999951087], [121.6787780004371, 31.216066000032622], [121.68386899953853, 31.21812400029379], [121.68854699985226, 31.218641999635985]]], [[[121.68473800023803, 31.22297800015481], [121.67279099979815, 31.220316999622753], [121.66920500016346, 31.23289099998863], [121.68209399972385, 31.235689000319958], [121.68473800023803, 31.22297800015481]]], [[[121.61252300011279, 31.281905999761623], [121.6304470001572, 31.28188000006894], [121.6304499997379, 31.254484999663074], [121.63213999962193, 31.255316999730184], [121.63241700018865, 31.25315100021531], [121.6288139999549, 31.25203499976223], [121.62506999994778, 31.257394000036783], [121.62216299960869, 31.255903999751418], [121.62845799974325, 31.247270999624185], [121.62643000015187, 31.246944999687305], [121.62660000006927, 31.244873999949082], [121.61129000007092, 31.243984000231137], [121.60831099997995, 31.243118999725464], [121.60947299960849, 31.241769999597327], [121.60627700037264, 31.24224899956924], [121.60505200037574, 31.24453299960062], [121.60354500003328, 31.244004999906764], [121.60415700026466, 31.2417470001381], [121.60315600020844, 31.241141000076276], [121.59211699990476, 31.237867000081167], [121.58972200019736, 31.242586000157456], [121.5825420003059, 31.247938999814366], [121.58542700022338, 31.24993199966774], [121.58689899956454, 31.252314000034012], [121.58944199955063, 31.25252399976153], [121.60361899958205, 31.261687999960248], [121.6124939997979, 31.26482600028775], [121.61252300011279, 31.281905999761623]]]]}}, {"type": "Feature", "properties": {"NAME": "塘桥街道", "idx": 175}, "geometry": {"type": "Polygon", "coordinates": [[[121.5314070004275, 31.22027199959339], [121.5247189996833, 31.203340000227996], [121.52184499966542, 31.201289000268286], [121.5083269996756, 31.204312000131875], [121.5005099999964, 31.207291000080698], [121.50444400016556, 31.21377700011156], [121.50553000027213, 31.217481000364764], [121.51445200016396, 31.21675199997165], [121.51552900011305, 31.217512000038198], [121.52160899963923, 31.21756499979381], [121.52231100038658, 31.219390999923636], [121.52435600049898, 31.219474999619322], [121.52456599999134, 31.22098700030981], [121.52804200025307, 31.221452999831264], [121.5314070004275, 31.22027199959339]]]}}, {"type": "Feature", "properties": {"NAME": "张江高科技园区", "idx": 176}, "geometry": {"type": "MultiPolygon", "coordinates": [[[[121.61807600049644, 31.22292200014373], [121.61823999972101, 31.2175650001197], [121.61290500017516, 31.21724300015677], [121.61247199992448, 31.22279600028207], [121.61807600049644, 31.22292200014373]]], [[[121.61821299961773, 31.222930000425933], [121.62509200003302, 31.225547000251193], [121.63396099966926, 31.227113000220616], [121.63420599969635, 31.22376599981428], [121.63294799989656, 31.223417999675483], [121.63362799988015, 31.222156000285118], [121.63360500010819, 31.21244900020498], [121.63325299984069, 31.213400999669176], [121.630962000176, 31.21323000003488], [121.62479399991534, 31.21045100032943], [121.62500500007255, 31.208130999562954], [121.6330079998307, 31.208616000292366], [121.63387100026567, 31.208208999896478], [121.63396999971967, 31.20643099970426], [121.6205110001034, 31.20269799978877], [121.62033800038714, 31.221445999947473], [121.62006999981318, 31.22196699977634], [121.61871100039552, 31.22280200017973], [121.61821299961773, 31.222930000425933]]], [[[121.60845900012815, 31.209936999662396], [121.60418099976195, 31.207733000135935], [121.60591999954072, 31.204686000322774], [121.60115400000166, 31.20026799976409], [121.60778399994973, 31.20029499960432], [121.608635999503, 31.18751699981331], [121.60223099990083, 31.18518999956343], [121.6028279999754, 31.183324999778925], [121.59952500025533, 31.180205000324534], [121.59741800044307, 31.181916999643274], [121.597087000267, 31.181143999704666], [121.59473799957385, 31.181519000063716], [121.59502700040409, 31.180916999558757], [121.59127500048075, 31.179550999940105], [121.59031800051793, 31.178070000125985], [121.58650400019968, 31.177575000021854], [121.58581500030576, 31.17667499962882], [121.5861150000099, 31.17292400001264], [121.57930999969682, 31.18333699988928], [121.57542000044813, 31.194580000353398], [121.57414300032374, 31.19516900009579], [121.57341000026214, 31.197933000065944], [121.5761390005144, 31.198304999936422], [121.57421799967193, 31.20797300021225], [121.57599199960103, 31.208217999997245], [121.57698799984361, 31.210504000058293], [121.58076400049167, 31.210150999918476], [121.5809899997345, 31.209349000380893], [121.58376800033055, 31.209702999902873], [121.58262000022111, 31.21467000032937], [121.58678099991936, 31.2174659999368], [121.60413999972523, 31.221924999608163], [121.60845900012815, 31.209936999662396]], [[121.58269000018798, 31.200778999968367], [121.5848829997525, 31.201113999850165], [121.58539800051122, 31.19764800030921], [121.58716199957301, 31.197201000434845], [121.59622700007647, 31.19859500028545], [121.59576800032198, 31.20596500004009], [121.58210799981006, 31.203936000045523], [121.58269000018798, 31.200778999968367]]]]}}, {"type": "Feature", "properties": {"NAME": "潍坊新村街道", "idx": 177}, "geometry": {"type": "Polygon", "coordinates": [[[121.5291860005077, 31.234846000439877], [121.53422199981813, 31.2252769998332], [121.5314070004275, 31.22027199959339], [121.52804200025307, 31.221452999831264], [121.52456599999134, 31.22098700030981], [121.52435600049898, 31.219474999619322], [121.52231100038658, 31.219390999923636], [121.52160899963923, 31.21756499979381], [121.51552900011305, 31.217512000038198], [121.51445200016396, 31.21675199997165], [121.50553000027213, 31.217481000364764], [121.50205199991362, 31.225349999855794], [121.5291860005077, 31.234846000439877]]]}}, {"type": "Feature", "properties": {"NAME": "花木街道", "idx": 178}, "geometry": {"type": "Polygon", "coordinates": [[[121.57351300041415, 31.243048999935592], [121.57883200029399, 31.233625000385615], [121.57019699980663, 31.23063399995343], [121.57394599985693, 31.216319999968597], [121.57449900030085, 31.205238000437426], [121.5761390005144, 31.198304999936422], [121.5704979999888, 31.19753900042806], [121.57053200007512, 31.196690000016286], [121.56780199991672, 31.196110999737698], [121.5676129996325, 31.195243999622836], [121.5660309995922, 31.196430000377138], [121.56066499989103, 31.195599999552883], [121.55939300026077, 31.193703999607184], [121.5559849999088, 31.193183000257086], [121.55664599979195, 31.190582999694865], [121.55528200047603, 31.190817999771035], [121.55493400032537, 31.192497000361247], [121.55120000009651, 31.191751999679376], [121.5507050001967, 31.193445000431254], [121.54369499983261, 31.19232000004992], [121.54391099950537, 31.19006300032356], [121.53309499997668, 31.189621000100605], [121.53069499988241, 31.18752300023006], [121.52762899995342, 31.18704500031092], [121.52348200037655, 31.187352999628313], [121.52264599960701, 31.189457000166716], [121.51920999965793, 31.189716000183534], [121.52298399971137, 31.19888499993647], [121.5220050000078, 31.201811000023138], [121.5247189996833, 31.203340000227996], [121.53176099974934, 31.221148000278948], [121.53422199981813, 31.2252769998332], [121.55953600044461, 31.236675000163963], [121.5606760000046, 31.24045799972042], [121.56466299998115, 31.239112999680724], [121.57351300041415, 31.243048999935592]]]}}, {"type": "Feature", "properties": {"NAME": "陆家嘴街道", "idx": 179}, "geometry": {"type": "Polygon", "coordinates": [[[121.51501200046799, 31.24903799980713], [121.515270000151, 31.244856999707398], [121.51770400013582, 31.245169000113435], [121.5179370001283, 31.244231000266534], [121.51942599990203, 31.244619999990345], [121.51941200035463, 31.24373300009492], [121.52343900027628, 31.244961000438014], [121.5291860005077, 31.234846000439877], [121.50205199991362, 31.225349999855794], [121.49077699999343, 31.23547799957718], [121.48869999963406, 31.23842100032751], [121.48858300028006, 31.241413000300923], [121.49023299948841, 31.244298000434565], [121.49848799953045, 31.24792100003274], [121.5051190002269, 31.249246000234596], [121.51501200046799, 31.24903799980713]]]}}, {"type": "Feature", "properties": {"NAME": "洋泾街道", "idx": 180}, "geometry": {"type": "Polygon", "coordinates": [[[121.5410990003921, 31.257253000280503], [121.54471299985157, 31.253858999707198], [121.55345199967289, 31.248631000220104], [121.55946499992575, 31.2423119996756], [121.56081200046457, 31.239551999992976], [121.55953600044461, 31.236675000163963], [121.53491899974108, 31.2249939996831], [121.52343900027628, 31.244961000438014], [121.51941299996753, 31.243732999880958], [121.51942599990203, 31.244619999990345], [121.5179370001283, 31.244231000266534], [121.51770400013582, 31.245169000113435], [121.515270000151, 31.244856999707398], [121.51501200046799, 31.24903799980713], [121.52170800017873, 31.24905200030102], [121.5278840000212, 31.250289000286664], [121.5410990003921, 31.257253000280503]]]}}, {"type": "Feature", "properties": {"NAME": "唐镇", "idx": 181}, "geometry": {"type": "Polygon", "coordinates": [[[121.67764400008265, 31.25493100017311], [121.683471000011, 31.2565330000321], [121.68476199995592, 31.251141000235606], [121.68164100019926, 31.249516999884637], [121.68171500027796, 31.24770399967879], [121.6864910004806, 31.237291999832934], [121.6859360000768, 31.236499999998077], [121.6868259998927, 31.23666799989971], [121.68818800000443, 31.233681999955266], [121.68964600045679, 31.234129999785267], [121.69045000027471, 31.230918000127993], [121.68737399969712, 31.229122999758047], [121.68854699985226, 31.218641999635985], [121.68386899953853, 31.21812400029379], [121.6787780004371, 31.216066000032622], [121.68194700002708, 31.209498999951087], [121.6710129997351, 31.207263000184412], [121.6668050003532, 31.205491000064125], [121.66735799979655, 31.204286999880186], [121.66533200000876, 31.203492999649903], [121.66483599995021, 31.20451800006187], [121.66372899981151, 31.203832999651866], [121.66241100035353, 31.20576499992788], [121.66018099955365, 31.203497000134313], [121.65740500024914, 31.202591999683445], [121.65849199976024, 31.199423999900084], [121.63333199987534, 31.194609999854073], [121.63123800028842, 31.19789800033882], [121.63207199977333, 31.198216999660144], [121.63157900029603, 31.19912400045135], [121.6354600003723, 31.200570999977042], [121.6353740001116, 31.20509699995363], [121.63464399962804, 31.20670699985458], [121.63396999971967, 31.20643099970426], [121.63387100026567, 31.208208999896478], [121.62500500007255, 31.208130999562954], [121.62479399991534, 31.21045100032943], [121.630962000176, 31.21323000003488], [121.63325299984069, 31.213400999669176], [121.63360500010819, 31.21244900020498], [121.63362799988015, 31.222156000285118], [121.63294799989656, 31.223417999675483], [121.63420599969635, 31.22376599981428], [121.63396099966926, 31.227113000220616], [121.62752000003248, 31.225994999933985], [121.62695500043023, 31.227896000308927], [121.62553700031765, 31.22777000005642], [121.62449199971117, 31.230516999550773], [121.62659599969697, 31.231306000330044], [121.62153000033476, 31.23642999956379], [121.62154300050878, 31.239392000277945], [121.62409899978573, 31.240150999612936], [121.62387000027302, 31.2412550002017], [121.62504600009554, 31.240310999977826], [121.62791200036969, 31.24051199983238], [121.62811500039822, 31.242203000154802], [121.62960599962054, 31.24067900025918], [121.63295599998331, 31.242051999679845], [121.6348479996063, 31.241679999787678], [121.63451799958794, 31.243131000165427], [121.63687700039281, 31.243429999664976], [121.63680200038763, 31.24440499985709], [121.63377799984194, 31.24670300010936], [121.6354269998459, 31.247666999942314], [121.63569799996029, 31.24650799955008], [121.63639999957493, 31.247732000023902], [121.63840199988353, 31.247749999609884], [121.63925399973319, 31.248836000288826], [121.64012199979715, 31.247589000414578], [121.64400700012611, 31.24833699976667], [121.6427950001185, 31.250414000346723], [121.64586200024438, 31.252235000058914], [121.647360999866, 31.2512659999494], [121.64996500025964, 31.252015000256694], [121.64991599988807, 31.251082000070582], [121.65294700021146, 31.25066200040262], [121.65532700042694, 31.251450000406155], [121.65592700041216, 31.252592999990963], [121.66141100015078, 31.25489700020016], [121.65921299998756, 31.257497000172677], [121.66117000017647, 31.258716000130036], [121.66828400019155, 31.25919499963771], [121.67193299975604, 31.26103899991403], [121.67244900009035, 31.25994900011928], [121.67540500029553, 31.26088399986076], [121.67859700043809, 31.25621600044844], [121.67742599969344, 31.25601900017223], [121.67764400008265, 31.25493100017311]], [[121.68209399972385, 31.235689000319958], [121.66920500016346, 31.23289099998863], [121.67279099979815, 31.220316999622753], [121.6811539997682, 31.221561000386654], [121.68473800023803, 31.22297800015481], [121.68209399972385, 31.235689000319958]]]}}, {"type": "Feature", "properties": {"NAME": "金桥镇", "idx": 182}, "geometry": {"type": "MultiPolygon", "coordinates": [[[[121.63438100005826, 31.2608989999081], [121.63692500042828, 31.26207499985444], [121.63876899959982, 31.258281999592338], [121.63810500018661, 31.25789199977708], [121.63862799961974, 31.25719100015741], [121.63598900040132, 31.25572700040609], [121.6363649995607, 31.255181999698106], [121.63776499989171, 31.25614099982601], [121.64010099997708, 31.254222999781703], [121.63814000000345, 31.25256400013733], [121.6392919997949, 31.253156999844578], [121.63974900008246, 31.252368999717408], [121.63886400034126, 31.251849000033406], [121.64010700024362, 31.25153400011705], [121.64010399959491, 31.248318000215566], [121.63925399973319, 31.248836000288826], [121.63840199988353, 31.247749999609884], [121.63639999957493, 31.247732000023902], [121.63569799996029, 31.24650799955008], [121.6354269998459, 31.247666999942314], [121.63377799984194, 31.24670300010936], [121.63680200038763, 31.24440499985709], [121.63687700039281, 31.243429999664976], [121.63451799958794, 31.243131000165427], [121.6348479996063, 31.241679999787678], [121.63295599998331, 31.242051999679845], [121.62960599962054, 31.24067900025918], [121.62811500039822, 31.242203000154802], [121.62791200036969, 31.24051199983238], [121.62504600009554, 31.240310999977826], [121.62387000027302, 31.2412550002017], [121.62409899978573, 31.240150999612936], [121.62154300050878, 31.239392000277945], [121.62153000033476, 31.23642999956379], [121.62659599969697, 31.231306000330044], [121.62449199971117, 31.230516999550773], [121.6255679999455, 31.22769700036402], [121.62206499984785, 31.226607000221115], [121.62092900038984, 31.225123000436316], [121.6199649997772, 31.22598800023485], [121.61707599971515, 31.224809000331152], [121.61668900042422, 31.22609600035388], [121.6184579997948, 31.226632999899053], [121.61819699966061, 31.22731900009506], [121.61630799955617, 31.227050000006844], [121.61560899986276, 31.22836300003372], [121.61389500013959, 31.22769900014319], [121.61440799962, 31.22963799970319], [121.60372500024963, 31.229150000214567], [121.60237300029715, 31.228234000186916], [121.60556199967515, 31.22345700016412], [121.60413999972523, 31.221924999608163], [121.5947470000808, 31.220008000366715], [121.59378699992828, 31.22982500033588], [121.5875700003511, 31.228425000236918], [121.58858699996517, 31.224486000181756], [121.58702700025248, 31.223796000185725], [121.58781500030709, 31.222806000285537], [121.58467200006976, 31.22076600028803], [121.58279400046118, 31.224496000136288], [121.58242500045463, 31.227855000167636], [121.57076300001242, 31.227481000239248], [121.57019699980663, 31.23063399995343], [121.57883200029399, 31.233625000385615], [121.57340300002427, 31.243209000285493], [121.5825420003059, 31.247938999814366], [121.58972200019736, 31.242586000157456], [121.59211699990476, 31.237867000081167], [121.60315600020844, 31.241141000076276], [121.60415700026466, 31.2417470001381], [121.60354500003328, 31.244004999906764], [121.60505200037574, 31.24453299960062], [121.60627700037264, 31.24224899956924], [121.60947299960849, 31.241769999597327], [121.60831099997995, 31.243118999725464], [121.61129000007092, 31.243984000231137], [121.62660000006927, 31.244873999949082], [121.62643000015187, 31.246944999687305], [121.62845799974325, 31.247270999624185], [121.62216299960869, 31.255903999751418], [121.62506999994778, 31.257394000036783], [121.62802200006765, 31.25271899963903], [121.62990099950605, 31.251811999557887], [121.6324749997148, 31.253602000109638], [121.63213999962193, 31.255316999730184], [121.6304499997379, 31.254484999663074], [121.63047700035939, 31.26623299962934], [121.63385100010385, 31.266202999879972], [121.63319599999583, 31.265686000097094], [121.63574799947484, 31.263715000350214], [121.63342499951892, 31.262152000073247], [121.63438100005826, 31.2608989999081]]], [[[121.6043070003819, 31.262006000080948], [121.5970540001481, 31.257787000164075], [121.59851999967894, 31.260224000205657], [121.59990700017005, 31.268596000206102], [121.59994999978176, 31.282143999920887], [121.61252300011279, 31.281905999761623], [121.6124939997979, 31.26482600028775], [121.6043070003819, 31.262006000080948]]], [[[121.62359800023907, 31.285434999919495], [121.62383499988545, 31.2830930001554], [121.62494099969518, 31.283371999819916], [121.6257399997986, 31.281891000015033], [121.62088700009983, 31.28189599996874], [121.62089400014976, 31.285316999997292], [121.62359800023907, 31.285434999919495]]]]}}, {"type": "Feature", "properties": {"NAME": "金杨新村街道", "idx": 183}, "geometry": {"type": "Polygon", "coordinates": [[[121.56628300003665, 31.268467000115436], [121.57196900030449, 31.26160299959099], [121.57664100039604, 31.258537000064347], [121.58053099993006, 31.257402000144758], [121.58670800036504, 31.251501000102227], [121.57964199948536, 31.246240000368086], [121.56466299998115, 31.239112999680724], [121.5606760000046, 31.24045799972042], [121.55330899964824, 31.248753999846492], [121.54471299985157, 31.253858999707198], [121.5410990003921, 31.257253000280503], [121.55111499988777, 31.264211999879503], [121.5608479997318, 31.273053999718353], [121.56628300003665, 31.268467000115436]]]}}, {"type": "Feature", "properties": {"NAME": "合庆镇", "idx": 184}, "geometry": {"type": "Polygon", "coordinates": [[[121.77457199970482, 31.213855000331428], [121.76454800004694, 31.2098259999822], [121.72862199979434, 31.20640600043205], [121.70924899950849, 31.19926100036174], [121.70776499966178, 31.200320000057523], [121.70575299988882, 31.19966700030628], [121.70366199955018, 31.2032070002936], [121.69969900048359, 31.20215899976414], [121.6993179998258, 31.20366200017235], [121.69846000025724, 31.203338000203935], [121.69718799989501, 31.205474000094362], [121.69467600051063, 31.20531899964381], [121.6943830001867, 31.206192999873075], [121.70061899993233, 31.207712000138574], [121.69558000002414, 31.21775500020597], [121.6886079996178, 31.218392000095793], [121.68737399969712, 31.229122999758047], [121.69038599977635, 31.230689999716393], [121.69006200007573, 31.233014999854444], [121.68964600045679, 31.234129999785267], [121.68818800000443, 31.233681999955266], [121.6868259998927, 31.23666799989971], [121.6859360000768, 31.236499999998077], [121.6864910004806, 31.237291999832934], [121.68533400028494, 31.23852199990621], [121.681817000391, 31.24905899991772], [121.69183899965874, 31.251388000152197], [121.6926470000206, 31.252677999685893], [121.69355299990272, 31.25171200011346], [121.69503600012239, 31.252202999964954], [121.69469700018666, 31.253141000379987], [121.70444300015173, 31.255353000162902], [121.7041329999703, 31.256921000217826], [121.71349700027632, 31.258911000146906], [121.71317300026, 31.259771999945787], [121.71565199983074, 31.26090200025636], [121.71427199952244, 31.261722999860936], [121.71233100027275, 31.26131099959546], [121.71093100026091, 31.264840000267878], [121.71124899959662, 31.26692499997858], [121.71255200005798, 31.26785499994999], [121.7167120000354, 31.268697000372494], [121.71474900021332, 31.269943000434456], [121.71576299954849, 31.270399000058287], [121.7152679998912, 31.271258999555332], [121.71943600026403, 31.27251900029377], [121.72085599960852, 31.271307999548746], [121.72523499970558, 31.271407000320643], [121.73151199994255, 31.274711999930876], [121.74850700039687, 31.255980000173164], [121.75710000018209, 31.242262999675425], [121.75431299986366, 31.24070000014786], [121.75585899967166, 31.239648000107813], [121.76462899971624, 31.225242000036825], [121.76348399959062, 31.222207999951618], [121.7592820002532, 31.220455999595664], [121.76225899980287, 31.2197049995958], [121.76033800019633, 31.21857299995465], [121.76271299998737, 31.21862400031274], [121.76291299977197, 31.217866000051732], [121.76933599947883, 31.219714999818986], [121.77457199970482, 31.213855000331428]]]}}, {"type": "Feature", "properties": {"NAME": "沪东新村街道", "idx": 185}, "geometry": {"type": "Polygon", "coordinates": [[[121.56942000040927, 31.28940299962476], [121.58434300041003, 31.289078999741868], [121.58272099966273, 31.26671499992526], [121.57664100039604, 31.258537000064347], [121.57196900030449, 31.26160299959099], [121.56446800015827, 31.27043400012303], [121.5608479997318, 31.273053999718353], [121.56452399969163, 31.280412999594407], [121.56404799960856, 31.288092999559638], [121.56942000040927, 31.28940299962476]]]}}, {"type": "Feature", "properties": {"NAME": "浦兴路街道", "idx": 186}, "geometry": {"type": "Polygon", "coordinates": [[[121.59978600020173, 31.290860999781465], [121.59990700017005, 31.268596000206102], [121.59851999967894, 31.260224000205657], [121.5970540001481, 31.257787000164075], [121.59429800010831, 31.255796000384684], [121.58944199955063, 31.25252399976153], [121.58670499976354, 31.2521739997724], [121.58053099993006, 31.257402000144758], [121.57664100039604, 31.258537000064347], [121.58272099966273, 31.26671499992526], [121.58434300041003, 31.289078999741868], [121.59978600020173, 31.290860999781465]]]}}, {"type": "Feature", "properties": {"NAME": "曹路镇", "idx": 187}, "geometry": {"type": "Polygon", "coordinates": [[[121.73151199994255, 31.274711999930876], [121.72523499970558, 31.271407000320643], [121.72085599960852, 31.271307999548746], [121.71943600026403, 31.27251900029377], [121.7152679998912, 31.271258999555332], [121.71576299954849, 31.270399000058287], [121.71474900021332, 31.269943000434456], [121.7167120000354, 31.268697000372494], [121.71255200005798, 31.26785499994999], [121.71124899959662, 31.26692499997858], [121.71093100026091, 31.264840000267878], [121.71233100027275, 31.26131099959546], [121.71427199952244, 31.261722999860936], [121.71572999952923, 31.260677000070668], [121.71317300026, 31.259771999945787], [121.71349700027632, 31.258911000146906], [121.70372199957556, 31.256750000022915], [121.70444300015173, 31.255353000162902], [121.69469700018666, 31.253141000379987], [121.69503600012239, 31.252202999964954], [121.69355299990272, 31.25171200011346], [121.6926470000206, 31.252677999685893], [121.69183899965874, 31.251388000152197], [121.681817000391, 31.24905899991772], [121.68476199995592, 31.251141000235606], [121.683471000011, 31.2565330000321], [121.67764400008265, 31.25493100017311], [121.67742599969344, 31.25601900017223], [121.67859700043809, 31.25621600044844], [121.67540500029553, 31.26088399986076], [121.67244900009035, 31.25994900011928], [121.67193299975604, 31.26103899991403], [121.66828400019155, 31.25919499963771], [121.66059499997705, 31.258417000288528], [121.65921299998756, 31.257497000172677], [121.66141100015078, 31.25489700020016], [121.65592700041216, 31.252592999990963], [121.65532700042694, 31.251450000406155], [121.65294700021146, 31.25066200040262], [121.64991599988807, 31.251082000070582], [121.64996500025964, 31.252015000256694], [121.647360999866, 31.2512659999494], [121.64629799978671, 31.25237600017937], [121.6427950001185, 31.250414000346723], [121.64400700012611, 31.24833699976667], [121.64012199979715, 31.247589000414578], [121.64010700024362, 31.25153400011705], [121.63886400034126, 31.251849000033406], [121.63974800020621, 31.252357000213095], [121.63931600034255, 31.25314999960333], [121.63814000000345, 31.25256400013733], [121.64010099997708, 31.254222999781703], [121.63776499989171, 31.25614099982601], [121.6363649995607, 31.255181999698106], [121.63598900040132, 31.25572700040609], [121.63862799961974, 31.25719100015741], [121.63733899954347, 31.26139799997522], [121.63690699967663, 31.262075999773167], [121.63444700022322, 31.26084300008677], [121.63342499951892, 31.262152000073247], [121.63574799947484, 31.263715000350214], [121.63319599999583, 31.265686000097094], [121.63385100010385, 31.266202999879972], [121.63047700035939, 31.26623299962934], [121.6304470001572, 31.28188000006894], [121.6257399997986, 31.281891000015033], [121.62341000000266, 31.284101999893878], [121.62370299969339, 31.287072000159135], [121.62458600004764, 31.287431999787188], [121.62410600041268, 31.288957000396703], [121.62793400014199, 31.290765000173465], [121.62500999978427, 31.291590999743693], [121.62324400050355, 31.290680000129427], [121.62216300030039, 31.29223000011917], [121.62446999975417, 31.293050000194025], [121.62721000048533, 31.292445000360615], [121.62812799991386, 31.293389999932938], [121.62757099980999, 31.294751999579034], [121.63293500014039, 31.29679400032978], [121.63325600007195, 31.29622200010698], [121.63543100038318, 31.297111999631557], [121.63699699975163, 31.295578999738826], [121.63732200038247, 31.29832599977087], [121.64194600021722, 31.30017599964044], [121.64270099971864, 31.298825000399265], [121.64526500048636, 31.299250000174396], [121.64615900045354, 31.297662000146865], [121.64887000051421, 31.298436999642426], [121.6509019995093, 31.295571000335705], [121.65136199994204, 31.29571999956119], [121.65178000007973, 31.297729000110525], [121.6508730003487, 31.29940999966078], [121.65198299989427, 31.299267999649587], [121.6514140004337, 31.301539999911583], [121.65279000030107, 31.30192599981603], [121.65186800027398, 31.302269999841812], [121.65137099953179, 31.304241000431666], [121.65258000017688, 31.304535000150967], [121.65143900044093, 31.306274999818754], [121.66122400031342, 31.3073999996957], [121.66036300026614, 31.309780999621804], [121.66110700008693, 31.309944000287693], [121.66138599981807, 31.308949999940005], [121.66403700019163, 31.30975999978412], [121.66603300012089, 31.30826600039906], [121.66451499954465, 31.309581000291963], [121.66641499967547, 31.310664000130586], [121.66933400011389, 31.31148699978995], [121.67014500039083, 31.309820999982172], [121.67141199987209, 31.310411999710475], [121.6722080004801, 31.311406999704694], [121.67132099962251, 31.31304800018081], [121.67568800017993, 31.311503000444503], [121.67666800003116, 31.31247100022877], [121.67436799969585, 31.313932000115283], [121.67993800043378, 31.318901999679408], [121.67899999957342, 31.315432000030764], [121.6815079998083, 31.313408999736108], [121.6835269996524, 31.31612400012613], [121.68716799988256, 31.313155000390623], [121.68442699982722, 31.31074399968124], [121.68514199965647, 31.309882000324937], [121.68876899951168, 31.311668999969406], [121.7192069997702, 31.28715300038572], [121.73151199994255, 31.274711999930876]]]}}, {"type": "Feature", "properties": {"NAME": "高东镇", "idx": 188}, "geometry": {"type": "MultiPolygon", "coordinates": [[[[121.59909099967702, 31.320988999971036], [121.59987400036401, 31.309243000076844], [121.60252000003626, 31.306378000444905], [121.60127699951398, 31.305463999572478], [121.60114800032396, 31.303813999553142], [121.59987300047368, 31.304345999968668], [121.59799699996368, 31.307540999735476], [121.59659699995217, 31.307004000168916], [121.59719700004158, 31.30778900036232], [121.59566599968161, 31.308235000368917], [121.59648100038368, 31.308731000160382], [121.59638199958319, 31.308919000308094], [121.59560599987148, 31.308418999617935], [121.5955480003847, 31.30850499991378], [121.59636299961323, 31.308947999821914], [121.5955949995981, 31.31045199954504], [121.59421800007344, 31.310362000413832], [121.59324600003085, 31.31178599988134], [121.59928000017085, 31.317264000003956], [121.59724600002903, 31.320072999632373], [121.59909099967702, 31.320988999971036]]], [[[121.6095470004061, 31.355536999720538], [121.61561099955217, 31.353428999805583], [121.61422999958057, 31.350861000356417], [121.6151679998328, 31.351652000156232], [121.61491399960542, 31.35062299959722], [121.6157310002517, 31.35046500038674], [121.617447999844, 31.352395999664864], [121.61869200048328, 31.352458000307777], [121.63135500030923, 31.345941999714483], [121.63206600048748, 31.34701600038012], [121.63618800013712, 31.345022000029232], [121.63549999983495, 31.343975999989702], [121.66607300015919, 31.32732200013535], [121.6678419999741, 31.325530999938525], [121.66923400007785, 31.318886999582723], [121.67139499972322, 31.318672999682803], [121.67404999948775, 31.322508999559687], [121.67982199965309, 31.318979999896953], [121.67436799969585, 31.313932000115283], [121.67666800003116, 31.31247100022877], [121.67568800017993, 31.311503000444503], [121.67132099962251, 31.31304800018081], [121.6722080004801, 31.311406999704694], [121.67141199987209, 31.310411999710475], [121.67014500039083, 31.309820999982172], [121.66933400011389, 31.31148699978995], [121.66641499967547, 31.310664000130586], [121.66451499954465, 31.309581000291963], [121.66603300012089, 31.30826600039906], [121.66403700019163, 31.30975999978412], [121.66138599981807, 31.308949999940005], [121.66110700008693, 31.309944000287693], [121.66036300026614, 31.309780999621804], [121.66122400031342, 31.3073999996957], [121.65143900044093, 31.306274999818754], [121.65258000017688, 31.304535000150967], [121.65137099953179, 31.304241000431666], [121.65186800027398, 31.302269999841812], [121.65279000030107, 31.30192599981603], [121.6514140004337, 31.301539999911583], [121.65198299989427, 31.299267999649587], [121.6508730003487, 31.29940999966078], [121.65178000007973, 31.297729000110525], [121.65136199994204, 31.29571999956119], [121.64887000051421, 31.298436999642426], [121.64615900045354, 31.297662000146865], [121.64526500048636, 31.299250000174396], [121.64270099971864, 31.298825000399265], [121.64194600021722, 31.30017599964044], [121.63732200038247, 31.29832599977087], [121.63699699975163, 31.295578999738826], [121.63543100038318, 31.297111999631557], [121.63325600007195, 31.29622200010698], [121.63293500014039, 31.29679400032978], [121.62757099980999, 31.294751999579034], [121.62812799991386, 31.293389999932938], [121.62635799982516, 31.292112000309977], [121.62446999975417, 31.293050000194025], [121.6170519998441, 31.29042099962933], [121.61636499984354, 31.29150999961085], [121.61484100012478, 31.29097399978904], [121.61484200022565, 31.292306000065707], [121.61367100049854, 31.292604999893975], [121.61419499991902, 31.295836999715235], [121.61324900013057, 31.295723999730576], [121.61316799960515, 31.296607999897702], [121.61458599965758, 31.29749699963016], [121.61617300017002, 31.29717000021276], [121.61136400027087, 31.30080299976855], [121.61099300037709, 31.302342000143167], [121.61213099952609, 31.302970999865735], [121.6111239994839, 31.304203000162822], [121.61113699952924, 31.306219000331772], [121.62498700001943, 31.30619200041175], [121.62497999995765, 31.30493000044196], [121.62154399973066, 31.30424599965462], [121.6213899995009, 31.30011799980915], [121.63055300034367, 31.300177999607403], [121.62987399993301, 31.30491899975146], [121.62537299980872, 31.30490900018929], [121.62500800040414, 31.311753999969493], [121.62256599978575, 31.316611000118268], [121.60841199978184, 31.332699000381783], [121.60577599951895, 31.331140000342305], [121.60451299968484, 31.333651000431875], [121.60335899987615, 31.333641999681745], [121.60614699977619, 31.3361050002668], [121.59568899980036, 31.34771599990959], [121.59539900037329, 31.351376999565062], [121.58728599968622, 31.35671899963591], [121.5945849999395, 31.36495199971059], [121.6095470004061, 31.355536999720538]]]]}}, {"type": "Feature", "properties": {"NAME": "高行镇", "idx": 189}, "geometry": {"type": "Polygon", "coordinates": [[[121.5691719998565, 31.332280000055142], [121.59203900034561, 31.333215000261774], [121.59909099967702, 31.320988999971036], [121.59724600002903, 31.320072999632373], [121.59928000017085, 31.317264000003956], [121.59324600003085, 31.31178599988134], [121.59421800007344, 31.310362000413832], [121.5955949995981, 31.31045199954504], [121.59636299961323, 31.308947999821914], [121.5955480003847, 31.30850499991378], [121.59648100038368, 31.308731000160382], [121.59566599968161, 31.308235000368917], [121.59719700004158, 31.30778900036232], [121.59659699995217, 31.307004000168916], [121.59799699996368, 31.307540999735476], [121.59987300047368, 31.304345999968668], [121.60114800032396, 31.303813999553142], [121.60127699951398, 31.305463999572478], [121.60261499966963, 31.306604999886762], [121.61113699952924, 31.306219000331772], [121.6111239994839, 31.304203000162822], [121.61213099952609, 31.302970999865735], [121.61099300037709, 31.302342000143167], [121.61136400027087, 31.30080299976855], [121.61617300017002, 31.29717000021276], [121.61458599965758, 31.29749699963016], [121.61316799960515, 31.296607999897702], [121.61324900013057, 31.295723999730576], [121.61419499991902, 31.295836999715235], [121.61367100049854, 31.292604999893975], [121.61484200022565, 31.292306000065707], [121.61484100012478, 31.29097399978904], [121.61636499984354, 31.29150999961085], [121.6170519998441, 31.29042099962933], [121.62218500015898, 31.292202999908312], [121.62324400050355, 31.290680000129427], [121.62500999978427, 31.291590999743693], [121.62793400014199, 31.290765000173465], [121.62410600041268, 31.288957000396703], [121.62458600004764, 31.287431999787188], [121.62370299969339, 31.287072000159135], [121.62359800023907, 31.285434999919495], [121.62089400014976, 31.285316999997292], [121.62088700009983, 31.28189599996874], [121.59994999978176, 31.282143999920887], [121.59978600020173, 31.290860999781465], [121.59180699995434, 31.289391999875793], [121.56942000040927, 31.28940299962476], [121.56404799960856, 31.288092999559638], [121.55772599979379, 31.302282000421705], [121.55777400033298, 31.32193499962267], [121.55742000015925, 31.325542999874237], [121.55489499978648, 31.332271999789754], [121.56577100026703, 31.330895000327896], [121.56721800029914, 31.334865000247916], [121.5691719998565, 31.332280000055142]]]}}, {"type": "Feature", "properties": {"NAME": "外高桥保税区", "idx": 190}, "geometry": {"type": "Polygon", "coordinates": [[[121.59568899980036, 31.34771599990959], [121.60614699977619, 31.3361050002668], [121.60335899987615, 31.333641999681745], [121.60451299968484, 31.333651000431875], [121.60577599951895, 31.331140000342305], [121.60841199978184, 31.332699000381783], [121.62256599978575, 31.316611000118268], [121.62500800040414, 31.311753999969493], [121.62537299980872, 31.30490900018929], [121.62987399993301, 31.30491899975146], [121.63055300034367, 31.300177999607403], [121.6213899995009, 31.30011799980915], [121.62154399973066, 31.30424599965462], [121.62497999995765, 31.30493000044196], [121.62498700001943, 31.30619200041175], [121.60252000003626, 31.306378000444905], [121.60073499994354, 31.30762299965869], [121.59987400036401, 31.309243000076844], [121.59926599975402, 31.320581999986672], [121.58282699996596, 31.349125999995938], [121.5816659997786, 31.353781000252567], [121.5864120004036, 31.354887000310843], [121.58769899971335, 31.35302600029661], [121.59568899980036, 31.34771599990959]]]}}, {"type": "Feature", "properties": {"NAME": "高桥镇", "idx": 191}, "geometry": {"type": "Polygon", "coordinates": [[[121.51413699989081, 31.387793999689883], [121.5238420002524, 31.38945299994531], [121.54469600004276, 31.38071900016219], [121.54756099979149, 31.380173999728868], [121.54802500040405, 31.381204000287333], [121.55176900007434, 31.381873999885755], [121.55767500038927, 31.38006799987696], [121.55768800023324, 31.378791999634945], [121.56460899951513, 31.376759999741665], [121.57131100028181, 31.376025999921918], [121.5769060001277, 31.373990999553108], [121.57836099997702, 31.374455999783233], [121.58969199995295, 31.36838299969181], [121.59022300016294, 31.366914999825582], [121.59122600028536, 31.367379000199314], [121.59080099966793, 31.36667700027075], [121.59266600048555, 31.366322000163073], [121.59361299977793, 31.364556999896536], [121.59435700039342, 31.36488800017164], [121.58728599968622, 31.35671899963591], [121.59539900037329, 31.351376999565062], [121.59568899980036, 31.34771599990959], [121.58769899971335, 31.35302600029661], [121.5864120004036, 31.354887000310843], [121.58160499985398, 31.353469000047664], [121.58282699996596, 31.349125999995938], [121.59203900034561, 31.333215000261774], [121.5691719998565, 31.332280000055142], [121.56721800029914, 31.334865000247916], [121.56577100026703, 31.330895000327896], [121.55489499978648, 31.332271999789754], [121.55007399995146, 31.33750299988858], [121.54694699971365, 31.339376999711902], [121.52328399998741, 31.34748299987791], [121.5050410003008, 31.357733999714085], [121.50124700018233, 31.361622000199706], [121.49938400051927, 31.366385999644336], [121.49888300017523, 31.37269099962164], [121.49988400000974, 31.377318000151472], [121.50097299948573, 31.3805409998159], [121.5044409997556, 31.385009000432287], [121.51151299972452, 31.39038200010393], [121.51554399971504, 31.391327000024745], [121.51413699989081, 31.387793999689883]]]}}, {"type": "Feature", "properties": {"NAME": "真新街道", "idx": 192}, "geometry": {"type": "Polygon", "coordinates": [[[121.35682600006048, 31.26202799963688], [121.36102500028886, 31.26130500021243], [121.36100600002449, 31.25949400044588], [121.36997499991942, 31.258844000136495], [121.37058600010538, 31.261320000289132], [121.37506800048061, 31.26053300025163], [121.37470600010062, 31.2596530001174], [121.37596399975759, 31.259280000022848], [121.37089300039239, 31.2462279996824], [121.36824800028073, 31.247485999881327], [121.36749400037881, 31.245619000114512], [121.36355200027667, 31.249240999802325], [121.3597119999714, 31.244799999741385], [121.3582850004998, 31.24193300034746], [121.35897900026332, 31.241256000397986], [121.35585799968509, 31.24046400044656], [121.35531899987402, 31.242409000134156], [121.35151500027163, 31.24206499996292], [121.3514099999689, 31.239578999694537], [121.34940000039047, 31.23909099976642], [121.34775700027367, 31.24053200005292], [121.34391899997938, 31.241296999870357], [121.3449929997551, 31.244538999927787], [121.34388899977934, 31.245503999778872], [121.34281200000889, 31.24510299991844], [121.34218399973328, 31.2468800002624], [121.34431299990548, 31.249954000252433], [121.3431399997722, 31.251126000402614], [121.34522000018967, 31.25842999998755], [121.34794299958263, 31.25633099997813], [121.34803799982322, 31.258718000018074], [121.35051399991383, 31.258047999804898], [121.35091999978661, 31.259104999967487], [121.3475140002223, 31.26018499996595], [121.34772500007648, 31.260966999695775], [121.35142200042425, 31.25922100026794], [121.35418200049686, 31.26538399996037], [121.35682600006048, 31.26202799963688]]]}}, {"type": "Feature", "properties": {"NAME": "江桥镇", "idx": 193}, "geometry": {"type": "Polygon", "coordinates": [[[121.24649599957091, 31.2965929996508], [121.24765200026808, 31.296173999884246], [121.24766200035327, 31.2947829998076], [121.24818100010967, 31.29545500033698], [121.24811200025204, 31.294525000182574], [121.2498159994964, 31.294128000254833], [121.24909900012578, 31.293107000280184], [121.24969599987304, 31.29101100002546], [121.25175399997133, 31.291920000302365], [121.25464799980662, 31.291382999633445], [121.25494599989935, 31.290467999881276], [121.25602200047949, 31.291016999930818], [121.25826900016912, 31.28852900030993], [121.26025400041635, 31.290238000449623], [121.26152399979605, 31.29012400003028], [121.26123700019316, 31.291389000162237], [121.26238499959976, 31.29072999959783], [121.2681320000408, 31.293990000402257], [121.26970899990543, 31.293668000161567], [121.27084999968936, 31.291934000322282], [121.26968300003423, 31.290781999738783], [121.27168099976186, 31.286304999572554], [121.2755819999686, 31.28818399995307], [121.27486999988761, 31.2891120003894], [121.27594800022922, 31.289478999873122], [121.27921700045998, 31.28863800002362], [121.27890199952347, 31.28938699965075], [121.2812980003055, 31.290200999662027], [121.28177500036183, 31.289269999860387], [121.28500800048029, 31.28989699992569], [121.28589400005009, 31.2879200003602], [121.28768099966001, 31.288319999640475], [121.28793500033255, 31.285861999860227], [121.33411599961705, 31.276972999845434], [121.33339999999163, 31.274851000437266], [121.33871499963914, 31.273382999592442], [121.33980699961691, 31.275861999734392], [121.34738299991486, 31.2743880000667], [121.34751500028503, 31.27506300034819], [121.34934700044448, 31.27487000025924], [121.34919600043399, 31.274068999644882], [121.35244799981179, 31.27343700007201], [121.35404399969687, 31.2706419995642], [121.35635999978788, 31.272719000317867], [121.36253000048205, 31.27155799965884], [121.36246499967376, 31.26915399961908], [121.36176700041693, 31.26844699967382], [121.35695700012303, 31.269427000342706], [121.35489000033252, 31.268889999758873], [121.35519600003971, 31.266461000324572], [121.35406199991365, 31.265674000184084], [121.35142200042425, 31.25922100026794], [121.34772500007648, 31.260966999695775], [121.3475140002223, 31.26018499996595], [121.35091999978661, 31.259104999967487], [121.35051399991383, 31.258047999804898], [121.34803799982322, 31.258718000018074], [121.34794299958263, 31.25633099997813], [121.34502599999136, 31.25808899962591], [121.3431399997722, 31.251126000402614], [121.34431299990548, 31.249954000252433], [121.34218399973328, 31.2468800002624], [121.34281200000889, 31.24510299991844], [121.34223700046891, 31.242805999798712], [121.34082400028491, 31.243881999753707], [121.34129200041077, 31.245869999662723], [121.33983800037521, 31.245422999948985], [121.34083800032175, 31.241771999699477], [121.33651599987364, 31.242060999902705], [121.32979300045085, 31.237544999796626], [121.32937600013803, 31.233972999972686], [121.31034200020179, 31.229117000117515], [121.297837999699, 31.23267000004385], [121.29301599961431, 31.232857999755854], [121.28769700049541, 31.235009000402], [121.28469900048425, 31.23905099966276], [121.28392400002075, 31.238882999869976], [121.28454199970592, 31.239245999981748], [121.2837149997153, 31.240525999812764], [121.28262300036215, 31.24058200017962], [121.28357999984132, 31.240912999716517], [121.28263800021077, 31.24562899982274], [121.2789270004927, 31.246785999988752], [121.27690800037445, 31.249854000250448], [121.27958000007499, 31.253767000382652], [121.2749839999787, 31.253932999911644], [121.26992699959816, 31.255678000442536], [121.26689100024159, 31.254402999818105], [121.26404999992562, 31.25594499999911], [121.2633029998095, 31.25299099997007], [121.2625969998496, 31.25477300034503], [121.26338600022316, 31.256485000147986], [121.25999300052437, 31.258666999770796], [121.25951100052089, 31.261150000199645], [121.2564409994895, 31.26071899997375], [121.25643700001068, 31.260030999656827], [121.25241700014102, 31.26095999955155], [121.25138599999983, 31.260330000042373], [121.2497169999266, 31.261658999612937], [121.24951100047926, 31.260838000216324], [121.2473750002806, 31.260603000347462], [121.24664200008068, 31.26229199988321], [121.24610400033806, 31.2607310002729], [121.24595500031444, 31.264534000174507], [121.24882700027688, 31.26589899972954], [121.24931599993279, 31.268479000131723], [121.25031900048144, 31.26876700029404], [121.24977900043773, 31.270333999646237], [121.25343999957312, 31.270805999634646], [121.2551370000593, 31.26995599978715], [121.25950600022311, 31.271875999649193], [121.26144500027905, 31.268240999930015], [121.26313199992454, 31.268547999713164], [121.26486600018836, 31.273191999964755], [121.26821399989606, 31.273889000253018], [121.27210900012471, 31.272145000003775], [121.27266099976393, 31.274578999671103], [121.27432599964713, 31.274361999665608], [121.27416499973734, 31.273380000270418], [121.27551700004335, 31.272996999902123], [121.27597300037978, 31.276110999595947], [121.27583199956439, 31.27710100010763], [121.27413899996085, 31.27744899979343], [121.2722519997669, 31.27976999988251], [121.2693289998498, 31.279716999564705], [121.26925700051754, 31.278470000053535], [121.2671070000987, 31.278639999785216], [121.2659119997375, 31.280931999871825], [121.26112799972886, 31.281160999556647], [121.26055500018605, 31.279300999906724], [121.25812900015042, 31.2786189999045], [121.25178100028175, 31.280568999657277], [121.24979700019979, 31.282045000299032], [121.24873600004398, 31.281475000248648], [121.24730799964577, 31.28473799964054], [121.24798599970318, 31.292639000004627], [121.24400599949351, 31.295485000226808], [121.24596500015718, 31.29569800011564], [121.24649599957091, 31.2965929996508]]]}}, {"type": "Feature", "properties": {"NAME": "南翔镇", "idx": 194}, "geometry": {"type": "Polygon", "coordinates": [[[121.33785299997734, 31.337153000153403], [121.33679099998793, 31.33527199964406], [121.33855799968407, 31.33371499965683], [121.33747999984638, 31.332858000376184], [121.34265199962573, 31.326047000314148], [121.34001900014725, 31.325504000262324], [121.34067000033343, 31.32273100017882], [121.34419699987443, 31.323105000233273], [121.3426830002685, 31.320663999706557], [121.3430059995623, 31.318773999876147], [121.33853200045864, 31.3189860003465], [121.33122900026217, 31.305500000272826], [121.3264830001535, 31.303364000278165], [121.32941900040724, 31.298002999719614], [121.33132500042821, 31.298957000428366], [121.33285400026413, 31.29747299956295], [121.33081200011624, 31.295883999875084], [121.32931100024993, 31.296248999742975], [121.3294349999997, 31.295100000198474], [121.32738100003985, 31.295054999759245], [121.32833799960692, 31.292972999665228], [121.32161900051639, 31.290816999683567], [121.32216499950948, 31.290193000016423], [121.32116799987034, 31.289247999832355], [121.3224379999136, 31.287117999632795], [121.32333200052676, 31.287457999621992], [121.32424299981749, 31.286460999791167], [121.32770699995896, 31.287815000064324], [121.3289699999253, 31.284584999568196], [121.32839800048505, 31.284125000341305], [121.33003000024826, 31.28166700019157], [121.33116400040002, 31.281997000278277], [121.33174200013656, 31.279359000134782], [121.33055699991091, 31.27916399970025], [121.33129200042457, 31.277595000354037], [121.28793500033255, 31.285861999860227], [121.28768099966001, 31.288319999640475], [121.28589400005009, 31.2879200003602], [121.28500800048029, 31.28989699992569], [121.28177500036183, 31.289269999860387], [121.2812980003055, 31.290200999662027], [121.27890199952347, 31.28938699965075], [121.27921700045998, 31.28863800002362], [121.27594800022922, 31.289478999873122], [121.27486999988761, 31.2891120003894], [121.2755819999686, 31.28818399995307], [121.27168099976186, 31.286304999572554], [121.26968300003423, 31.290781999738783], [121.27084999968936, 31.291934000322282], [121.26970899990543, 31.293668000161567], [121.2681320000408, 31.293990000402257], [121.26238499959976, 31.29072999959783], [121.26123700019316, 31.291389000162237], [121.26152399979605, 31.29012400003028], [121.26025400041635, 31.290238000449623], [121.25826900016912, 31.28852900030993], [121.25602200047949, 31.291016999930818], [121.25494599989935, 31.290467999881276], [121.25464799980662, 31.291382999633445], [121.25175399997133, 31.291920000302365], [121.24969599987304, 31.29101100002546], [121.24909900012578, 31.293107000280184], [121.2498159994964, 31.294128000254833], [121.24811200025204, 31.294525000182574], [121.24818100010967, 31.29545500033698], [121.24766200035327, 31.2947829998076], [121.24823699948362, 31.29731999954466], [121.24697300000327, 31.297105999996955], [121.24793099985273, 31.298361000284864], [121.24686099968802, 31.298153000291244], [121.24440300001432, 31.301230999838186], [121.24576100044105, 31.30286000038048], [121.2496310000426, 31.303313000313757], [121.24926199970224, 31.304669999736788], [121.25078200006531, 31.305656999607873], [121.2510089996815, 31.30735199991915], [121.25460200042664, 31.30516499981896], [121.25859899964215, 31.308651999591515], [121.26098000020549, 31.308614000198304], [121.26189700000428, 31.31182599996229], [121.26518800015025, 31.30980100003257], [121.26671099958662, 31.310467999866923], [121.26873300028377, 31.31470399972053], [121.27014799950115, 31.31486900041121], [121.27038800013946, 31.31678899966342], [121.27198800018927, 31.31512499997911], [121.28222599962466, 31.316289999889023], [121.28168499990039, 31.31742899987756], [121.28457499994663, 31.318166999684415], [121.28538300009494, 31.316629999646995], [121.28954500043622, 31.317124000154326], [121.28832699980394, 31.31936100002581], [121.29418700000416, 31.32541599993181], [121.2906999999783, 31.329601000358153], [121.29648200003537, 31.332144999916295], [121.29506800008328, 31.334246000051028], [121.29754199967824, 31.335784000368715], [121.30030299989338, 31.334090999563326], [121.30065700002416, 31.333225999889766], [121.29908599996426, 31.33273200027892], [121.30005600011712, 31.331338000219212], [121.30303600016197, 31.333266999779614], [121.30655000019753, 31.33075700017502], [121.30886999978527, 31.33192799973751], [121.30997399967822, 31.330925000115705], [121.30983899969625, 31.331591000292143], [121.31124000025989, 31.33193400019866], [121.31261599990351, 31.330552000369803], [121.31400099952951, 31.33142099966197], [121.31574600021807, 31.328433999584767], [121.3191119994932, 31.3286780003035], [121.31973900019136, 31.329696999604664], [121.3184380000165, 31.33170000002397], [121.32285700041831, 31.33321999962383], [121.32246800024498, 31.333928000021274], [121.324647999837, 31.335131000408847], [121.32514900016584, 31.334460999983776], [121.3280880002755, 31.336147000112195], [121.3296860000787, 31.33489399975602], [121.33014199983577, 31.335939000104197], [121.33139599992086, 31.33570799960526], [121.33116099950246, 31.33665700013335], [121.33211500049518, 31.336056000281783], [121.33615699969029, 31.338212999553658], [121.33785299997734, 31.337153000153403]]]}}, {"type": "Feature", "properties": {"NAME": "安亭镇", "idx": 195}, "geometry": {"type": "Polygon", "coordinates": [[[121.2211569996796, 31.349821999751605], [121.22973600045789, 31.338857000455477], [121.23863300031394, 31.344218999780733], [121.23896100012735, 31.345862999637262], [121.24054599978173, 31.34654900034441], [121.24237799993713, 31.343680000167577], [121.23901699963729, 31.34220000044197], [121.2403119998368, 31.339838000069705], [121.24290199948318, 31.33987400014587], [121.24320699984646, 31.338835999564797], [121.24470200025635, 31.339868000327847], [121.24707800022453, 31.335717999771948], [121.24634999991925, 31.335315999567896], [121.24726999974541, 31.333128999846764], [121.2449619999787, 31.33284199998102], [121.24596200046857, 31.330067999846946], [121.24792899991803, 31.330611999845253], [121.24993100042909, 31.3273980003455], [121.25196499978036, 31.32787499958647], [121.25262200051968, 31.324794000165934], [121.25433499950684, 31.322839999775294], [121.25420299966098, 31.319997999757632], [121.25211999995346, 31.31947600024155], [121.25286199973668, 31.317059000342983], [121.25414800045256, 31.317357999630772], [121.25451400048745, 31.316478999643287], [121.2513140000202, 31.316087000276063], [121.2511689995034, 31.312785999921445], [121.25945799987358, 31.313731000374403], [121.26072700025418, 31.31127099986459], [121.26145200026798, 31.311545000122173], [121.26098000020549, 31.308614000198304], [121.25859899964215, 31.308651999591515], [121.25460200042664, 31.30516499981896], [121.2510089996815, 31.30735199991915], [121.25078200006531, 31.305656999607873], [121.24926199970224, 31.304669999736788], [121.2496310000426, 31.303313000313757], [121.24576100044105, 31.30286000038048], [121.24446199950297, 31.301429000284745], [121.24686099968802, 31.298153000291244], [121.24793099985273, 31.298361000284864], [121.24700300051593, 31.297026999924768], [121.24829199977202, 31.297097000241585], [121.24820999979916, 31.296000999808857], [121.24649599957091, 31.2965929996508], [121.24596500015718, 31.29569800011564], [121.24400599949351, 31.295485000226808], [121.24798599970318, 31.292639000004627], [121.24721700025427, 31.286290999688575], [121.24839599971912, 31.281878000115146], [121.24979700019979, 31.282045000299032], [121.25178100028175, 31.280568999657277], [121.25812900015042, 31.2786189999045], [121.26055500018605, 31.279300999906724], [121.26112799972886, 31.281160999556647], [121.2659119997375, 31.280931999871825], [121.2671070000987, 31.278639999785216], [121.26925700051754, 31.278470000053535], [121.2693289998498, 31.279716999564705], [121.2722519997669, 31.27976999988251], [121.27413899996085, 31.27744899979343], [121.27583199956439, 31.27710100010763], [121.27551700004335, 31.272996999902123], [121.27416499973734, 31.273380000270418], [121.27432599964713, 31.274361999665608], [121.27266099976393, 31.274578999671103], [121.27210900012471, 31.272145000003775], [121.26821399989606, 31.273889000253018], [121.26486600018836, 31.273191999964755], [121.26313199992454, 31.268547999713164], [121.26144500027905, 31.268240999930015], [121.25950600022311, 31.271875999649193], [121.2551370000593, 31.26995599978715], [121.25343999957312, 31.270805999634646], [121.25005100045944, 31.270466000153657], [121.25031900048144, 31.26876700029404], [121.24931599993279, 31.268479000131723], [121.24882700027688, 31.26589899972954], [121.24595500031444, 31.264534000174507], [121.24609499986636, 31.26120700021788], [121.24507299992028, 31.261736999912273], [121.24496299980548, 31.263438999553603], [121.24481399979422, 31.261943999790955], [121.24319099978152, 31.261879000116714], [121.24362499964802, 31.26352799957307], [121.23803400046866, 31.262338000227324], [121.23167600030462, 31.264496999827273], [121.22419100026399, 31.26480999973791], [121.22429600045754, 31.26368700044213], [121.22152100027516, 31.262879000103112], [121.21902699983511, 31.263559999562943], [121.21897799957907, 31.261094999686716], [121.2153990003097, 31.259322999801963], [121.21619799994774, 31.25836300041187], [121.2137499996175, 31.258021000375454], [121.21396000010039, 31.25579099964452], [121.21290299999491, 31.25535800003837], [121.21243700038323, 31.257549999636613], [121.2093740000622, 31.25634300031139], [121.20863099969876, 31.257872000404877], [121.20946100028941, 31.258154999842667], [121.2076500003961, 31.261773000430427], [121.20854399980851, 31.262551999866446], [121.20664400017766, 31.26212100029663], [121.20577799970374, 31.26326000023049], [121.20430000050018, 31.2613580003501], [121.20499700011524, 31.25994400000835], [121.2037639999438, 31.259535999725824], [121.20173900001356, 31.262030000184033], [121.19613100014365, 31.256731000253435], [121.19506999955377, 31.25733899989696], [121.19273099947425, 31.255872000068848], [121.19200600014838, 31.256830999870747], [121.19012600011489, 31.255900000118576], [121.19097200000908, 31.255529000100683], [121.19117799985025, 31.253252000396543], [121.18852099974492, 31.25321200041712], [121.18812800043743, 31.254030999875667], [121.18900399974792, 31.254296000389278], [121.18798999991662, 31.254437999816368], [121.18763600009329, 31.256165999992227], [121.18482700017172, 31.25624700036787], [121.18405600049182, 31.25711700007573], [121.18257000049739, 31.255999000185486], [121.18279299989842, 31.25460900001909], [121.18012800042933, 31.254756999791432], [121.17927999972697, 31.253970999708386], [121.17676400024266, 31.256682999681026], [121.17407100002347, 31.25541099966031], [121.17402599999686, 31.256541000306715], [121.17289300048674, 31.25697800005616], [121.1738799997314, 31.257844000200777], [121.17292599978832, 31.258328000433753], [121.17197900024341, 31.256705000382013], [121.16903399983507, 31.259334000207357], [121.16687499971131, 31.25710099976959], [121.16533000007112, 31.258514999869266], [121.16370800020262, 31.25829299982023], [121.16330499987731, 31.25976500033303], [121.16524199950659, 31.260043999620127], [121.16536999976492, 31.261216000142536], [121.16339900007938, 31.26156700032339], [121.16330099996142, 31.264021000290427], [121.1569710003268, 31.27219099962399], [121.15620200047191, 31.269867000058557], [121.15232900045726, 31.27291400020212], [121.15045200049472, 31.26829600010708], [121.14761199993143, 31.269070000250228], [121.14707600050106, 31.269846999766873], [121.14915299998229, 31.2764849998408], [121.14857099982987, 31.278753000141318], [121.15061099986107, 31.28051500013164], [121.15073800025726, 31.282490999591218], [121.15445600001206, 31.283442000189176], [121.1540069997488, 31.284783999779187], [121.15537700037234, 31.28519200004549], [121.15610799995471, 31.284078000159848], [121.15660700047152, 31.28497800022207], [121.15414099950995, 31.289968999837], [121.15126699951858, 31.289307999624853], [121.1512480004638, 31.290570999941057], [121.14989300003545, 31.290512999789275], [121.14965600010807, 31.29229000025736], [121.14752799962751, 31.292062000337577], [121.14773000000446, 31.293520000116924], [121.1463519997409, 31.293937000434124], [121.14616799957241, 31.29597899967822], [121.14762499965349, 31.296371000072856], [121.1464010000408, 31.29854200014745], [121.1424969995309, 31.298685999983118], [121.14337700000111, 31.30099299964851], [121.14608599964053, 31.30186899977232], [121.14456399965101, 31.302615000110087], [121.14409600031603, 31.303406000209975], [121.1447639997757, 31.303709999952762], [121.13866999979246, 31.311902000381846], [121.13391200005452, 31.30791599980446], [121.1343099997032, 31.30519499987237], [121.12822199987804, 31.304190999569393], [121.12527099995425, 31.304507000182834], [121.12453400029469, 31.30551000041811], [121.12471200015193, 31.310565000272376], [121.12407100044129, 31.31336599965528], [121.12294900015905, 31.314298999621503], [121.12321100008114, 31.31815800021922], [121.12183300015495, 31.31920299962597], [121.12174599951625, 31.320503999949036], [121.12211200018028, 31.321612999582428], [121.12419500046212, 31.322402999673297], [121.12418200015323, 31.324008999567475], [121.12825399979832, 31.325630000124082], [121.13511399956458, 31.32567000004106], [121.13441599983999, 31.323839000019603], [121.13996300030477, 31.322232000256673], [121.14279899957747, 31.32394700007973], [121.1435030004363, 31.32552399969349], [121.14472799975053, 31.32501399996112], [121.15115200017678, 31.329121999685302], [121.15560000046214, 31.329660000003017], [121.16042600044332, 31.33162099956564], [121.16176599966096, 31.330410000022788], [121.16344199985394, 31.331097999736453], [121.16210899993763, 31.33214800007307], [121.16631199994437, 31.333372000439113], [121.1658070002646, 31.33558400007387], [121.16669700039515, 31.333865999769866], [121.16774399997183, 31.3336809995533], [121.17141300015031, 31.335420999595385], [121.17336700011948, 31.3346689998616], [121.17525199961922, 31.335292000234425], [121.17487899973258, 31.33625099957885], [121.18468999966639, 31.339453000397587], [121.18567500031585, 31.340972999934596], [121.1875029996927, 31.338904000312407], [121.18628799961681, 31.341283000184333], [121.19009499987806, 31.34169799979514], [121.18995099955096, 31.342383999624328], [121.19150000047853, 31.340288999578654], [121.19035000015181, 31.339627000427797], [121.19290599996289, 31.337356999982926], [121.19599500043242, 31.33980699979152], [121.19711800008488, 31.3386160002135], [121.19955799988917, 31.338569000085233], [121.2018400003926, 31.336175999792925], [121.21169699990539, 31.345381000174303], [121.2211569996796, 31.349821999751605]]]}}, {"type": "Feature", "properties": {"NAME": "嘉定工业园区", "idx": 196}, "geometry": {"type": "Polygon", "coordinates": [[[121.25182700028148, 31.378535999839123], [121.25938899959965, 31.367203999556676], [121.25193999961152, 31.362060000099543], [121.25376499967453, 31.35975299991209], [121.2492549996435, 31.357330000052382], [121.25547000007195, 31.35187999996235], [121.25983400008106, 31.345338999950393], [121.24657599980458, 31.336343000213468], [121.24470200025635, 31.339868000327847], [121.24320699984646, 31.338835999564797], [121.24290199948318, 31.33987400014587], [121.2403119998368, 31.339838000069705], [121.23901699963729, 31.34220000044197], [121.24237799993713, 31.343680000167577], [121.24054599978173, 31.34654900034441], [121.23896100012735, 31.345862999637262], [121.23863300031394, 31.344218999780733], [121.23205499986143, 31.340089000342793], [121.22973600045789, 31.338857000455477], [121.22808799962596, 31.33971799956235], [121.227087000328, 31.342175999836503], [121.21773799948457, 31.35421300031501], [121.21497399957322, 31.352531999666095], [121.21414099987507, 31.353587000027257], [121.21626100000819, 31.354687999950965], [121.21560700040031, 31.355560999824135], [121.21642399955981, 31.355959999644938], [121.21120100023697, 31.36263399978982], [121.21192499951597, 31.362885999846934], [121.20990299947364, 31.366008000270703], [121.21068800022937, 31.367209000321264], [121.21460200046599, 31.366983000310853], [121.22334399951485, 31.370309999938698], [121.22604199972788, 31.371486000177487], [121.22809400041041, 31.37378700016696], [121.23073599958573, 31.372078000259528], [121.23313799991105, 31.373584000035653], [121.23468099948768, 31.373286000096495], [121.24395900030969, 31.375709999985144], [121.24372200026457, 31.376277000270804], [121.24821800015309, 31.37667199958225], [121.25182700028148, 31.378535999839123]]]}}, {"type": "Feature", "properties": {"NAME": "嘉定镇街道", "idx": 197}, "geometry": {"type": "Polygon", "coordinates": [[[121.25171199958561, 31.393987000361147], [121.25576599948894, 31.387593999845436], [121.25562100031806, 31.384677000355875], [121.25338900007901, 31.37931500032766], [121.24821800015309, 31.37667199958225], [121.24372200026457, 31.376277000270804], [121.24395900030969, 31.375709999985144], [121.23468099948768, 31.373286000096495], [121.23313799991105, 31.373584000035653], [121.23073599958573, 31.372078000259528], [121.22809400041041, 31.37378700016696], [121.22945999950963, 31.3752969997521], [121.22835899977704, 31.37594100044244], [121.22898500045896, 31.377211999929685], [121.23346099979696, 31.381625000185224], [121.23527699987572, 31.382237999958573], [121.23645499995814, 31.38828700027953], [121.2389740003746, 31.393154999747892], [121.2448670000525, 31.39518200013187], [121.25171199958561, 31.393987000361147]]]}}, {"type": "Feature", "properties": {"NAME": "新成路街道", "idx": 198}, "geometry": {"type": "Polygon", "coordinates": [[[121.27477400042389, 31.4008760004106], [121.27477899980747, 31.399251999835425], [121.27577999980079, 31.39957000039241], [121.2771599999104, 31.398120000318542], [121.27757400030693, 31.394805000451385], [121.27492500011047, 31.39416599971369], [121.27624400016077, 31.389665000012435], [121.27298299986316, 31.38765300040041], [121.27448999958528, 31.383655000202165], [121.27678500041439, 31.383908000211783], [121.27828199990167, 31.380059000032624], [121.2599449999375, 31.375875999647814], [121.26349900025848, 31.36885799999803], [121.26259899990012, 31.367069999877675], [121.25995000007659, 31.366055999693533], [121.25180099996734, 31.3783969999099], [121.25434200027988, 31.38074000036511], [121.25562100031806, 31.384677000355875], [121.25566300025169, 31.388834000204334], [121.25354100007559, 31.392154999690213], [121.25696600015367, 31.39500499981292], [121.26126799973456, 31.3962189995664], [121.25966200000542, 31.39996600028051], [121.26154499987712, 31.39939000030847], [121.26535599965881, 31.40017700032249], [121.2653600004697, 31.401792999732873], [121.26977099990481, 31.401950000248714], [121.26995200039653, 31.40395200010329], [121.27088600049798, 31.404201999774624], [121.2718109999652, 31.400103999679036], [121.27477400042389, 31.4008760004106]]]}}, {"type": "Feature", "properties": {"NAME": "外岗镇", "idx": 199}, "geometry": {"type": "Polygon", "coordinates": [[[121.19571300017547, 31.375254999658043], [121.19665700032348, 31.370872000381272], [121.19593100032512, 31.369772000363483], [121.19023200017287, 31.371351000323035], [121.18592700043624, 31.36959699956233], [121.18764299972425, 31.366255000244887], [121.18682500003453, 31.365655000432234], [121.18781300013923, 31.366069999948998], [121.19000000033746, 31.363118000207933], [121.19253400030927, 31.363493000185443], [121.19380200037872, 31.3618420003798], [121.19622700050071, 31.362950999849843], [121.1980189996245, 31.360830000343913], [121.19614500005663, 31.359341999928247], [121.19873400024936, 31.356662000389925], [121.20032100034061, 31.35747800033776], [121.20236500041032, 31.355338999969263], [121.20098799985215, 31.354169000355284], [121.20332300043991, 31.35188100039971], [121.20252100014268, 31.35134000019588], [121.20364999981341, 31.34970599958042], [121.20019300036924, 31.346401000403418], [121.19319500030394, 31.342646000398812], [121.19482799961185, 31.340911999695724], [121.19364600037505, 31.340064999978644], [121.19447299962329, 31.338914000441495], [121.19290599996289, 31.337356999982926], [121.19035000015181, 31.339627000427797], [121.19150000047853, 31.340288999578654], [121.18995099955096, 31.342383999624328], [121.19009499987806, 31.34169799979514], [121.18628799961681, 31.341283000184333], [121.18784000049467, 31.339105999950597], [121.1875029996927, 31.338904000312407], [121.18567500031585, 31.340972999934596], [121.18468999966639, 31.339453000397587], [121.17487899973258, 31.33625099957885], [121.17525199961922, 31.335292000234425], [121.17336700011948, 31.3346689998616], [121.17141300015031, 31.335420999595385], [121.16774399997183, 31.3336809995533], [121.16669700039515, 31.333865999769866], [121.1658070002646, 31.33558400007387], [121.16631199994437, 31.333372000439113], [121.16210899993763, 31.33214800007307], [121.16344199985394, 31.331097999736453], [121.16176599966096, 31.330410000022788], [121.16042600044332, 31.33162099956564], [121.15560000046214, 31.329660000003017], [121.15115200017678, 31.329121999685302], [121.14472799975053, 31.32501399996112], [121.1435030004363, 31.32552399969349], [121.14279899957747, 31.32394700007973], [121.1397489995537, 31.32219099958596], [121.13441599983999, 31.323839000019603], [121.13511399956458, 31.32567000004106], [121.12845599997087, 31.32568800029129], [121.12628099949679, 31.324604000291153], [121.1256629996828, 31.325554999914402], [121.12667599986484, 31.327765000406746], [121.12841499967196, 31.32804999972475], [121.12668199947946, 31.330691000384192], [121.12856000051383, 31.331973000191795], [121.12554099977925, 31.33454900028923], [121.12593099971954, 31.336550000435953], [121.1246529997991, 31.33766700000422], [121.1254360001253, 31.33849300027249], [121.12472600003706, 31.34229100003738], [121.12563299976736, 31.34378099962886], [121.12538099958981, 31.346264999931762], [121.11975299951324, 31.34516099986002], [121.11271299967859, 31.34572299974338], [121.11224200015445, 31.349459999689557], [121.11483999959391, 31.350006000056496], [121.11254599981552, 31.353639999975403], [121.10724000007532, 31.352640999836513], [121.10611199969107, 31.353840999943056], [121.10345600014035, 31.352862000010873], [121.10328499998802, 31.35593500021219], [121.10210000043705, 31.357654999942056], [121.10314399976508, 31.361453999957533], [121.10169100000958, 31.368691999706385], [121.10301199970813, 31.368910000391708], [121.10401800009242, 31.366806000362526], [121.1055850003432, 31.366840999761216], [121.10805000025442, 31.36743600025979], [121.10793299968303, 31.369099999878063], [121.11546600039706, 31.371009999908427], [121.1136949999612, 31.37296100028415], [121.10999899960258, 31.373301999738647], [121.10873300015844, 31.376304000338166], [121.11819199990983, 31.380337999661457], [121.11965200010539, 31.37857999961439], [121.12126699967472, 31.380640000405954], [121.12208199956797, 31.379444999926516], [121.12418299996376, 31.381121000298137], [121.12604200041011, 31.381712999972482], [121.12639899958224, 31.381010999635123], [121.13315599961824, 31.383380999560675], [121.13183000050729, 31.384875000219168], [121.13287299962185, 31.38567100029842], [121.13317900016716, 31.38481799992738], [121.13456099980404, 31.385206000270284], [121.13421399953621, 31.38633900026359], [121.13559899987824, 31.38672900011457], [121.136098999514, 31.385582000027576], [121.1432609999887, 31.38747400040077], [121.14292700003101, 31.38862800024528], [121.1438920000446, 31.38910400000932], [121.14122500045681, 31.391209999572013], [121.14166399954405, 31.39242699994482], [121.13993799959957, 31.393681999803498], [121.13970000003056, 31.392885999966182], [121.13828400051896, 31.394634999579957], [121.14023700004175, 31.39514499996646], [121.13971399950962, 31.39576700018038], [121.14421200019244, 31.396692999792165], [121.14240400009092, 31.39954400030978], [121.15219299988304, 31.401361000150626], [121.15470600043655, 31.398076000259163], [121.15660799986827, 31.397815999683978], [121.1572249995749, 31.39963000016654], [121.15990600034641, 31.400249999661355], [121.16419299991057, 31.397877999668445], [121.17205200019947, 31.407551999589295], [121.1717839996889, 31.405649000029886], [121.17331900012057, 31.40602599992115], [121.17469899957487, 31.404595000065914], [121.17532299950439, 31.402716000002503], [121.17390099990914, 31.401860999903978], [121.17464000049982, 31.40098300015304], [121.17319900033462, 31.40007199956302], [121.1726009995167, 31.400937999761293], [121.17026300033474, 31.399526999557974], [121.17025199950724, 31.397140000303654], [121.1693209997579, 31.397990999923707], [121.16972099995508, 31.396839000230763], [121.1663809997384, 31.394769999705588], [121.16711300023432, 31.394078999989368], [121.16919600012297, 31.394524000053504], [121.17080199982345, 31.390961000150476], [121.17180399997089, 31.391779999808044], [121.17246199982007, 31.38996199997638], [121.17482300046767, 31.389898000437586], [121.1748239997329, 31.38883899984997], [121.17676200015426, 31.389195999727562], [121.17700600033018, 31.38786500025998], [121.17873300043209, 31.38835200031418], [121.17823899970182, 31.387562999608406], [121.18081999949818, 31.38871400002419], [121.18047000021328, 31.389839999907565], [121.18117299979541, 31.390136000166933], [121.1873269997586, 31.390820999686202], [121.18882899967832, 31.38929800011032], [121.19045799996033, 31.389854999974848], [121.19185000040979, 31.388251999654766], [121.1946090002155, 31.388042000158073], [121.19505200052832, 31.386611999813322], [121.19408799971444, 31.38522399985772], [121.19477000032322, 31.38330499987984], [121.18814000038846, 31.38098900015357], [121.18705099989054, 31.379620999775565], [121.18921600044247, 31.378345999749595], [121.18697399994187, 31.376980999731025], [121.18817599968651, 31.375634000196726], [121.19026799961689, 31.37714099978959], [121.1919779998691, 31.37512099980912], [121.19034200049802, 31.374630999881415], [121.19089799955236, 31.37384400042062], [121.19571300017547, 31.375254999658043]]]}}, {"type": "Feature", "properties": {"NAME": "马陆镇", "idx": 200}, "geometry": {"type": "Polygon", "coordinates": [[[121.30935499954796, 31.40900499993349], [121.31073099966365, 31.407941000209707], [121.30982100014734, 31.407437000302775], [121.31134300040127, 31.40770299966936], [121.31257000021401, 31.40553399977673], [121.31088400038449, 31.404697000241047], [121.31096200017923, 31.40207399982433], [121.30982599998592, 31.40149600018671], [121.3099820004298, 31.40032299980681], [121.31277900006019, 31.399257000334206], [121.31661900048454, 31.39945199975792], [121.31694700037679, 31.39767799992745], [121.31806399987991, 31.397832000234054], [121.31853299958779, 31.39524800033118], [121.31567199984204, 31.391004000029415], [121.31830600016295, 31.39034599993186], [121.32185699977019, 31.38279500028465], [121.32566300030763, 31.383175999629035], [121.32683999957025, 31.38155699977141], [121.32594700034268, 31.38110100015607], [121.3263310001718, 31.380196999937333], [121.32401500051388, 31.37922999979074], [121.32925199981698, 31.374723999547232], [121.32852900034645, 31.373067000257198], [121.33146700039372, 31.371608000111515], [121.33147499979255, 31.370509999697727], [121.32991900022829, 31.369931999689026], [121.3301769996336, 31.36896400000976], [121.33684299987686, 31.359903999807518], [121.33240299970004, 31.357861000232763], [121.33294999980926, 31.35517499997067], [121.33149600007081, 31.35456100018264], [121.33081100008322, 31.35294800035222], [121.32750899999559, 31.35293900030118], [121.3278739998599, 31.34887800037547], [121.33182800047811, 31.348681000364685], [121.33285399973006, 31.346413999767396], [121.33438200046673, 31.34687899997791], [121.33758100043816, 31.343160000190426], [121.33960800019257, 31.343838000094998], [121.34129999951799, 31.33818199954715], [121.33810999976407, 31.338052999718364], [121.33785299997734, 31.337153000153403], [121.33615699969029, 31.338212999553658], [121.33211500049518, 31.336056000281783], [121.33116099950246, 31.33665700013335], [121.33139599992086, 31.33570799960526], [121.33014199983577, 31.335939000104197], [121.3296860000787, 31.33489399975602], [121.3280880002755, 31.336147000112195], [121.32514900016584, 31.334460999983776], [121.324647999837, 31.335131000408847], [121.32246800024498, 31.333928000021274], [121.32285700041831, 31.33321999962383], [121.3184380000165, 31.33170000002397], [121.31973900019136, 31.329696999604664], [121.3191119994932, 31.3286780003035], [121.31574600021807, 31.328433999584767], [121.31400099952951, 31.33142099966197], [121.31261599990351, 31.330552000369803], [121.31124000025989, 31.33193400019866], [121.30983899969625, 31.331591000292143], [121.30997399967822, 31.330925000115705], [121.30886999978527, 31.33192799973751], [121.30655000019753, 31.33075700017502], [121.30303600016197, 31.333266999779614], [121.30005600011712, 31.331338000219212], [121.29908599996426, 31.33273200027892], [121.30065700002416, 31.333225999889766], [121.30030299989338, 31.334090999563326], [121.29754199967824, 31.335784000368715], [121.29506800008328, 31.334246000051028], [121.29648200003537, 31.332144999916295], [121.2906999999783, 31.329601000358153], [121.29418700000416, 31.32541599993181], [121.28832699980394, 31.31936100002581], [121.28954500043622, 31.317124000154326], [121.28538300009494, 31.316629999646995], [121.28457499994663, 31.318166999684415], [121.28168499990039, 31.31742899987756], [121.28222599962466, 31.316289999889023], [121.27198800018927, 31.31512499997911], [121.27038800013946, 31.31678899966342], [121.27014799950115, 31.31486900041121], [121.26873300028377, 31.31470399972053], [121.26889199978811, 31.313676999989354], [121.26736200039848, 31.31280999976766], [121.26795400025881, 31.312359000199983], [121.26722100019177, 31.31092200002821], [121.26518800015025, 31.30980100003257], [121.26189700000428, 31.31182599996229], [121.26072700025418, 31.31127099986459], [121.25945799987358, 31.313731000374403], [121.2511689995034, 31.312785999921445], [121.2513140000202, 31.316087000276063], [121.25451400048745, 31.316478999643287], [121.25414800045256, 31.317357999630772], [121.25286199973668, 31.317059000342983], [121.25211999995346, 31.31947600024155], [121.25420299966098, 31.319997999757632], [121.25433499950684, 31.322839999775294], [121.25262200051968, 31.324794000165934], [121.25196499978036, 31.32787499958647], [121.24993100042909, 31.3273980003455], [121.24792899991803, 31.330611999845253], [121.24596200046857, 31.330067999846946], [121.2449619999787, 31.33284199998102], [121.24726999974541, 31.333128999846764], [121.24657599980458, 31.336343000213468], [121.25984700023938, 31.345471000189367], [121.25547000007195, 31.35187999996235], [121.2492549996435, 31.357330000052382], [121.25376499967453, 31.35975299991209], [121.25181499960163, 31.361636000343445], [121.25482699957304, 31.363668000314274], [121.25483900039588, 31.364682000299165], [121.25938899959965, 31.367203999556676], [121.25995000007659, 31.366055999693533], [121.26323399999987, 31.367822999798328], [121.26334599990284, 31.36964599999315], [121.2599449999375, 31.375875999647814], [121.27828199990167, 31.380059000032624], [121.27678500041439, 31.383908000211783], [121.27448999958528, 31.383655000202165], [121.27298299986316, 31.38765300040041], [121.27624400016077, 31.389665000012435], [121.27492500011047, 31.39416599971369], [121.27757400030693, 31.394805000451385], [121.2771599999104, 31.398120000318542], [121.27577999980079, 31.39957000039241], [121.27477899980747, 31.399251999835425], [121.27477400042389, 31.4008760004106], [121.27991900036594, 31.40243799972671], [121.28395699969111, 31.401808999753644], [121.28940000003631, 31.403316999940337], [121.28896700025149, 31.40414999977323], [121.29270500024276, 31.40562100036129], [121.29560500005994, 31.40602699962398], [121.29597999964619, 31.405204999993316], [121.29977900047528, 31.406253999756327], [121.29942200008928, 31.40723899999276], [121.30405599985448, 31.40968700006967], [121.30619699995454, 31.408084000012682], [121.30935499954796, 31.40900499993349]]]}}, {"type": "Feature", "properties": {"NAME": "菊园街道(筹)", "idx": 201}, "geometry": {"type": "Polygon", "coordinates": [[[121.25994300051909, 31.409088999810514], [121.26169399967176, 31.40961000030155], [121.261717999832, 31.40886800016467], [121.26339400023966, 31.4086869997039], [121.26712200012993, 31.409982000257152], [121.26725499985008, 31.408713999782115], [121.26732700007138, 31.402166000302913], [121.2653600004697, 31.401792999732873], [121.26535599965881, 31.40017700032249], [121.26154499987712, 31.39939000030847], [121.25966200000542, 31.39996600028051], [121.26126799973456, 31.3962189995664], [121.25696600015367, 31.39500499981292], [121.25354100007559, 31.392154999690213], [121.25171199958561, 31.393987000361147], [121.2448670000525, 31.39518200013187], [121.2389740003746, 31.393154999747892], [121.23645499995814, 31.38828700027953], [121.23527699987572, 31.382237999958573], [121.23346099979696, 31.381625000185224], [121.22898500045896, 31.377211999929685], [121.22835899977704, 31.37594100044244], [121.22945999950963, 31.3752969997521], [121.22654000023925, 31.371914000435048], [121.21489999975012, 31.367066999842162], [121.21003700002741, 31.3666400002416], [121.21001600044707, 31.36533900004399], [121.21192499951597, 31.362885999846934], [121.21120100023697, 31.36263399978982], [121.21642399955981, 31.355959999644938], [121.21560700040031, 31.355560999824135], [121.21626100000819, 31.354687999950965], [121.21414099987507, 31.353587000027257], [121.21497399957322, 31.352531999666095], [121.21773799948457, 31.35421300031501], [121.2211569996796, 31.349821999751605], [121.21169699990539, 31.345381000174303], [121.2018400003926, 31.336175999792925], [121.19955799988917, 31.338569000085233], [121.19711800008488, 31.3386160002135], [121.19599500043242, 31.33980699979152], [121.19447299962329, 31.338914000441495], [121.19364600037505, 31.340064999978644], [121.19482799961185, 31.340911999695724], [121.19319500030394, 31.342646000398812], [121.20019300036924, 31.346401000403418], [121.20364999981341, 31.34970599958042], [121.20252100014268, 31.35134000019588], [121.20332300043991, 31.35188100039971], [121.20098799985215, 31.354169000355284], [121.20236500041032, 31.355338999969263], [121.20032100034061, 31.35747800033776], [121.19873400024936, 31.356662000389925], [121.19614500005663, 31.359341999928247], [121.1980189996245, 31.360830000343913], [121.19622700050071, 31.362950999849843], [121.19380200037872, 31.3618420003798], [121.19253400030927, 31.363493000185443], [121.19000000033746, 31.363118000207933], [121.18781300013923, 31.366069999948998], [121.18682500003453, 31.365655000432234], [121.18764299972425, 31.366255000244887], [121.18617699948197, 31.369918000388584], [121.19023200017287, 31.371351000323035], [121.19593100032512, 31.369772000363483], [121.19665700032348, 31.370872000381272], [121.19621000019656, 31.373827999568416], [121.19846800014955, 31.37463100025136], [121.19793899971508, 31.37614299980305], [121.20078599993033, 31.377349000118848], [121.20134899993421, 31.37647599967299], [121.2025939995574, 31.37821700003613], [121.20399200039887, 31.377579999662547], [121.20583400046806, 31.37840199977164], [121.20665900016698, 31.377049000309785], [121.21018499956496, 31.378715999801624], [121.21149099970475, 31.379634999818016], [121.2103789999217, 31.381489000064697], [121.21117499960616, 31.384479999858268], [121.21049200000591, 31.385867000063612], [121.21549600028665, 31.388098999977778], [121.21514800019744, 31.388627999872472], [121.21725899978041, 31.38922799985453], [121.21828800024394, 31.390669000150478], [121.2193830002125, 31.39105999980757], [121.2200590000678, 31.389637000240903], [121.22543899996542, 31.391149999748006], [121.2265850003439, 31.389276999680156], [121.2282219997037, 31.390376000426123], [121.23152400039048, 31.393782000004776], [121.23018399987421, 31.394890000227985], [121.23290299991666, 31.398015999891282], [121.23216699964478, 31.39867199963044], [121.23281900041029, 31.3992240002196], [121.23104099964415, 31.4007190001499], [121.2348870001061, 31.404332999641056], [121.23359999955538, 31.406505000222094], [121.23641600017912, 31.40850900036738], [121.23619999950058, 31.410031999737647], [121.24903399972216, 31.416226999667952], [121.25522500024944, 31.416250000224235], [121.25633500021294, 31.41075799981275], [121.2572530003565, 31.41091099999797], [121.25716200035127, 31.41175399959342], [121.25992300011825, 31.412020000446674], [121.25887799985993, 31.411317000018737], [121.25994300051909, 31.409088999810514]]]}}, {"type": "Feature", "properties": {"NAME": "徐行镇", "idx": 202}, "geometry": {"type": "Polygon", "coordinates": [[[121.21380299981354, 31.4774259995913], [121.20750699983185, 31.47457700040193], [121.20958300009929, 31.470978999711612], [121.20938299984297, 31.469265999630018], [121.21322799992834, 31.465937000157297], [121.21402100049156, 31.46141499959759], [121.21662800000198, 31.459794999919588], [121.21703299966217, 31.45790299982849], [121.21537900037477, 31.45644599961675], [121.21791399987974, 31.450252000289126], [121.22030900044575, 31.44971799967666], [121.22632599987709, 31.453867000108428], [121.22769100005091, 31.45219799964723], [121.22891699992253, 31.45280399957889], [121.23289999970625, 31.44886299958463], [121.2312889997326, 31.448257000006922], [121.2325140002992, 31.446542999699556], [121.23118399975392, 31.445862000270115], [121.23151200049965, 31.445194999578167], [121.23026500020022, 31.445806000254034], [121.22647100000914, 31.443536000382746], [121.22803799981209, 31.44337699982971], [121.22859099968949, 31.441201999871478], [121.22929600032292, 31.44154799995283], [121.23010399951937, 31.44048700002629], [121.23033300011693, 31.438145999888498], [121.23368799984053, 31.43935599983852], [121.23565499950969, 31.437585000026743], [121.23787399953727, 31.437974999774067], [121.23708500001116, 31.43681300025715], [121.23768999971956, 31.435390000006088], [121.2389290004121, 31.435876000453632], [121.24001600015957, 31.435150999902298], [121.24089799985303, 31.43638799969007], [121.24196399973638, 31.436150000107144], [121.2423000000627, 31.434513999879204], [121.24543800046173, 31.435793000249404], [121.24458700016304, 31.437995999619623], [121.24528500019088, 31.43830999982123], [121.2437610002356, 31.440527999589968], [121.24532899998337, 31.43997300027901], [121.24608799993239, 31.442588000411636], [121.24345999995828, 31.449039000227106], [121.24503699983775, 31.44950899979165], [121.24598699962671, 31.448171999869114], [121.25897700028428, 31.452439000360997], [121.25833500004964, 31.453824000392636], [121.26043999995983, 31.454626000051803], [121.2598669999991, 31.455629000064963], [121.26231700005587, 31.457157000387507], [121.26290499990112, 31.456140999983006], [121.26180200007525, 31.455600999700252], [121.26435699959677, 31.454221999668743], [121.26751699955334, 31.44606500007567], [121.26879800037146, 31.44566300012864], [121.26917799962028, 31.44427900024603], [121.26806300036178, 31.44409199986374], [121.26868200032494, 31.44193100004242], [121.26985699995724, 31.442186999891213], [121.27093699960814, 31.438414000196868], [121.27605099953854, 31.440513999815266], [121.27576800013577, 31.441571999636768], [121.27660799959096, 31.441831999797746], [121.27580400004454, 31.443851999612544], [121.27967900031298, 31.443684000095434], [121.27862000028661, 31.445192999640046], [121.27940200033713, 31.446737000114233], [121.28258899991448, 31.448728000204344], [121.28237500032482, 31.449931000067203], [121.28485600010812, 31.44955899968536], [121.28454699955994, 31.45098799961882], [121.2864200003911, 31.451288999918493], [121.28774099999482, 31.45015799955367], [121.2878149999313, 31.451629999781524], [121.29279200051238, 31.453477999692918], [121.29371000025813, 31.45233600041616], [121.29599799964114, 31.453548999622903], [121.29795099990774, 31.453347999981112], [121.29694400049264, 31.455876999703282], [121.30007100044145, 31.45652300027236], [121.29907699995468, 31.45844200035904], [121.29820799979393, 31.45834599996738], [121.29838499961303, 31.46248799971896], [121.3018730002973, 31.462599999856305], [121.30217699999486, 31.461640000189497], [121.30549000018385, 31.461292000056485], [121.30461199979027, 31.463358000380705], [121.30635099955275, 31.46385999994093], [121.30591399976964, 31.464825000389673], [121.30927699987001, 31.465807000429344], [121.30998500033493, 31.464493999973193], [121.31252999995613, 31.465788000335518], [121.31298599981986, 31.4642339998803], [121.31451799959163, 31.464505999571994], [121.31472800031628, 31.463698999918492], [121.31286500013482, 31.462011999655324], [121.3156590000077, 31.4592039999022], [121.3138139998727, 31.45885099975046], [121.31500699952842, 31.456796999932287], [121.31921400052238, 31.456998000033476], [121.32073700049939, 31.452900000299966], [121.3220800001295, 31.453002999893478], [121.32260899950232, 31.4505999995847], [121.3214310001075, 31.450415999960995], [121.32347499956236, 31.442716999883167], [121.32453999986674, 31.44188899962199], [121.32606600031465, 31.442423999585962], [121.32644300009802, 31.441533999783672], [121.32899999997059, 31.441928999841835], [121.32938899950231, 31.439201999638843], [121.33182900032884, 31.43486800022245], [121.3317429995018, 31.431598999835938], [121.33009199953833, 31.431053000163164], [121.33123299947997, 31.42718799987661], [121.33286299963058, 31.426496999770944], [121.33153200046328, 31.426206999589194], [121.33263000033561, 31.421118999947435], [121.32979599959731, 31.421367999907403], [121.33019700017842, 31.420036999995865], [121.32746100028774, 31.418742000005743], [121.32720300045456, 31.41733600039239], [121.32862499977995, 31.417145000215598], [121.32915400047166, 31.415635999856654], [121.32763700014893, 31.415063000310226], [121.32831799997041, 31.41253500005411], [121.3256350004451, 31.41218799977561], [121.32361200023276, 31.413715999899917], [121.30619699995454, 31.408084000012682], [121.30405599985448, 31.40968700006967], [121.29942200008928, 31.40723899999276], [121.29977900047528, 31.406253999756327], [121.29597999964619, 31.405204999993316], [121.29560500005994, 31.40602699962398], [121.29270500024276, 31.40562100036129], [121.28896700025149, 31.40414999977323], [121.28940000003631, 31.403316999940337], [121.28395699969111, 31.401808999753644], [121.27991900036594, 31.40243799972671], [121.2718109999652, 31.400103999679036], [121.27088600049798, 31.404201999774624], [121.26995200039653, 31.40395200010329], [121.26993399984683, 31.40203599995184], [121.26732700007138, 31.402166000302913], [121.26712200012993, 31.409982000257152], [121.26339400023966, 31.4086869997039], [121.261717999832, 31.40886800016467], [121.26169399967176, 31.40961000030155], [121.25978400018668, 31.409080999815792], [121.25887799985993, 31.411317000018737], [121.25992300011825, 31.412020000446674], [121.25716200035127, 31.41175399959342], [121.2572530003565, 31.41091099999797], [121.25633500021294, 31.41075799981275], [121.25522500024944, 31.416250000224235], [121.24903399972216, 31.416226999667952], [121.23619999950058, 31.410031999737647], [121.23641600017912, 31.40850900036738], [121.23359999955538, 31.406505000222094], [121.2348870001061, 31.404332999641056], [121.23104099964415, 31.4007190001499], [121.23281900041029, 31.3992240002196], [121.23216699964478, 31.39867199963044], [121.23290299991666, 31.398015999891282], [121.23018399987421, 31.394890000227985], [121.23152400039048, 31.393782000004776], [121.2282219997037, 31.390376000426123], [121.2265850003439, 31.389276999680156], [121.22543899996542, 31.391149999748006], [121.2200590000678, 31.389637000240903], [121.2193830002125, 31.39105999980757], [121.21828800024394, 31.390669000150478], [121.21725899978041, 31.38922799985453], [121.21514800019744, 31.388627999872472], [121.21549600028665, 31.388098999977778], [121.21049200000591, 31.385867000063612], [121.21117499960616, 31.384479999858268], [121.2103789999217, 31.381489000064697], [121.21143999948114, 31.379589000135223], [121.20665900016698, 31.377049000309785], [121.20583400046806, 31.37840199977164], [121.20399200039887, 31.377579999662547], [121.2025939995574, 31.37821700003613], [121.20134899993421, 31.37647599967299], [121.20078599993033, 31.377349000118848], [121.19793899971508, 31.37614299980305], [121.19846800014955, 31.37463100025136], [121.19621000019656, 31.373827999568416], [121.19571300017547, 31.375254999658043], [121.19089799955236, 31.37384400042062], [121.19034200049802, 31.374630999881415], [121.1919779998691, 31.37512099980912], [121.19026799961689, 31.37714099978959], [121.18817599968651, 31.375634000196726], [121.18697399994187, 31.376980999731025], [121.18921600044247, 31.378345999749595], [121.18705099989054, 31.379620999775565], [121.18814000038846, 31.38098900015357], [121.19477000032322, 31.38330499987984], [121.19408799971444, 31.38522399985772], [121.19505200052832, 31.386611999813322], [121.1946090002155, 31.388042000158073], [121.19185000040979, 31.388251999654766], [121.19045799996033, 31.389854999974848], [121.18882899967832, 31.38929800011032], [121.1873269997586, 31.390820999686202], [121.18117299979541, 31.390136000166933], [121.18047000021328, 31.389839999907565], [121.18081999949818, 31.38871400002419], [121.17823899970182, 31.387562999608406], [121.17873300043209, 31.38835200031418], [121.17700600033018, 31.38786500025998], [121.17676200015426, 31.389195999727562], [121.1748239997329, 31.38883899984997], [121.17482300046767, 31.389898000437586], [121.17246199982007, 31.38996199997638], [121.17180399997089, 31.391779999808044], [121.17080199982345, 31.390961000150476], [121.16919600012297, 31.394524000053504], [121.16711300023432, 31.394078999989368], [121.1663809997384, 31.394769999705588], [121.16972099995508, 31.396839000230763], [121.1693209997579, 31.397990999923707], [121.17025199950724, 31.397140000303654], [121.17026300033474, 31.399526999557974], [121.1726009995167, 31.400937999761293], [121.17319900033462, 31.40007199956302], [121.17464000049982, 31.40098300015304], [121.17390099990914, 31.401860999903978], [121.17532299950439, 31.402716000002503], [121.17469899957487, 31.404595000065914], [121.17331900012057, 31.40602599992115], [121.1717839996889, 31.405649000029886], [121.17205200019947, 31.407551999589295], [121.16419299991057, 31.397877999668445], [121.15990600034641, 31.400249999661355], [121.1572249995749, 31.39963000016654], [121.15660799986827, 31.397815999683978], [121.15470600043655, 31.398076000259163], [121.15219299988304, 31.401361000150626], [121.14807700018203, 31.400167000038724], [121.14631599988648, 31.401584999756174], [121.14386300013923, 31.401852000353298], [121.14402299983135, 31.40281799986488], [121.14594599956443, 31.403276000424096], [121.14516200024376, 31.40431699969375], [121.14865900029994, 31.40567199957223], [121.14778699962233, 31.407906999918197], [121.15216499982996, 31.40985499992956], [121.15386899952948, 31.408333999745253], [121.1526029999308, 31.40999199960246], [121.15339399950058, 31.410409999580292], [121.1526890002334, 31.41149499957891], [121.15373499960175, 31.412113999623912], [121.15202400039684, 31.413400999672753], [121.15053700045999, 31.41229800011935], [121.14927499963633, 31.414016000091124], [121.15085199970264, 31.414652999997152], [121.14986399973303, 31.416378999876958], [121.14686300012708, 31.4164200000932], [121.14515000036852, 31.418162000032584], [121.14354199992782, 31.418176999856644], [121.14383599951948, 31.421447999592253], [121.14105399962, 31.422006999812133], [121.14088299962162, 31.423186999987017], [121.1428520001428, 31.423188999587776], [121.1429839997256, 31.424379999777972], [121.1433059999062, 31.423499999669396], [121.14578000039488, 31.424024999855117], [121.14532000042473, 31.42517100023959], [121.14852700012949, 31.426155000054028], [121.14844399968896, 31.42741100006079], [121.15241300006142, 31.428289999931586], [121.1544520002291, 31.4274149995613], [121.15613699987422, 31.427990000231457], [121.15541800046573, 31.429225000429796], [121.15712799953484, 31.430144000119775], [121.15955700000086, 31.42935099979707], [121.15956599990068, 31.43320299977288], [121.15836900051391, 31.433299000401846], [121.15808499949914, 31.43115699990398], [121.15716399996361, 31.43265399975886], [121.15819800009862, 31.433240000445917], [121.15743100011818, 31.434513000286085], [121.15017200005377, 31.434827999819852], [121.14345099999986, 31.43766300027649], [121.14151099971922, 31.439605999647448], [121.14206899958961, 31.439948999796442], [121.14129899969008, 31.441096999843047], [121.14277499947272, 31.441643000257], [121.14167599966638, 31.443450000292472], [121.14263599991284, 31.44543199969134], [121.15643400006917, 31.451460999811577], [121.15702800035378, 31.450559999655262], [121.16100999968309, 31.45244999982897], [121.16086200027685, 31.45159100016567], [121.1626500001536, 31.45051700023048], [121.16433100045558, 31.45211900002254], [121.16860099971643, 31.451176000252932], [121.17610300035933, 31.453811000202457], [121.18091499979943, 31.456587000090053], [121.18003799973, 31.458669000358622], [121.18095999992741, 31.462083999980184], [121.1841440003641, 31.46422399968897], [121.18380299963825, 31.46510700006705], [121.18847699964635, 31.46928800002284], [121.19789499994347, 31.471603999710954], [121.19808300030003, 31.474300000237456], [121.20319600010835, 31.47827400004729], [121.20934700045431, 31.481119999739775], [121.2102569994924, 31.480009000099486], [121.20864999996036, 31.478027000101758], [121.21308699979137, 31.47773600015818], [121.21323699982891, 31.478546999819816], [121.21380299981354, 31.4774259995913]]]}}, {"type": "Feature", "properties": {"NAME": "华亭镇", "idx": 203}, "geometry": {"type": "Polygon", "coordinates": [[[121.30532100046518, 31.48943499988794], [121.30851700007989, 31.482503999811517], [121.3115489997665, 31.48316300024381], [121.3121779994835, 31.478548999834064], [121.31305100043275, 31.47907699985709], [121.31389800048403, 31.477626000353517], [121.3136249996108, 31.4763000002392], [121.30937699965753, 31.47402799966585], [121.31155000039001, 31.472916000299975], [121.312767999905, 31.4702319996061], [121.31572700035704, 31.471017000313523], [121.31621700046747, 31.470221999895376], [121.31558400015923, 31.468689999616494], [121.3122530001032, 31.468211999957273], [121.31305900029383, 31.46630200018521], [121.31064099996792, 31.46464300042605], [121.30927699987001, 31.465807000429344], [121.30591399976964, 31.464825000389673], [121.30635099955275, 31.46385999994093], [121.30461199979027, 31.463358000380705], [121.30549000018385, 31.461292000056485], [121.30217699999486, 31.461640000189497], [121.3018730002973, 31.462599999856305], [121.29838499961303, 31.46248799971896], [121.29820799979393, 31.45834599996738], [121.29907699995468, 31.45844200035904], [121.30007100044145, 31.45652300027236], [121.29694400049264, 31.455876999703282], [121.29795099990774, 31.453347999981112], [121.29599799964114, 31.453548999622903], [121.29371000025813, 31.45233600041616], [121.29279200051238, 31.453477999692918], [121.2878149999313, 31.451629999781524], [121.28774099999482, 31.45015799955367], [121.2864200003911, 31.451288999918493], [121.28454699955994, 31.45098799961882], [121.28485600010812, 31.44955899968536], [121.28237500032482, 31.449931000067203], [121.28258899991448, 31.448728000204344], [121.27940200033713, 31.446737000114233], [121.27862000028661, 31.445192999640046], [121.27967900031298, 31.443684000095434], [121.27580400004454, 31.443851999612544], [121.27660799959096, 31.441831999797746], [121.27576800013577, 31.441571999636768], [121.27605099953854, 31.440513999815266], [121.27093699960814, 31.438414000196868], [121.26985699995724, 31.442186999891213], [121.26868200032494, 31.44193100004242], [121.26806300036178, 31.44409199986374], [121.26917799962028, 31.44427900024603], [121.26879800037146, 31.44566300012864], [121.26751699955334, 31.44606500007567], [121.26435699959677, 31.454221999668743], [121.26180200007525, 31.455600999700252], [121.26290499990112, 31.456140999983006], [121.26231700005587, 31.457157000387507], [121.2598669999991, 31.455629000064963], [121.26043999995983, 31.454626000051803], [121.25833500004964, 31.453824000392636], [121.25897700028428, 31.452439000360997], [121.24598699962671, 31.448171999869114], [121.24503699983775, 31.44950899979165], [121.24345999995828, 31.449039000227106], [121.24608799993239, 31.442588000411636], [121.24532899998337, 31.43997300027901], [121.2437610002356, 31.440527999589968], [121.24528500019088, 31.43830999982123], [121.24458700016304, 31.437995999619623], [121.24543800046173, 31.435793000249404], [121.2423000000627, 31.434513999879204], [121.24196399973638, 31.436150000107144], [121.24089799985303, 31.43638799969007], [121.24001600015957, 31.435150999902298], [121.2389290004121, 31.435876000453632], [121.23768999971956, 31.435390000006088], [121.23708500001116, 31.43681300025715], [121.23787399953727, 31.437974999774067], [121.23565499950969, 31.437585000026743], [121.23368799984053, 31.43935599983852], [121.23033300011693, 31.438145999888498], [121.23010399951937, 31.44048700002629], [121.22929600032292, 31.44154799995283], [121.22859099968949, 31.441201999871478], [121.22803799981209, 31.44337699982971], [121.22647100000914, 31.443536000382746], [121.23026500020022, 31.445806000254034], [121.23151200049965, 31.445194999578167], [121.23118399975392, 31.445862000270115], [121.2325140002992, 31.446542999699556], [121.2312889997326, 31.448257000006922], [121.23289999970625, 31.44886299958463], [121.22891699992253, 31.45280399957889], [121.22769100005091, 31.45219799964723], [121.22632599987709, 31.453867000108428], [121.22030900044575, 31.44971799967666], [121.21791399987974, 31.450252000289126], [121.21537900037477, 31.45644599961675], [121.21703299966217, 31.45790299982849], [121.21662800000198, 31.459794999919588], [121.21402100049156, 31.46141499959759], [121.21322799992834, 31.465937000157297], [121.20938299984297, 31.469265999630018], [121.20958300009929, 31.470978999711612], [121.20750699983185, 31.47457700040193], [121.21624899963736, 31.478570999709227], [121.22021000048328, 31.47814600016005], [121.22223700048829, 31.480436999862924], [121.22533500019253, 31.47946900019504], [121.22563200028696, 31.483326000017993], [121.22374300034562, 31.484566999656348], [121.22798000022614, 31.48985199972877], [121.23045100032932, 31.489979000147287], [121.23031399997802, 31.49531699962846], [121.23255299975632, 31.493810000438987], [121.23698999973138, 31.495469999854585], [121.23625400024649, 31.49275899991195], [121.23783100030342, 31.49210699997579], [121.23891500036174, 31.489432999837096], [121.23850999998565, 31.487477999915388], [121.23984999991148, 31.483294999638964], [121.24343999962949, 31.484059999805382], [121.24345199977614, 31.483167000196804], [121.24169200000149, 31.483072999636413], [121.24107399983147, 31.48188100016478], [121.24249899983822, 31.478961999637683], [121.24513199983515, 31.4799940000695], [121.2463280001099, 31.481712000383233], [121.2487199998, 31.481973000098975], [121.24813200027036, 31.483779000326752], [121.24960599966143, 31.48552200040463], [121.2505789994958, 31.485010999696843], [121.24969500043116, 31.47961600008808], [121.25158200043803, 31.479907999652784], [121.25159299960829, 31.4817750000041], [121.25301300000794, 31.48138299991789], [121.25270099997945, 31.479917000192216], [121.25639499956252, 31.480128999634932], [121.25721999980634, 31.48308699963409], [121.2598140000187, 31.48493500024765], [121.26297800012756, 31.48561299981879], [121.2626129999988, 31.48819099957077], [121.26389500022029, 31.489560000022248], [121.26578399999339, 31.48887800020821], [121.26554100047633, 31.487056000028506], [121.26726100028121, 31.486289000102264], [121.27153000050367, 31.48736299989418], [121.27272300009597, 31.489604000025768], [121.27570199964178, 31.49059199956193], [121.27499899958313, 31.49230099998718], [121.27636399988177, 31.49287500012559], [121.27700199997197, 31.491482000108338], [121.27899800034065, 31.49167000032109], [121.2794230002797, 31.492700999746337], [121.28488299975534, 31.490711999866498], [121.28644399990412, 31.49332299996644], [121.28846999992115, 31.491397000099205], [121.2935319996276, 31.4933139997532], [121.29294300031003, 31.495873000244597], [121.29604600029182, 31.496337000340187], [121.29579799966402, 31.498430000020154], [121.29798499979977, 31.499088000342656], [121.30128400052713, 31.495422999699226], [121.30109700049456, 31.49445699995049], [121.30442600010852, 31.49436500025551], [121.30542499975873, 31.49164899979507], [121.30376600015828, 31.490743000070125], [121.30532100046518, 31.48943499988794]]]}}, {"type": "Feature", "properties": {"NAME": "宝山城市工业园区", "idx": 204}, "geometry": {"type": "Polygon", "coordinates": [[[121.35228500042417, 31.324683000215035], [121.35489900028523, 31.321096000233798], [121.35789200013399, 31.321660000251782], [121.35835199984419, 31.32061999991295], [121.35681500017023, 31.32070299968045], [121.35731599947873, 31.31917200012618], [121.35587099952225, 31.318507000052414], [121.35996599981021, 31.309783999801688], [121.3584610003806, 31.304615999932064], [121.35536999983898, 31.304466000290105], [121.3502879999753, 31.301659999832122], [121.34783199972681, 31.303511000286424], [121.34394100041082, 31.30215599979216], [121.34469100007507, 31.29941000036144], [121.34367899987792, 31.29940000034425], [121.3437289998746, 31.298333000360508], [121.34211099953185, 31.298179000125174], [121.3420340002422, 31.29956300033646], [121.33750199974034, 31.29902999955495], [121.33718600050645, 31.29981599969967], [121.33592199974836, 31.29932600027814], [121.33603600027031, 31.295625999993117], [121.33428800044194, 31.29630099979229], [121.3335079997475, 31.295150000227995], [121.33203399968095, 31.29549200034467], [121.33155700038101, 31.296851000337423], [121.33268399970687, 31.297966999820243], [121.33132500042821, 31.298957000428366], [121.32941900040724, 31.298002999719614], [121.3264830001535, 31.303364000278165], [121.33122900026217, 31.305500000272826], [121.33853200045864, 31.3189860003465], [121.3430059995623, 31.318773999876147], [121.3426830002685, 31.320663999706557], [121.34419699987443, 31.323105000233273], [121.35228500042417, 31.324683000215035]]]}}, {"type": "Feature", "properties": {"NAME": "大场镇", "idx": 205}, "geometry": {"type": "Polygon", "coordinates": [[[121.3994680004888, 31.340343000011053], [121.40184000022394, 31.336868000357466], [121.40290700052604, 31.333083999946393], [121.4058240000304, 31.3338270002713], [121.40443500048605, 31.33983199995765], [121.40715000032493, 31.340241000264243], [121.40935199952438, 31.3312640003696], [121.41251200020014, 31.331715999739274], [121.41459900003225, 31.32963199982115], [121.42170100035389, 31.330218999610306], [121.42138899985873, 31.328607999583657], [121.41812899985281, 31.329351000223912], [121.418583999876, 31.32818699984047], [121.41547599977531, 31.328354999550424], [121.41699000046758, 31.32259400018296], [121.42266599959478, 31.31727900004848], [121.42280299992679, 31.31534900036127], [121.42664700029842, 31.31551700019504], [121.42733700051821, 31.31357500018928], [121.42762699992963, 31.312118999702605], [121.42672200026198, 31.311617000350317], [121.42756600048536, 31.307742999715238], [121.42609899986786, 31.307604999773996], [121.42636600003816, 31.3054440002673], [121.42144700022544, 31.304998999936544], [121.42209899992729, 31.30036199990399], [121.41514599966816, 31.298727000113544], [121.4154350002707, 31.297506999622776], [121.41412499992168, 31.296626000117133], [121.41393899978002, 31.293430999950782], [121.41892500042017, 31.292796000010604], [121.41795800031271, 31.28607199958837], [121.41969600019429, 31.281509999664355], [121.42028900033185, 31.272512000069746], [121.41838400043268, 31.270238999614744], [121.41665400038067, 31.270776000060092], [121.41510000009472, 31.270082999765478], [121.41646500004582, 31.269541000427242], [121.41651600033212, 31.268608999871095], [121.41459000020387, 31.267097000396838], [121.4109580002116, 31.267708999858236], [121.41055600000045, 31.270889999933384], [121.40574799978369, 31.272136000281282], [121.40607399985616, 31.274972999841623], [121.40055699978323, 31.274832999666305], [121.40163399988538, 31.278615999561794], [121.4000029996153, 31.279023999656026], [121.39971300008915, 31.27799499960177], [121.3984269997315, 31.277927999935756], [121.3955650002933, 31.279261000288297], [121.39509800014693, 31.28004000000358], [121.39951200018054, 31.28810699990479], [121.39540599981416, 31.287971000125662], [121.39550599977372, 31.28902500030016], [121.39351400035675, 31.288984000395036], [121.39353100029493, 31.290268999562993], [121.39444999970972, 31.289604000182113], [121.39494700017823, 31.290314999930185], [121.39248099994941, 31.291147000247573], [121.39283899978193, 31.29224400042851], [121.38861099971393, 31.29307400042856], [121.38964199994872, 31.29632599996602], [121.38395900035461, 31.297147999990575], [121.3826000003759, 31.296093000362063], [121.37975399979246, 31.29630100026689], [121.37820699994627, 31.295655000047848], [121.37821999974832, 31.294588000040704], [121.37663900020449, 31.29453500021817], [121.3765520001851, 31.291289000154755], [121.37123399973464, 31.29250399966912], [121.36957499994051, 31.29091799987374], [121.36806699969827, 31.291017999838918], [121.36820099975064, 31.29198199973228], [121.3650980001515, 31.292186999920624], [121.36469000013534, 31.291017000144908], [121.3535039996724, 31.295281000039914], [121.35445299957586, 31.296621000318193], [121.355359999678, 31.29644199994381], [121.35998500008985, 31.30938799977261], [121.35587099952225, 31.318507000052414], [121.35731599947873, 31.31917200012618], [121.35681500017023, 31.32070299968045], [121.35835199984419, 31.32061999991295], [121.35789200013399, 31.321660000251782], [121.35489900028523, 31.321096000233798], [121.35228500042417, 31.324683000215035], [121.35343600048857, 31.325009000356506], [121.3530369997034, 31.325834000037162], [121.35424500035933, 31.32522999994247], [121.36628899952352, 31.329370999611545], [121.36698599957744, 31.327972000139727], [121.37601000027325, 31.330170999904016], [121.3751030004114, 31.33241899983066], [121.37853300008317, 31.333858999963947], [121.37944599948692, 31.331143000269204], [121.38819800017252, 31.333350000199406], [121.38731699984332, 31.335090999636005], [121.39408599958976, 31.337095000122826], [121.39757500006571, 31.340056999588022], [121.3994680004888, 31.340343000011053]]]}}, {"type": "Feature", "properties": {"NAME": "高境镇", "idx": 206}, "geometry": {"type": "Polygon", "coordinates": [[[121.49572500018047, 31.341244000244597], [121.48877499998007, 31.332233999776268], [121.4930099997614, 31.329814000401512], [121.4942809996548, 31.327441000443454], [121.49134399987476, 31.325374999851327], [121.49195100036285, 31.313565999753383], [121.48061800024435, 31.313417999590257], [121.48063999949112, 31.316669999783212], [121.47420899952368, 31.316475000005], [121.46354499981827, 31.31792599979214], [121.46337399983523, 31.32208500018376], [121.46048300038149, 31.321976999875282], [121.4606429996998, 31.3231769996557], [121.45222700021377, 31.32272700033948], [121.44826699991455, 31.320122000058934], [121.44305000019992, 31.318842999790277], [121.44166899996539, 31.321893999860013], [121.44009499960958, 31.322854999983488], [121.44116299956995, 31.323227999548273], [121.44032200000072, 31.324878000187233], [121.4409470003261, 31.32610799985183], [121.44375900036933, 31.327087999767354], [121.44476899998469, 31.325153999775768], [121.44676199981211, 31.32561499969138], [121.44699499949712, 31.326548000396393], [121.45151799987545, 31.328119000122264], [121.45164500026675, 31.33027499994972], [121.45463100011763, 31.330564999644526], [121.45466099980146, 31.32888299988875], [121.45911500021518, 31.32924599961126], [121.46258400007908, 31.33073700018741], [121.46307400007885, 31.33179200007942], [121.46705699972553, 31.332142000401088], [121.46800799957845, 31.33003199980595], [121.47042799981062, 31.330195000188517], [121.4713190004054, 31.334398999974592], [121.47420400023815, 31.33436800028417], [121.47522200003829, 31.332886999752358], [121.47671200026228, 31.333099000232785], [121.47990999959836, 31.336640999878863], [121.48662999999482, 31.332925000109892], [121.49462499951146, 31.34179700006457], [121.49572500018047, 31.341244000244597]]]}}, {"type": "Feature", "properties": {"NAME": "庙行镇", "idx": 207}, "geometry": {"type": "Polygon", "coordinates": [[[121.43175800051226, 31.344652000034305], [121.44116299956995, 31.323227999548273], [121.44009500018561, 31.32316299991806], [121.44070999973883, 31.3218450001345], [121.43186699973488, 31.32139800037162], [121.43167199947732, 31.3226110002616], [121.4288479997069, 31.32268599994103], [121.42849900003644, 31.320528000076244], [121.42755199969301, 31.320632999721912], [121.42969200034396, 31.31433899980185], [121.42733700051821, 31.31357500018928], [121.42664700029842, 31.31551700019504], [121.42280299992679, 31.31534900036127], [121.42266599959478, 31.31727900004848], [121.41699000046758, 31.32259400018296], [121.41547599977531, 31.328354999550424], [121.418583999876, 31.32818699984047], [121.41812899985281, 31.329351000223912], [121.42138899985873, 31.328607999583657], [121.42170100035389, 31.330218999610306], [121.41459900003225, 31.32963199982115], [121.41251200020014, 31.331715999739274], [121.40935199952438, 31.3312640003696], [121.40715000032493, 31.340241000264243], [121.40443500048605, 31.33983199995765], [121.4058240000304, 31.3338270002713], [121.40290700052604, 31.333083999946393], [121.40184000022394, 31.336868000357466], [121.39976299982126, 31.339645000371213], [121.40822099988989, 31.34070299960821], [121.41353499948886, 31.33935100001072], [121.42083100044871, 31.339902000051598], [121.42466600049902, 31.3438419999997], [121.43175800051226, 31.344652000034305]]]}}, {"type": "Feature", "properties": {"NAME": "张庙街道", "idx": 208}, "geometry": {"type": "Polygon", "coordinates": [[[121.44710299976052, 31.353575000393707], [121.4527789997814, 31.341822000439567], [121.45747699984682, 31.33944899960022], [121.45995799998659, 31.330676000339594], [121.4590530003795, 31.32951200013821], [121.45521200039866, 31.328886999922762], [121.45463100011763, 31.330564999644526], [121.45164500026675, 31.33027499994972], [121.45151799987545, 31.328119000122264], [121.44968000002227, 31.32794400041242], [121.44956700040925, 31.326921000131904], [121.44476899998469, 31.325153999775768], [121.44375900036933, 31.327087999767354], [121.4409470003261, 31.32610799985183], [121.44032200000072, 31.324878000187233], [121.43175800051226, 31.344652000034305], [121.43389099985903, 31.347536000094387], [121.4385069995476, 31.34736599981928], [121.44194599988302, 31.348709999746887], [121.44710299976052, 31.353575000393707]]]}}, {"type": "Feature", "properties": {"NAME": "淞南镇", "idx": 209}, "geometry": {"type": "Polygon", "coordinates": [[[121.48889699987856, 31.359796999814], [121.49182200035445, 31.35353600018513], [121.49648899957175, 31.355186000306897], [121.49736199951295, 31.353258999942135], [121.50081600040812, 31.354097000053873], [121.50531600046385, 31.357563000198834], [121.52077800015218, 31.34879200043133], [121.51821400040373, 31.34452700014237], [121.51566600006204, 31.345629999600842], [121.51300800022128, 31.342612999792607], [121.5009840004455, 31.347871999627955], [121.49572500018047, 31.341244000244597], [121.49462499951146, 31.34179700006457], [121.48662999999482, 31.332925000109892], [121.47990999959836, 31.336640999878863], [121.47671200026228, 31.333099000232785], [121.47522200003829, 31.332886999752358], [121.47420400023815, 31.33436800028417], [121.4713190004054, 31.334398999974592], [121.47042799981062, 31.330195000188517], [121.46800799957845, 31.33003199980595], [121.46705699972553, 31.332142000401088], [121.46434299970882, 31.332034999685256], [121.45911500021518, 31.32924599961126], [121.45995799998659, 31.330676000339594], [121.45750599968086, 31.33938600018045], [121.45205299955529, 31.34275399968608], [121.44710299976052, 31.353575000393707], [121.44850700021208, 31.355204999598765], [121.45501899985591, 31.356190999606092], [121.45986399954823, 31.35916200030042], [121.46844299974566, 31.360968999993702], [121.47734399997888, 31.366060000090513], [121.47949399974478, 31.365833000272595], [121.48261099980283, 31.360378000377917], [121.48646000029228, 31.36134000030112], [121.48889699987856, 31.359796999814]]]}}, {"type": "Feature", "properties": {"NAME": "顾村镇", "idx": 210}, "geometry": {"type": "Polygon", "coordinates": [[[121.41083399987814, 31.386306000429023], [121.41218099961955, 31.387056000261612], [121.4168360002371, 31.376621000308177], [121.41458600011627, 31.37547399995309], [121.41502700007378, 31.37435799989452], [121.41190999962492, 31.373482000139383], [121.41451400047005, 31.368219000182506], [121.40874700046511, 31.3655569996377], [121.4112270000691, 31.360740000191083], [121.41377699958592, 31.36250299960915], [121.41518600035363, 31.359995000095093], [121.41185199972912, 31.357128000146822], [121.41204699993197, 31.356195000361993], [121.42480300004709, 31.358054999748184], [121.42670800007693, 31.358015000067248], [121.42796700016527, 31.356639999659926], [121.42922600046016, 31.35698400024498], [121.42967000038914, 31.352718999664233], [121.43203999963141, 31.353548000394998], [121.4329900004502, 31.351653000011417], [121.43157700048803, 31.350696000118255], [121.43389099985903, 31.347536000094387], [121.43188599998311, 31.34473800002374], [121.42854400031761, 31.34368399981802], [121.42466600049902, 31.3438419999997], [121.42083100044871, 31.339902000051598], [121.41353499948886, 31.33935100001072], [121.40822099988989, 31.34070299960821], [121.39777300050567, 31.34014200002456], [121.39425499949573, 31.337172999737977], [121.38731699984332, 31.335090999636005], [121.38819800017252, 31.333350000199406], [121.37944599948692, 31.331143000269204], [121.37853300008317, 31.333858999963947], [121.3751030004114, 31.33241899983066], [121.37601000027325, 31.330170999904016], [121.36698599957744, 31.327972000139727], [121.36628899952352, 31.329370999611545], [121.35424500035933, 31.32522999994247], [121.3530369997034, 31.325834000037162], [121.35343600048857, 31.325009000356506], [121.34892199962708, 31.32372799961682], [121.34067000033343, 31.32273100017882], [121.34001900014725, 31.325504000262324], [121.34265199962573, 31.326047000314148], [121.33815700033833, 31.33160200032145], [121.33867999969304, 31.33189900025327], [121.33747099998652, 31.33293800019227], [121.33855799968407, 31.33371499965683], [121.33679099998793, 31.33527199964406], [121.33798099999618, 31.337993000043014], [121.34129999951799, 31.33818199954715], [121.33960800019257, 31.343838000094998], [121.33758100043816, 31.343160000190426], [121.33438200046673, 31.34687899997791], [121.33285399973006, 31.346413999767396], [121.33182800047811, 31.348681000364685], [121.3278739998599, 31.34887800037547], [121.32750899999559, 31.35293900030118], [121.33081100008322, 31.35294800035222], [121.33149600007081, 31.35456100018264], [121.33294999980926, 31.35517499997067], [121.33240299970004, 31.357861000232763], [121.33684400044977, 31.359830999797325], [121.3301769996336, 31.36896400000976], [121.32992799971915, 31.369948000052798], [121.33155900019698, 31.370645000327688], [121.33115500038217, 31.371909000373083], [121.33311199975235, 31.372555000243334], [121.33371299985798, 31.371075000414816], [121.33876900034744, 31.372695000396025], [121.3379749996142, 31.374576000139413], [121.34090399988094, 31.376485999592482], [121.34173699971052, 31.374898999557995], [121.34293900016615, 31.375490000274823], [121.3438799998734, 31.373943999852337], [121.34591899949127, 31.37424199977439], [121.3468869994883, 31.37048200029275], [121.34907299999207, 31.370646999843295], [121.34908200013098, 31.369663999665484], [121.35060599997263, 31.36870100003833], [121.35419599948395, 31.368971000016447], [121.35395899986035, 31.37166299995091], [121.35942100004517, 31.37438199963066], [121.3622850002255, 31.375399000294788], [121.36607200038662, 31.374706000360238], [121.37239499966606, 31.37705300031659], [121.37277999982932, 31.37585999998344], [121.37962700000469, 31.378410000157565], [121.3806050002761, 31.379086999778576], [121.3791720003527, 31.380759000234896], [121.38134899994338, 31.38195600032948], [121.38051299955183, 31.383536000304073], [121.38205700039354, 31.384067000396335], [121.38274999955023, 31.38291000021484], [121.38699599960191, 31.38414299999004], [121.38881000034002, 31.3805799997796], [121.40612099966023, 31.386659000249466], [121.41046800044982, 31.387437999577195], [121.41083399987814, 31.386306000429023]]]}}, {"type": "Feature", "properties": {"NAME": "吴淞镇街道", "idx": 211}, "geometry": {"type": "Polygon", "coordinates": [[[121.50787700020625, 31.394286000418525], [121.51149499992106, 31.39037000031162], [121.5044409997556, 31.385009000432287], [121.50097299948573, 31.3805409998159], [121.49888300017523, 31.37269099962164], [121.49985099950752, 31.364719000444577], [121.50124700018233, 31.361622000199706], [121.50531600046385, 31.357563000198834], [121.50081600040812, 31.354097000053873], [121.49736199951295, 31.353258999942135], [121.49648899957175, 31.355186000306897], [121.49182200035445, 31.35353600018513], [121.48820099960552, 31.360582000125888], [121.48586800013757, 31.361379000225856], [121.48261099980283, 31.360378000377917], [121.47949399974478, 31.365833000272595], [121.47734399997888, 31.366060000090513], [121.47908700018951, 31.37228100011518], [121.47707099963634, 31.375960000429984], [121.47797500000439, 31.379346000080226], [121.47711599979405, 31.38144499962082], [121.48320300028668, 31.384192000070612], [121.48062699971457, 31.388326000346055], [121.49479300036145, 31.395047999666613], [121.50059699990759, 31.39699199991388], [121.50144600042313, 31.39569099991061], [121.50724399972626, 31.3988769997925], [121.50787700020625, 31.394286000418525]]]}}, {"type": "Feature", "properties": {"NAME": "杨行镇", "idx": 212}, "geometry": {"type": "Polygon", "coordinates": [[[121.46368899986149, 31.411039000421688], [121.46555099998538, 31.409258999941443], [121.46762300001927, 31.402360999842113], [121.46986800040798, 31.399078999966964], [121.46945799979497, 31.39766299979267], [121.47289599969653, 31.393011999914172], [121.47328199965187, 31.390510000432155], [121.47630600003568, 31.388970000009852], [121.47518999955659, 31.38719699976402], [121.47262400006383, 31.38578399969304], [121.4766370001396, 31.38239900043542], [121.47791999948357, 31.379785999746613], [121.47707099963634, 31.375960000429984], [121.47908700018951, 31.37228100011518], [121.47779400013481, 31.3671619998131], [121.47734399997888, 31.366060000090513], [121.46844299974566, 31.360968999993702], [121.45986399954823, 31.35916200030042], [121.45501899985591, 31.356190999606092], [121.44935199965131, 31.355723999746342], [121.44194599988302, 31.348709999746887], [121.4385069995476, 31.34736599981928], [121.43389099985903, 31.347536000094387], [121.43157700048803, 31.350696000118255], [121.4329900004502, 31.351653000011417], [121.43203999963141, 31.353548000394998], [121.42967000038914, 31.352718999664233], [121.42922600046016, 31.35698400024498], [121.42748299981731, 31.35675799992861], [121.42670800007693, 31.358015000067248], [121.41204699993197, 31.356195000361993], [121.41185199972912, 31.357128000146822], [121.41518600035363, 31.359995000095093], [121.41377699958592, 31.36250299960915], [121.4112270000691, 31.360740000191083], [121.40874700046511, 31.3655569996377], [121.41451400047005, 31.368219000182506], [121.41190999962492, 31.373482000139383], [121.41502700007378, 31.37435799989452], [121.41458600011627, 31.37547399995309], [121.4168360002371, 31.376621000308177], [121.41327399975344, 31.38523900011754], [121.41218099961955, 31.387056000261612], [121.41083900044583, 31.386286000425102], [121.41046800044982, 31.387437999577195], [121.39569100013176, 31.38290299980872], [121.39598700021563, 31.384516999711455], [121.39473000037086, 31.3843110000344], [121.39426799962689, 31.38548799998463], [121.39230499995948, 31.384429000342383], [121.39258000030462, 31.386167999628544], [121.39180499979555, 31.38620600010392], [121.3910800000217, 31.388781000197056], [121.39211499996966, 31.389128999667847], [121.39151699981522, 31.39014700005932], [121.39234099976993, 31.39236100004065], [121.39061800048088, 31.39414099988275], [121.38820600036176, 31.39339999956124], [121.3871589999832, 31.396160999735592], [121.38620100022243, 31.395846999801122], [121.38592999975278, 31.39859900011328], [121.38701900039986, 31.39930000013958], [121.38574999973913, 31.399596999829843], [121.38515200049143, 31.40272900038995], [121.39003800050953, 31.403028999745917], [121.38916300040935, 31.404993000199394], [121.3899650000012, 31.405368999870255], [121.39168799965634, 31.40275199983655], [121.3940979997584, 31.404162999662834], [121.3942449997272, 31.40644799975677], [121.40684199971776, 31.409814000120615], [121.4134489998059, 31.413100999550306], [121.41468599994037, 31.411156000331893], [121.41433899969208, 31.409585000069704], [121.4176859994982, 31.40975300032824], [121.41801600041968, 31.408310999893917], [121.41673799972577, 31.407251999954305], [121.41736099990968, 31.405524000346766], [121.41845000047994, 31.405859999893767], [121.41881099996571, 31.40399000016102], [121.41966699967338, 31.404262000241513], [121.41980599988919, 31.4023060000683], [121.41913800015189, 31.40214899971222], [121.41927699975285, 31.40135699972801], [121.420063000117, 31.40188200026072], [121.41989400002315, 31.399319999752713], [121.42255500016468, 31.40199800016044], [121.42733700029689, 31.404309000294802], [121.42742700028771, 31.405644000274712], [121.43472099986992, 31.40663800042657], [121.43495299965593, 31.41001700033682], [121.44097399992778, 31.410110999955094], [121.44248399953004, 31.40747099972551], [121.44397299984249, 31.40763099974141], [121.44576700000606, 31.405147000047677], [121.44713399989773, 31.408521999975065], [121.44860500037505, 31.408959999664397], [121.44800400048115, 31.41141200005317], [121.46261800022658, 31.414673000353655], [121.46368899986149, 31.411039000421688]]]}}, {"type": "Feature", "properties": {"NAME": "友谊街道", "idx": 213}, "geometry": {"type": "Polygon", "coordinates": [[[121.4890689997376, 31.41615500011084], [121.49243600038292, 31.410838000254934], [121.4985669999412, 31.40561199958294], [121.50192300048438, 31.404862000250642], [121.50724399972626, 31.3988769997925], [121.50144600042313, 31.39569099991061], [121.50059699990759, 31.39699199991388], [121.49479300036145, 31.395047999666613], [121.48070199963301, 31.388369999748512], [121.48320300028668, 31.384192000070612], [121.47711599979405, 31.38144499962082], [121.4726820000203, 31.385612999937777], [121.47630600003568, 31.388970000009852], [121.47372200011392, 31.38989300033591], [121.47289599969653, 31.393011999914172], [121.4703869996843, 31.395601999703427], [121.4698259997079, 31.399188999958437], [121.46762300001927, 31.402360999842113], [121.46555099998538, 31.409258999941443], [121.46279099998448, 31.412451999948598], [121.46261800022658, 31.414673000353655], [121.47866300010489, 31.422495000027528], [121.49089299983555, 31.42122499984369], [121.4915380001889, 31.417546999736636], [121.4890689997376, 31.41615500011084]]]}}, {"type": "Feature", "properties": {"NAME": "罗店镇", "idx": 214}, "geometry": {"type": "Polygon", "coordinates": [[[121.37217800002989, 31.44164400029876], [121.37295199949841, 31.437517999725358], [121.37840800042721, 31.43836000038499], [121.38408700012978, 31.436540999634342], [121.38683499990393, 31.43354599962406], [121.38552400050482, 31.432837000198397], [121.38708400015601, 31.430610000151596], [121.38216899998687, 31.42877600017811], [121.38355199987998, 31.427020999842416], [121.3850369995363, 31.426932999848837], [121.38695500006833, 31.424210000294938], [121.38678199949531, 31.422932000248665], [121.38424500024783, 31.42237700019392], [121.38516199959862, 31.418885000190315], [121.38229400050558, 31.419055000206654], [121.38194700004783, 31.420801000273794], [121.38053600022734, 31.421375999867898], [121.37958899989363, 31.416798000376822], [121.37734699956607, 31.415966000251544], [121.37779099994616, 31.414604000145793], [121.37967299952224, 31.414447000335752], [121.38033700041659, 31.413346000274124], [121.37862800027389, 31.412386999806678], [121.37574700013921, 31.412770000128194], [121.37519600049512, 31.411539999610667], [121.37329099978203, 31.411210000015828], [121.3766529999815, 31.40455399962709], [121.37848100046847, 31.404366000300847], [121.37913200008103, 31.402590999553766], [121.38515200049143, 31.40272900038995], [121.38574999973913, 31.399596999829843], [121.38701900039986, 31.39930000013958], [121.38592999975278, 31.39859900011328], [121.38620100022243, 31.395846999801122], [121.3871589999832, 31.396160999735592], [121.38820600036176, 31.39339999956124], [121.39152599978713, 31.393768000200435], [121.39234099976993, 31.39236100004065], [121.39151699981522, 31.39014700005932], [121.39211499996966, 31.389128999667847], [121.3910800000217, 31.388781000197056], [121.39180499979555, 31.38620600010392], [121.39258000030462, 31.386167999628544], [121.3920699996076, 31.385081999865513], [121.39230499995948, 31.384429000342383], [121.39426799962689, 31.38548799998463], [121.39473000037086, 31.3843110000344], [121.39598700021563, 31.384516999711455], [121.39569100013176, 31.38290299980872], [121.38881000034002, 31.3805799997796], [121.38699599960191, 31.38414299999004], [121.38274999955023, 31.38291000021484], [121.38205700039354, 31.384067000396335], [121.38051299955183, 31.383536000304073], [121.38134899994338, 31.38195600032948], [121.3791720003527, 31.380759000234896], [121.3806050002761, 31.379086999778576], [121.37962700000469, 31.378410000157565], [121.37277999982932, 31.37585999998344], [121.37239499966606, 31.37705300031659], [121.36607200038662, 31.374706000360238], [121.3622850002255, 31.375399000294788], [121.35942100004517, 31.37438199963066], [121.35395899986035, 31.37166299995091], [121.35419599948395, 31.368971000016447], [121.35060599997263, 31.36870100003833], [121.34908200013098, 31.369663999665484], [121.34907299999207, 31.370646999843295], [121.3468869994883, 31.37048200029275], [121.34591899949127, 31.37424199977439], [121.3438799998734, 31.373943999852337], [121.34293900016615, 31.375490000274823], [121.34173699971052, 31.374898999557995], [121.34090399988094, 31.376485999592482], [121.3379749996142, 31.374576000139413], [121.33876900034744, 31.372695000396025], [121.33793300035202, 31.372357999882873], [121.33371299985798, 31.371075000414816], [121.33311199975235, 31.372555000243334], [121.33115500038217, 31.371909000373083], [121.32937800034581, 31.372512000216695], [121.32852900034645, 31.373067000257198], [121.32925199981698, 31.374723999547232], [121.32401500051388, 31.37922999979074], [121.326358999806, 31.38022500009798], [121.32594700034268, 31.38110100015607], [121.32683999957025, 31.38155699977141], [121.32614400021887, 31.382572999647138], [121.32185699977019, 31.38279500028465], [121.31830600016295, 31.39034599993186], [121.31567199984204, 31.391004000029415], [121.31853299958779, 31.39524800033118], [121.31806399987991, 31.397832000234054], [121.31694700037679, 31.39767799992745], [121.31661900048454, 31.39945199975792], [121.31277900006019, 31.399257000334206], [121.3097630002499, 31.400716000309163], [121.31096200017923, 31.40207399982433], [121.31088400038449, 31.404697000241047], [121.31257000021401, 31.40553399977673], [121.31134300040127, 31.40770299966936], [121.30982100014734, 31.407437000302775], [121.31073099966365, 31.407941000209707], [121.30935499954796, 31.40900499993349], [121.32361200023276, 31.413715999899917], [121.3256350004451, 31.41218799977561], [121.32831799997041, 31.41253500005411], [121.32763700014893, 31.415063000310226], [121.32915400047166, 31.415635999856654], [121.32862499977995, 31.417145000215598], [121.32720300045456, 31.41733600039239], [121.32746100028774, 31.418742000005743], [121.33019700017842, 31.420036999995865], [121.32979599959731, 31.421367999907403], [121.33263000033561, 31.421118999947435], [121.33153200046328, 31.426206999589194], [121.33286299963058, 31.426496999770944], [121.33123299947997, 31.42718799987661], [121.33042200013303, 31.430241000307227], [121.37122599963077, 31.442392999572036], [121.37217800002989, 31.44164400029876]]]}}, {"type": "Feature", "properties": {"NAME": "月浦镇", "idx": 215}, "geometry": {"type": "Polygon", "coordinates": [[[121.40287200013871, 31.47421499964341], [121.40409799985024, 31.47123299978115], [121.41261699987942, 31.4664260004042], [121.41353500047755, 31.46387699983468], [121.43465400036199, 31.45353799993398], [121.43815300048472, 31.448240000387173], [121.44882999995029, 31.43753800031055], [121.45160500001427, 31.438466000419663], [121.45637199971938, 31.434129000340512], [121.4718250001518, 31.425298000200165], [121.47442000026628, 31.422714000443477], [121.46996199954674, 31.420054000430966], [121.46894299949034, 31.420488999847585], [121.46994699987947, 31.418684000159107], [121.46577600014037, 31.415941999802758], [121.45933499977295, 31.413383999663225], [121.44800400048115, 31.41141200005317], [121.44860500037505, 31.408959999664397], [121.44647800043828, 31.40761600023022], [121.44612099971336, 31.40526900010314], [121.444812999884, 31.405553999735385], [121.44397299984249, 31.40763099974141], [121.44248399953004, 31.40747099972551], [121.44097399992778, 31.410110999955094], [121.43495299965593, 31.41001700033682], [121.43472099986992, 31.40663800042657], [121.42742700028771, 31.405644000274712], [121.42733700029689, 31.404309000294802], [121.42255500016468, 31.40199800016044], [121.41989400002315, 31.399319999752713], [121.420063000117, 31.40188200026072], [121.41927699975285, 31.40135699972801], [121.41913800015189, 31.40214899971222], [121.41980599988919, 31.4023060000683], [121.41966699967338, 31.404262000241513], [121.41881099996571, 31.40399000016102], [121.41845000047994, 31.405859999893767], [121.41736099990968, 31.405524000346766], [121.41673799972577, 31.407251999954305], [121.41801600041968, 31.408310999893917], [121.4176859994982, 31.40975300032824], [121.41433899969208, 31.409585000069704], [121.41468599994037, 31.411156000331893], [121.4134489998059, 31.413100999550306], [121.40684199971776, 31.409814000120615], [121.3942449997272, 31.40644799975677], [121.3940979997584, 31.404162999662834], [121.3915290005193, 31.40269699973706], [121.3899650000012, 31.405368999870255], [121.38916300040935, 31.404993000199394], [121.39003800050953, 31.403028999745917], [121.37913200008103, 31.402590999553766], [121.37848100046847, 31.404366000300847], [121.3766529999815, 31.40455399962709], [121.37329099978203, 31.411210000015828], [121.37519600049512, 31.411539999610667], [121.37574700013921, 31.412770000128194], [121.37862800027389, 31.412386999806678], [121.38033700041659, 31.413346000274124], [121.37967299952224, 31.414447000335752], [121.37779099994616, 31.414604000145793], [121.37734699956607, 31.415966000251544], [121.37958899989363, 31.416798000376822], [121.38053600022734, 31.421375999867898], [121.38194700004783, 31.420801000273794], [121.38229400050558, 31.419055000206654], [121.38516199959862, 31.418885000190315], [121.38424500024783, 31.42237700019392], [121.38678199949531, 31.422932000248665], [121.38695500006833, 31.424210000294938], [121.3850369995363, 31.426932999848837], [121.38355199987998, 31.427020999842416], [121.38216899998687, 31.42877600017811], [121.38708400015601, 31.430610000151596], [121.38552400050482, 31.432837000198397], [121.3869029999104, 31.433259999803035], [121.38360900004366, 31.436784999957368], [121.37840800042721, 31.43836000038499], [121.37295199949841, 31.437517999725358], [121.37146199973816, 31.442432000407674], [121.37430599999688, 31.44321500033824], [121.37731100018873, 31.448697000446412], [121.39852000043159, 31.458258000421623], [121.39801600011572, 31.45906400008936], [121.38007400010345, 31.464499999737022], [121.37699400031089, 31.4665630004081], [121.37909999969429, 31.467829999670712], [121.37611600045311, 31.470255000027702], [121.37952300012267, 31.47269000020889], [121.38058399971983, 31.47703799989613], [121.39095699979019, 31.474901999561677], [121.39459099988572, 31.47952900043458], [121.39698499985407, 31.478791000096113], [121.39713200034427, 31.477716000163625], [121.39499499999042, 31.474218000257263], [121.39789300005008, 31.47733599980326], [121.40287200013871, 31.47421499964341]]]}}, {"type": "Feature", "properties": {"NAME": "罗泾镇", "idx": 216}, "geometry": {"type": "Polygon", "coordinates": [[[121.36668200012637, 31.49367499988523], [121.38747600014847, 31.48248399976864], [121.38873399987747, 31.479797000159543], [121.38945299976434, 31.479938999662906], [121.38942099990876, 31.478416000236013], [121.39164699972284, 31.481100999676478], [121.39459099988572, 31.47952900043458], [121.39095699979019, 31.474901999561677], [121.38058399971983, 31.47703799989613], [121.37952300012267, 31.47269000020889], [121.37611600045311, 31.470255000027702], [121.37909999969429, 31.467829999670712], [121.37699400031089, 31.4665630004081], [121.38007400010345, 31.464499999737022], [121.39801600011572, 31.45906400008936], [121.39852000043159, 31.458258000421623], [121.37731100018873, 31.448697000446412], [121.37346799957962, 31.442621000370018], [121.33042200013303, 31.430241000307227], [121.33009199953833, 31.431053000163164], [121.33176400029033, 31.43165800003939], [121.33186299983404, 31.434715000008776], [121.32938899950231, 31.439201999638843], [121.32918199989223, 31.441699000020577], [121.32377799958843, 31.44234100033456], [121.3214310001075, 31.450415999960995], [121.32260899950232, 31.4505999995847], [121.3220800001295, 31.453002999893478], [121.32073700049939, 31.452900000299966], [121.31921400052238, 31.456998000033476], [121.31509800045797, 31.456721999691833], [121.3138139998727, 31.45885099975046], [121.3156590000077, 31.4592039999022], [121.31286500013482, 31.462011999655324], [121.31472800031628, 31.463698999918492], [121.31451799959163, 31.464505999571994], [121.31298599981986, 31.4642339998803], [121.3122530001032, 31.468211999957273], [121.31558400015923, 31.468689999616494], [121.31621700046747, 31.470221999895376], [121.31572700035704, 31.471017000313523], [121.312767999905, 31.4702319996061], [121.31155000039001, 31.472916000299975], [121.30934700044041, 31.47410099995127], [121.31393800033257, 31.47666599978633], [121.31309800000807, 31.47904300033305], [121.3121779994835, 31.478548999834064], [121.31191499970095, 31.48257000038802], [121.3112769996136, 31.483247000304733], [121.30895399991196, 31.482373000225483], [121.30752100032663, 31.48359700029321], [121.30565999990105, 31.488818000032367], [121.30376600015828, 31.490743000070125], [121.30542499975873, 31.49164899979507], [121.30442600010852, 31.49436500025551], [121.30109700049456, 31.49445699995049], [121.29954000044067, 31.497985000329997], [121.29814100016443, 31.499107000101308], [121.2962639995641, 31.49873000035648], [121.29536599947588, 31.500362000130906], [121.29605199979822, 31.500673999920746], [121.29630900051016, 31.49975199983171], [121.29775799999092, 31.50048099989555], [121.29528199997543, 31.501860000431005], [121.2962229998532, 31.50235400040367], [121.29754599982782, 31.50100900041007], [121.29640300020327, 31.503479999774616], [121.29779599979305, 31.504683999782518], [121.30000300003715, 31.50418299981818], [121.30103499982737, 31.505412999934148], [121.30055200040725, 31.507639999701187], [121.30295700004157, 31.50731499971877], [121.3034839996967, 31.506377999922766], [121.30586600051892, 31.507857999856522], [121.30707200027639, 31.50678099955962], [121.3072469994919, 31.504521000376656], [121.30888500020822, 31.50411799998611], [121.30869700000926, 31.50266300016801], [121.3106370002768, 31.503281999559334], [121.31177599988406, 31.507657999954564], [121.31527199988247, 31.507792999908038], [121.31516099954379, 31.506789000379317], [121.31720899994987, 31.505257999573985], [121.31511200019516, 31.504846999946814], [121.31516500024277, 31.50152600014504], [121.31872599955337, 31.501394000334965], [121.31806800049719, 31.504471999565165], [121.31995700037413, 31.504882000200595], [121.31968399989103, 31.50602200033338], [121.32054700002199, 31.506145999772155], [121.32085800021461, 31.505053000089042], [121.32230499952887, 31.50541799992582], [121.3220780000844, 31.506282999920348], [121.32451799978732, 31.50609599970304], [121.33161200007274, 31.51063699965484], [121.34222700028575, 31.50644799986117], [121.35206499982108, 31.504479999907954], [121.35275999985316, 31.50314199955023], [121.35896000021154, 31.50116600022344], [121.36668200012637, 31.49367499988523]]]}}, {"type": "Feature", "properties": {"NAME": "江川路街道", "idx": 217}, "geometry": {"type": "Polygon", "coordinates": [[[121.43126400051138, 31.035031999973587], [121.44344199970745, 31.00929899974147], [121.4368859996146, 31.00841699972983], [121.43222499956563, 31.00606600009892], [121.4247799997985, 30.999626000412864], [121.41495500012563, 30.99473900006152], [121.40459900011997, 30.9919630000121], [121.3859709995528, 30.989264000157636], [121.34649299998904, 30.978038000198477], [121.34415900050308, 30.990667000125704], [121.34601499960732, 30.991699000314238], [121.34795399990928, 30.995409000192247], [121.35412300033335, 30.997860000084167], [121.3566220005147, 30.99769000016091], [121.36459899978189, 31.00001100025345], [121.36463800042722, 31.001527000162614], [121.36315799983151, 31.00213399976363], [121.36558100049868, 31.002787999818352], [121.36415400011833, 31.00640000012775], [121.36678399993566, 31.007101999706602], [121.36615499961667, 31.008704999660562], [121.3633349997758, 31.007638000177923], [121.36273499992141, 31.009182999665622], [121.34951300048081, 31.005326999597795], [121.34800399983138, 31.00888799999568], [121.36423099979059, 31.013558000175276], [121.36304700048512, 31.016586000242878], [121.36556500034033, 31.01744799967131], [121.43126400051138, 31.035031999973587]]]}}, {"type": "Feature", "properties": {"NAME": "马桥镇", "idx": 218}, "geometry": {"type": "Polygon", "coordinates": [[[121.35311300044914, 31.065919000045117], [121.36394099987128, 31.04275100042567], [121.37559100041004, 31.047768999837427], [121.37565099956899, 31.04959400035376], [121.37695900029385, 31.050301999714392], [121.37569399972078, 31.05191200041891], [121.38089799973079, 31.053682000371303], [121.3863959994847, 31.041186000364483], [121.39522999977056, 31.02528000013025], [121.36304700048512, 31.016586000242878], [121.36423099979059, 31.013558000175276], [121.34800399983138, 31.00888799999568], [121.34951300048081, 31.005326999597795], [121.36273499992141, 31.009182999665622], [121.3633349997758, 31.007638000177923], [121.36615499961667, 31.008704999660562], [121.36678399993566, 31.007101999706602], [121.36415400011833, 31.00640000012775], [121.36558100049868, 31.002787999818352], [121.36315799983151, 31.00213399976363], [121.36463800042722, 31.001527000162614], [121.36459899978189, 31.00001100025345], [121.3566220005147, 30.99769000016091], [121.35412300033335, 30.997860000084167], [121.34795399990928, 30.995409000192247], [121.34601499960732, 30.991699000314238], [121.34415900050308, 30.990667000125704], [121.34649299998904, 30.978038000198477], [121.33918000041741, 30.978359999782683], [121.3280110000364, 30.982983999693605], [121.32247600041408, 30.982740000252086], [121.32130599958982, 30.98539600034921], [121.3224810003207, 30.99724699968642], [121.32605299969869, 30.99912400007292], [121.33038500022855, 31.00390399968563], [121.33377200004091, 31.00846299989346], [121.33503700001431, 31.011898000029092], [121.3388940001783, 31.016113000020187], [121.33781599966751, 31.01653399960492], [121.33630599991676, 31.015440999795516], [121.32822799960637, 31.016437999808463], [121.3290710003116, 31.017887999990496], [121.32844099965678, 31.023191999554733], [121.32919399948854, 31.02559000038752], [121.328528000235, 31.026434999959502], [121.32926100017129, 31.029225999692006], [121.32850200004225, 31.03233900030497], [121.32937199961718, 31.033588000410393], [121.32893900041658, 31.042342000099076], [121.3308499997402, 31.049862999900945], [121.33027099970654, 31.06501799999711], [121.33154100050523, 31.06529400005204], [121.331927000201, 31.063961000055883], [121.33323800035339, 31.063581000129616], [121.33693100025258, 31.065310999815463], [121.33772599975403, 31.060994000024554], [121.34817499977804, 31.063597000434406], [121.35311300044914, 31.065919000045117]]]}}, {"type": "Feature", "properties": {"NAME": "莘庄工业区", "idx": 219}, "geometry": {"type": "Polygon", "coordinates": [[[121.38278200013103, 31.096565000016366], [121.38869099964957, 31.08797600001776], [121.3924239995518, 31.07965800002283], [121.3840569995597, 31.07651000008642], [121.38442900048926, 31.07562999986841], [121.37720199989296, 31.074366999715096], [121.37956200006064, 31.06876400033887], [121.38253999960953, 31.069273999602657], [121.38500499970431, 31.06377300026974], [121.38594800032263, 31.064080000022813], [121.38709000046268, 31.061416000287277], [121.39278500047115, 31.06300200040313], [121.39393200038417, 31.059172000190603], [121.39535499991786, 31.059503000141284], [121.39708900029342, 31.055139000167333], [121.40090400004762, 31.056248999757155], [121.40141899961617, 31.057225000227525], [121.40299899974926, 31.05310799968319], [121.38961299949646, 31.04837899965711], [121.39273900043571, 31.04188700023241], [121.38720799948958, 31.03985699963023], [121.38089799973079, 31.053682000371303], [121.37569399972078, 31.05191200041891], [121.37695900029385, 31.050301999714392], [121.37565099956899, 31.04959400035376], [121.37559100041004, 31.047768999837427], [121.36394099987128, 31.04275100042567], [121.35182099955793, 31.068835000286327], [121.35869599955474, 31.070676999780122], [121.35839200039145, 31.0715560001148], [121.35940099954259, 31.07196900042073], [121.35707799973096, 31.074827000005456], [121.35927099999982, 31.076012999647308], [121.35871500008751, 31.07834799990216], [121.36412099973329, 31.081244000216234], [121.36526100020811, 31.080049000346882], [121.36710999993699, 31.080852999867634], [121.3663829997571, 31.08488499963513], [121.3618220001069, 31.092999000341084], [121.36814200000399, 31.09487400014895], [121.36938400050545, 31.09257000002925], [121.38278200013103, 31.096565000016366]]]}}, {"type": "Feature", "properties": {"NAME": "颛桥镇", "idx": 220}, "geometry": {"type": "Polygon", "coordinates": [[[121.40442300023855, 31.10294099982608], [121.40905400035437, 31.091605000184828], [121.40830100031768, 31.08980399984049], [121.40994999953348, 31.090276999685255], [121.41014700015936, 31.089121999932868], [121.41432299949757, 31.090102000219332], [121.42345800050379, 31.07333199985416], [121.42191099952215, 31.07266599978129], [121.42168399972579, 31.071372999701914], [121.4225699999391, 31.071424999795077], [121.42336200013027, 31.069756000269397], [121.42019499962359, 31.069027999544698], [121.42162199961312, 31.06384199999789], [121.42025100032335, 31.063274999865744], [121.42198100026974, 31.062431999654148], [121.42817399989836, 31.04964999998194], [121.42434300029367, 31.048081999575746], [121.42527799991483, 31.04053399977211], [121.42714000048728, 31.040957999951647], [121.43126400051138, 31.035031999973587], [121.39522999977056, 31.02528000013025], [121.38720799948958, 31.03985699963023], [121.39273900043571, 31.04188700023241], [121.38961299949646, 31.04837899965711], [121.40299899974926, 31.05310799968319], [121.40224300045894, 31.05523199990161], [121.40141899961617, 31.057225000227525], [121.40090400004762, 31.056248999757155], [121.39708900029342, 31.055139000167333], [121.39535499991786, 31.059503000141284], [121.39393200038417, 31.059172000190603], [121.39278500047115, 31.06300200040313], [121.38709000046268, 31.061416000287277], [121.38594800032263, 31.064080000022813], [121.38500499970431, 31.06377300026974], [121.38253999960953, 31.069273999602657], [121.37956200006064, 31.06876400033887], [121.37720199989296, 31.074366999715096], [121.38442900048926, 31.07562999986841], [121.3840569995597, 31.07651000008642], [121.3924239995518, 31.07965800002283], [121.38869099964957, 31.08797600001776], [121.38327400050377, 31.09663900023646], [121.40442300023855, 31.10294099982608]]]}}, {"type": "Feature", "properties": {"NAME": "吴泾镇", "idx": 221}, "geometry": {"type": "Polygon", "coordinates": [[[121.44563600036693, 31.105974999867076], [121.4471059995943, 31.105685000031862], [121.4478190002142, 31.102868999928038], [121.45773199985042, 31.103740000190825], [121.46591599955478, 31.09107299990574], [121.47745599979028, 31.04760499958724], [121.47838300049472, 31.036838000010768], [121.4853699995228, 31.02056800014822], [121.48409499956006, 31.017140000233763], [121.48225499995675, 31.016208999839066], [121.47053200018041, 31.014981999787153], [121.46046600037384, 31.010546999573112], [121.45498699969319, 31.009335000368548], [121.44344199970745, 31.00929899974147], [121.43071499971856, 31.036608999778455], [121.42714000048728, 31.040957999951647], [121.42527799991483, 31.04053399977211], [121.42434300029367, 31.048081999575746], [121.42817399989836, 31.04964999998194], [121.42198100026974, 31.062431999654148], [121.42025100032335, 31.063274999865744], [121.42162199961312, 31.06384199999789], [121.42019499962359, 31.069027999544698], [121.42336200013027, 31.069756000269397], [121.4225699999391, 31.071424999795077], [121.42185099972929, 31.07122600024068], [121.42168399972579, 31.071372999701914], [121.42191099952215, 31.07266599978129], [121.42345800050379, 31.07333199985416], [121.42422399987801, 31.073608999576805], [121.42473000034308, 31.07163799958498], [121.42607599997146, 31.071647000235405], [121.42701500049506, 31.069482000398352], [121.42848100028101, 31.070187000329827], [121.43013500046507, 31.06608399970531], [121.43707500024927, 31.067115999861695], [121.43696700014192, 31.0710980000799], [121.43796099959727, 31.073696999805435], [121.43636499987531, 31.0744979995527], [121.43811800048587, 31.075001000038274], [121.43768400011231, 31.076156000436168], [121.44241499964481, 31.075882000060762], [121.4430890003736, 31.074046999657835], [121.44941300017486, 31.07433300044381], [121.44805100032109, 31.078523999831226], [121.44493499980695, 31.078473000084525], [121.44460499997824, 31.081318000158337], [121.44683000048504, 31.081400999978516], [121.44404699966803, 31.09664100036456], [121.4408640002322, 31.10497099980696], [121.44363799990211, 31.10658899967434], [121.4456800002931, 31.106814000313587], [121.44563600036693, 31.105974999867076]]]}}, {"type": "Feature", "properties": {"NAME": "浦江镇", "idx": 222}, "geometry": {"type": "Polygon", "coordinates": [[[121.4846720003678, 31.126783999650684], [121.48816500019151, 31.120685999858384], [121.49451700019159, 31.122941000024863], [121.49694599982205, 31.116670999959535], [121.50058400025416, 31.11738499995651], [121.49932899982288, 31.12010599973405], [121.50171200003987, 31.12244799959975], [121.50232899952884, 31.121799999717858], [121.50671099991676, 31.123371999575948], [121.51009600039416, 31.117086999992168], [121.51709600032217, 31.11826800045094], [121.51966600009857, 31.117329999661493], [121.51907700002147, 31.11882499995613], [121.52045599977201, 31.118841999721013], [121.52012899979994, 31.120251000281854], [121.52069799948693, 31.11856900042919], [121.52678100052232, 31.120275999991687], [121.52763999954732, 31.11881400036627], [121.53059500007988, 31.11986199999451], [121.53089699988233, 31.11814699978586], [121.5321599995567, 31.11845399988579], [121.53341499983999, 31.115676999879422], [121.53496600011887, 31.11611299961673], [121.53524600047712, 31.117400000425008], [121.5379599994863, 31.11797600044093], [121.53887099982872, 31.113969000330222], [121.54094500040463, 31.113210999965872], [121.54113399998545, 31.111583999710877], [121.5431350000827, 31.111348999852858], [121.54550699987541, 31.112834000296107], [121.54478200011253, 31.114955000207193], [121.54763900028343, 31.11559799989626], [121.54868000025682, 31.114287000322392], [121.55090199992316, 31.116312999811502], [121.55211599963702, 31.114822999666007], [121.55361400026288, 31.115191000431345], [121.55570499997891, 31.113433000267648], [121.55485100030351, 31.11233799988036], [121.55295800004164, 31.112140999723806], [121.55329699983554, 31.110504999820215], [121.5567690000613, 31.10796799958124], [121.55550599986508, 31.107131999955524], [121.5588929998686, 31.10359699968036], [121.55736099984992, 31.10304499972703], [121.55864600044993, 31.10060799958299], [121.55821100028693, 31.099796000028608], [121.5603879995347, 31.1002220004133], [121.56083000023297, 31.098197999759822], [121.56245599985725, 31.09882799964107], [121.563091999708, 31.095153000342712], [121.55911400020746, 31.09377700033165], [121.5572760002657, 31.09386000019747], [121.55663700035682, 31.095021999673865], [121.55661199956928, 31.094359999828416], [121.54730399971716, 31.092049000144897], [121.54752900004348, 31.090903000424408], [121.54624899959924, 31.090404999561425], [121.54690900011106, 31.089783999969555], [121.5438039997065, 31.088675999874376], [121.54584299994984, 31.08455999972518], [121.54716200012851, 31.084665999897272], [121.54907999975207, 31.082272999781726], [121.54983799998185, 31.08319300029025], [121.55187900049367, 31.083017000442386], [121.5516450003624, 31.084173000196444], [121.55264299959053, 31.084809000303764], [121.55700099972759, 31.085893000048518], [121.55948599998283, 31.084608999812755], [121.56390599978461, 31.084261999735787], [121.56382199967314, 31.083128000330756], [121.56490499958318, 31.083347999919376], [121.5665729995383, 31.08181900031343], [121.56909999969459, 31.083159000416423], [121.57114399955415, 31.08314300001051], [121.57164799962342, 31.08225300000646], [121.57062100020343, 31.08258500034549], [121.57034099963866, 31.08154499973281], [121.56748700011975, 31.0805419997402], [121.56560500021713, 31.081094999888037], [121.56612799975966, 31.079267000312843], [121.56274599971718, 31.078014999846157], [121.56140800039505, 31.07849499967068], [121.56166900039264, 31.077677000193315], [121.55783299959505, 31.07683000027507], [121.5570150001691, 31.075602000368725], [121.55275200005563, 31.075493999565644], [121.55446499987643, 31.0741250000751], [121.5496829995329, 31.07288699962137], [121.54855300034505, 31.071267999752568], [121.54933000031538, 31.070224999691074], [121.54838100046085, 31.06985399975663], [121.54844399975777, 31.069029999653704], [121.55050199977026, 31.070126999564494], [121.55204099997336, 31.068958999811052], [121.54756000023139, 31.067825999943615], [121.54657299965437, 31.065857999987948], [121.54359099956828, 31.06553100003764], [121.5443580004058, 31.064404999990767], [121.5428839995231, 31.063992999700833], [121.54360600050856, 31.058748999721068], [121.54209500023184, 31.0594759997403], [121.54237900047755, 31.058831000295203], [121.53857699947184, 31.057400000444158], [121.5385659996776, 31.05585799969179], [121.53583700039788, 31.05442799963715], [121.53768799955196, 31.051274000018246], [121.53666099992161, 31.048320000330758], [121.53789000035842, 31.047540000007654], [121.53931499992363, 31.048016000138233], [121.53995399972756, 31.04963399986328], [121.54179299975294, 31.049283000322863], [121.54233500027688, 31.05029899958735], [121.54412999987784, 31.048939999902235], [121.5438429999441, 31.05050899999734], [121.54528399969558, 31.050017000163155], [121.54616399956043, 31.051588999814324], [121.54995900043089, 31.05257000042513], [121.5513219995902, 31.0494129998079], [121.552299999533, 31.04982599959116], [121.55471799988108, 31.04789600010612], [121.55444899991538, 31.04608500001886], [121.55582700028951, 31.045708999783916], [121.55615999964124, 31.046974000445285], [121.55703500047998, 31.04554300018911], [121.55445799952186, 31.043340999642343], [121.55464299959145, 31.03214499981662], [121.55564499952737, 31.031780999627408], [121.55319699957151, 31.0310370003165], [121.55349900011676, 31.029162000331354], [121.55219099955542, 31.028698000128674], [121.55358000029544, 31.028501999834493], [121.553749000274, 31.027615000203873], [121.55215099953877, 31.02527099998523], [121.54782800015079, 31.025330000372854], [121.54707199982903, 31.022917999650186], [121.54841600031861, 31.022401000358762], [121.54898900019874, 31.020649999632276], [121.55141000043237, 31.020538000405395], [121.55161800043354, 31.022335999900868], [121.55375199951085, 31.022166000006482], [121.55405799988579, 31.02457200027843], [121.55726899963638, 31.026553999827293], [121.55674799970312, 31.025419000257326], [121.55753999948128, 31.025231000182703], [121.55671299980645, 31.024620000211897], [121.55878799979529, 31.025263000290927], [121.55976799970837, 31.02342900032721], [121.5612800002381, 31.02335299985793], [121.56300100024157, 31.025037000053157], [121.56244900022982, 31.025565999748288], [121.56412599972184, 31.026371999635376], [121.56262899999734, 31.02636399961379], [121.56302700034608, 31.027066000238115], [121.56743700003979, 31.028621999638656], [121.56680200014786, 31.02713399995759], [121.56821199969583, 31.02724699970732], [121.5687579995584, 31.024682999994063], [121.56983799989419, 31.02494200025969], [121.56961699963725, 31.020694999723734], [121.56781100009462, 31.020536000233832], [121.56630799971022, 31.018900000023873], [121.56660399981405, 31.016369000142173], [121.56518199965792, 31.01481299972775], [121.56052899959538, 31.01324299974392], [121.56075499966437, 31.012497999856045], [121.5618340002707, 31.013485000421575], [121.56301400049118, 31.012209999737028], [121.56494100031705, 31.012678000187332], [121.56686600026364, 31.00778699955515], [121.56526099962028, 31.006748999931656], [121.56596099976886, 31.004295000112137], [121.56332300016987, 31.003154999929723], [121.56589700003774, 31.001580999841746], [121.56601899971055, 31.000442000054175], [121.55880899978504, 30.998145999737073], [121.55122700050745, 30.99732999989082], [121.55178199989015, 30.995641999646004], [121.54908300003864, 30.995767000340578], [121.54809300019036, 30.9971390002123], [121.54865700008804, 30.995871000312], [121.5478340000325, 30.995386000286384], [121.54911399982277, 30.994831000167963], [121.5483089998884, 30.99078599975527], [121.54671299987987, 30.99008399993394], [121.5446000005057, 30.99055300028974], [121.5425249999667, 30.994420999955206], [121.54051999976517, 30.9950780003978], [121.54030800021388, 30.99619500043093], [121.53993700048093, 30.995099000240636], [121.53685899950683, 30.996540999891497], [121.5334369998607, 30.995144000417966], [121.53332900024898, 30.997026999641406], [121.53031899997406, 30.997031999666085], [121.5294460003764, 30.998239000261393], [121.526525999858, 30.997155000369556], [121.52594799992995, 30.998321999812983], [121.52406400031754, 30.997778000358217], [121.52087500020528, 30.999591000001086], [121.51933999955862, 31.00167700018744], [121.51608000039174, 31.00133999969233], [121.5150310002452, 31.00422599983167], [121.51701199999745, 31.004097999930615], [121.5173639997721, 31.00505799980863], [121.51561000045388, 31.00522400015931], [121.51564299947502, 31.006963000266804], [121.51399700025326, 31.00856099988117], [121.511984000322, 31.008591000351927], [121.51169099975247, 31.009872000264377], [121.51045799993018, 31.009594000373404], [121.50911399987014, 31.007496000297937], [121.50018199991516, 31.006158000078926], [121.4932540003335, 31.001738000178086], [121.49384199992542, 31.000320999775766], [121.4907890005262, 31.000146999687658], [121.48667700001462, 31.012225000357677], [121.48736699989875, 31.012359000328125], [121.48764799991027, 31.01489599984103], [121.48409499956006, 31.017140000233763], [121.48530700035158, 31.02080499992928], [121.47838300049472, 31.036838000010768], [121.47745599979028, 31.04760499958724], [121.46591599955478, 31.09107299990574], [121.45771200032237, 31.104167000417462], [121.45835400032979, 31.109338999982164], [121.46046600026861, 31.114159999911344], [121.46677400013085, 31.112041000393685], [121.46819499988526, 31.11305700017163], [121.46654899955584, 31.11392199986037], [121.46942199983933, 31.115042999868603], [121.46964000011626, 31.116443999560037], [121.47189299972666, 31.113795999558413], [121.47227000031154, 31.111298999624392], [121.47325699983816, 31.111530999672578], [121.47269000029895, 31.112633999906503], [121.47383399978158, 31.113331999991452], [121.47518699981438, 31.11185399985804], [121.47661199957054, 31.112619000184903], [121.47445299981919, 31.116210999723695], [121.47298199996092, 31.116999999639667], [121.47274399952931, 31.119459000403143], [121.4748180004566, 31.119069000310315], [121.47711899973498, 31.120499000309067], [121.47706999981679, 31.122079999752383], [121.47866800049756, 31.12209999979048], [121.47882500015594, 31.12346099980616], [121.48078399974234, 31.12381699991542], [121.48127500027852, 31.126148999622053], [121.4846720003678, 31.126783999650684]]]}}, {"type": "Feature", "properties": {"NAME": "莘庄镇", "idx": 223}, "geometry": {"type": "Polygon", "coordinates": [[[121.37645199981647, 31.141604999754062], [121.37685200013728, 31.136184000376073], [121.38086799992385, 31.12858200021063], [121.38942800001479, 31.130553000055542], [121.39458799992937, 31.128780000258804], [121.38726299966551, 31.120491999609953], [121.3887610001904, 31.12036100016862], [121.38965200043167, 31.117402999832183], [121.39179499998642, 31.11517199984693], [121.39110099984607, 31.114817999722895], [121.39289100031638, 31.11471099984705], [121.39520800035392, 31.11093300032402], [121.4004590001765, 31.113455999607442], [121.4019979997685, 31.109823000006582], [121.40042999966312, 31.109217999644176], [121.40332300009274, 31.1026239997172], [121.36938400050545, 31.09257000002925], [121.36814200000399, 31.09487400014895], [121.36137499968522, 31.092865999660308], [121.36123900032042, 31.09569800015611], [121.3577599996231, 31.102340999798436], [121.35424199962608, 31.101513000310952], [121.3535140001115, 31.102573000389288], [121.34653200023048, 31.100959000292377], [121.34349400038923, 31.109269000414976], [121.34696699993425, 31.109711999716172], [121.34711999986295, 31.108716999582292], [121.34854499954515, 31.108872000383222], [121.34827000047717, 31.110225000111026], [121.3524249996307, 31.112482999658837], [121.35124500042397, 31.114353999704058], [121.34923200030312, 31.113640000150397], [121.3472429996481, 31.11516699975568], [121.34575800014748, 31.1176859998038], [121.34877799993164, 31.118837999716742], [121.34796899967652, 31.12031499988991], [121.34474199983258, 31.11977399958798], [121.34403400038443, 31.120429999557977], [121.34033699983615, 31.127585000360774], [121.3482770003194, 31.13200900041103], [121.3489609996517, 31.131406000226484], [121.36117099995533, 31.13661300000928], [121.36166599991955, 31.135665000041666], [121.36602500021621, 31.137743999791592], [121.37309700044565, 31.138903999609123], [121.37193099952471, 31.140975000012617], [121.37645199981647, 31.141604999754062]]]}}, {"type": "Feature", "properties": {"NAME": "梅陇镇", "idx": 224}, "geometry": {"type": "MultiPolygon", "coordinates": [[[[121.4045910001546, 31.14660300029677], [121.41671300031359, 31.12898399988396], [121.43174199990644, 31.13081999982632], [121.43415600032452, 31.12130299986071], [121.4308809996049, 31.115395999724345], [121.43221699993923, 31.115198999881354], [121.43292600011964, 31.113770999791118], [121.43699999957775, 31.114462000272205], [121.44105300022316, 31.117149999570735], [121.44177200000556, 31.11613200014181], [121.44577600043164, 31.117291999972963], [121.44688400020333, 31.11670499964964], [121.4454919997681, 31.11453100010584], [121.4471330001349, 31.111995000347836], [121.44697100028947, 31.109576000209948], [121.44123000001345, 31.108328999868522], [121.44144300009614, 31.107569999754265], [121.44320699964881, 31.107670000382864], [121.44363799990211, 31.10658899967434], [121.4408640002322, 31.10497099980696], [121.44404699966803, 31.09664100036456], [121.44683000048504, 31.081400999978516], [121.44460499997824, 31.081318000158337], [121.44493499980695, 31.078473000084525], [121.44805100032109, 31.078523999831226], [121.44941300017486, 31.07433300044381], [121.4430890003736, 31.074046999657835], [121.44241499964481, 31.075882000060762], [121.43768400011231, 31.076156000436168], [121.43811800048587, 31.075001000038274], [121.43636499987531, 31.0744979995527], [121.43796099959727, 31.073696999805435], [121.43696700014192, 31.0710980000799], [121.43707500024927, 31.067115999861695], [121.43013500046507, 31.06608399970531], [121.42848100028101, 31.070187000329827], [121.42701500049506, 31.069482000398352], [121.42607599997146, 31.071647000235405], [121.42473000034308, 31.07163799958498], [121.41432299949757, 31.090102000219332], [121.41014700015936, 31.089121999932868], [121.40994999953348, 31.090276999685255], [121.40830100031768, 31.08980399984049], [121.40905400035437, 31.091605000184828], [121.40691800016191, 31.097806999967908], [121.40442300023855, 31.10294099982608], [121.40332300009274, 31.1026239997172], [121.40042999966312, 31.109217999644176], [121.4019979997685, 31.109823000006582], [121.4004590001765, 31.113455999607442], [121.39520800035392, 31.11093300032402], [121.39289100031638, 31.11471099984705], [121.39110099984607, 31.114817999722895], [121.39179499998642, 31.11517199984693], [121.38965200043167, 31.117402999832183], [121.3887610001904, 31.12036100016862], [121.38726299966551, 31.120491999609953], [121.39458799992937, 31.128780000258804], [121.3887750000847, 31.130517999844557], [121.38592900007261, 31.14206799980481], [121.39130600024885, 31.143402999819546], [121.39507000006117, 31.14580500017907], [121.39820699979951, 31.138157000168142], [121.40182000006949, 31.141653999962728], [121.40506699966207, 31.14276499964561], [121.4045910001546, 31.14660300029677]]], [[[121.3892460004093, 31.16297200026533], [121.39226699964458, 31.15409300026876], [121.38351299995222, 31.151839999999783], [121.38180299953537, 31.158944000287853], [121.38734800043052, 31.160685000107733], [121.38687799972774, 31.162564000010775], [121.38568299965814, 31.162745000254358], [121.3892460004093, 31.16297200026533]]]]}}, {"type": "Feature", "properties": {"NAME": "古美镇", "idx": 225}, "geometry": {"type": "MultiPolygon", "coordinates": [[[[121.3723210000131, 31.159663999836425], [121.38180299953537, 31.158944000287853], [121.38351299995222, 31.151839999999783], [121.39672500042163, 31.155241000098062], [121.39614100009484, 31.157104000164537], [121.40001699966993, 31.15856999970813], [121.4050019995908, 31.146788999616703], [121.40523100032557, 31.143213999956465], [121.40182000006949, 31.141653999962728], [121.39820699979951, 31.138157000168142], [121.39507000006117, 31.14580500017907], [121.39130600024885, 31.143402999819546], [121.38592900007261, 31.14206799980481], [121.3887750000847, 31.130517999844557], [121.38086799992385, 31.12858200021063], [121.37685200013728, 31.136184000376073], [121.37566799964983, 31.148995000273196], [121.3723210000131, 31.159663999836425]]], [[[121.39773899959016, 31.16400600002569], [121.39969799974071, 31.159336000082316], [121.39105000033005, 31.15770299958223], [121.38976500023729, 31.16145999975117], [121.39773899959016, 31.16400600002569]]]]}}, {"type": "Feature", "properties": {"NAME": "七宝镇", "idx": 226}, "geometry": {"type": "Polygon", "coordinates": [[[121.35339899985911, 31.184505000436285], [121.35771699990742, 31.17093900006146], [121.35966099984851, 31.171682000381498], [121.36088800038542, 31.170856999558232], [121.36122099968307, 31.170051999594236], [121.35996500024243, 31.169663999664188], [121.36132800005221, 31.16669099997529], [121.36234400015833, 31.167170999665576], [121.36268600039128, 31.16620799997849], [121.37717999948202, 31.170307000356992], [121.38180299953537, 31.158944000287853], [121.3723210000131, 31.159663999836425], [121.37519700022332, 31.15126500019078], [121.37645199981647, 31.141604999754062], [121.37193099952471, 31.140975000012617], [121.37309700044565, 31.138903999609123], [121.36602500021621, 31.137743999791592], [121.36166599991955, 31.135665000041666], [121.36117099995533, 31.13661300000928], [121.3489609996517, 31.131406000226484], [121.3482770003194, 31.13200900041103], [121.34148800017678, 31.128011000265875], [121.33677100042975, 31.137491000339594], [121.3345490004832, 31.13919099969899], [121.33240800051702, 31.139473000059546], [121.33205900000019, 31.14102000040784], [121.3335919998646, 31.141318999894413], [121.33392799949321, 31.143609999633902], [121.33079600039042, 31.145750000412765], [121.32982599960121, 31.1482859999704], [121.32908799966634, 31.148100000383597], [121.32914100017516, 31.15067100044283], [121.32653299987508, 31.15171700011638], [121.32686900030751, 31.153878999592862], [121.32425399988851, 31.15837000007779], [121.32162000017672, 31.15992900004804], [121.31849099973937, 31.158761000257417], [121.31776499988874, 31.15972099983495], [121.31496000033435, 31.159332999845283], [121.31411500007793, 31.16060099963526], [121.31762300045686, 31.161977000143484], [121.31580599947154, 31.16359900022896], [121.31899399951352, 31.164828999736102], [121.31743900012886, 31.16652500033034], [121.32155200032996, 31.168277000064244], [121.32060400014372, 31.168418000321157], [121.32090300052175, 31.169210999911943], [121.32259399954164, 31.17000200036982], [121.32591999974582, 31.169680999847923], [121.32636099952902, 31.168914000105495], [121.33252299988023, 31.1714230001096], [121.33306000000297, 31.170447999714575], [121.33765600031116, 31.173651000229277], [121.34056399996555, 31.173454000303497], [121.35339899985911, 31.184505000436285]]]}}, {"type": "Feature", "properties": {"NAME": "虹桥镇", "idx": 227}, "geometry": {"type": "Polygon", "coordinates": [[[121.38784299978573, 31.193825999971597], [121.40774799971597, 31.192936999899274], [121.40817600031055, 31.189596000366006], [121.408764999639, 31.18863999975175], [121.41035799957966, 31.189137999650388], [121.4108540004329, 31.18769399959465], [121.41025899994126, 31.18522299959636], [121.39583799999316, 31.18072799962798], [121.39373800000739, 31.18151199996876], [121.39270599965334, 31.18121199977094], [121.3927649998293, 31.179954999652715], [121.38963699948205, 31.179645999633014], [121.390589000315, 31.17640799985476], [121.38973299955866, 31.176260000240134], [121.38963399984472, 31.17511299968749], [121.38786599965857, 31.174761999927345], [121.38912700007727, 31.171356000439012], [121.38669599974038, 31.170534000140627], [121.38906200022464, 31.163506999866897], [121.38568299965814, 31.162745000254358], [121.38687799972774, 31.162564000010775], [121.38734800043052, 31.160685000107733], [121.38431800030827, 31.15953199965869], [121.38180299953537, 31.158944000287853], [121.38068699996076, 31.163249999835255], [121.3771249997276, 31.170335999556357], [121.36268600039128, 31.16620799997849], [121.36234400015833, 31.167170999665576], [121.36132800005221, 31.16669099997529], [121.35996500024243, 31.169663999664188], [121.36122099968307, 31.170051999594236], [121.36088800038542, 31.170856999558232], [121.35966099984851, 31.171682000381498], [121.35771699990742, 31.17093900006146], [121.3548019996001, 31.178338000438053], [121.35352599983703, 31.187844999875256], [121.35935200029168, 31.18706399993172], [121.37570399974787, 31.192068000305525], [121.38784299978573, 31.193825999971597]]]}}, {"type": "Feature", "properties": {"NAME": "新虹街道", "idx": 228}, "geometry": {"type": "Polygon", "coordinates": [[[121.31493200032884, 31.22552800001206], [121.31662800029791, 31.223359999619245], [121.33242200050576, 31.225797999779726], [121.3326099999256, 31.22392999959952], [121.33794799991108, 31.221590000052334], [121.3375210005017, 31.219229999758532], [121.3346159998006, 31.218590000366454], [121.33497500029128, 31.21491299990471], [121.33551400049811, 31.21642000029012], [121.33646399986405, 31.216388999654598], [121.33608700019548, 31.215097999566023], [121.33370400020554, 31.214365999551763], [121.33416400028324, 31.198338000105213], [121.33264100019159, 31.197665999706892], [121.33340999951514, 31.194633999671325], [121.32724200002987, 31.19163000008269], [121.33376300017544, 31.18206699973453], [121.33666000006642, 31.181419000445608], [121.33713100017457, 31.179757999668418], [121.33733999980934, 31.1816460004387], [121.34668100014639, 31.185463000321228], [121.34851000044657, 31.18353400004092], [121.3520330000982, 31.18472499994628], [121.35319399997591, 31.186495999790623], [121.35344200034399, 31.1845360000451], [121.34056399996555, 31.173454000303497], [121.33765600031116, 31.173651000229277], [121.33306000000297, 31.170447999714575], [121.33252299988023, 31.1714230001096], [121.32636099952902, 31.168914000105495], [121.32591999974582, 31.169680999847923], [121.32259399954164, 31.17000200036982], [121.32034700028083, 31.168817000164644], [121.32155200032996, 31.168277000064244], [121.31743900012886, 31.16652500033034], [121.31378200038567, 31.172456000231193], [121.31309100049535, 31.176537999581807], [121.3075909995014, 31.18372499964352], [121.30411500022424, 31.19021699994937], [121.29921300038198, 31.194632999643282], [121.29926599993259, 31.195860999656958], [121.2970220001437, 31.197704000103023], [121.29700599998863, 31.19889700023949], [121.29575200033821, 31.19908099983437], [121.29578700005834, 31.200217999952134], [121.29356099960309, 31.202005000045634], [121.2959509998179, 31.20417599995425], [121.29812000006889, 31.203815000259674], [121.29899899969662, 31.204745999648047], [121.29875299950317, 31.208610000140197], [121.2964470003145, 31.209810999952428], [121.29560200019255, 31.20936299974854], [121.2940869995428, 31.211834000346926], [121.29313100034297, 31.214562000222955], [121.29434900033435, 31.216571999679054], [121.29327599966282, 31.217306999654596], [121.29359500008725, 31.21878399962051], [121.29585699948014, 31.2184780003316], [121.2978680003764, 31.219992000152182], [121.30653100004108, 31.22004300023906], [121.31093800033032, 31.22175299963023], [121.30974200010131, 31.22325400007986], [121.31342000006804, 31.225852999970005], [121.31419099958062, 31.225053999882576], [121.31493200032884, 31.22552800001206]]]}}, {"type": "Feature", "properties": {"NAME": "华漕镇", "idx": 229}, "geometry": {"type": "Polygon", "coordinates": [[[121.25126000049633, 31.26044499956576], [121.25241700014102, 31.26095999955155], [121.25643700001068, 31.260030999656827], [121.2564409994895, 31.26071899997375], [121.25951100052089, 31.261150000199645], [121.25999300052437, 31.258666999770796], [121.26338600022316, 31.256485000147986], [121.2625969998496, 31.25477300034503], [121.2632890002006, 31.252993999678246], [121.26404999992562, 31.25594499999911], [121.26689100024159, 31.254402999818105], [121.26992699959816, 31.255678000442536], [121.2749839999787, 31.253932999911644], [121.27958000007499, 31.253767000382652], [121.27690800037445, 31.249854000250448], [121.2789270004927, 31.246785999988752], [121.28263800021077, 31.24562899982274], [121.28357999984132, 31.240912999716517], [121.28262300036215, 31.24058200017962], [121.2837149997153, 31.240525999812764], [121.28454199970592, 31.239245999981748], [121.28392400002075, 31.238882999869976], [121.28469900048425, 31.23905099966276], [121.28769700049541, 31.235009000402], [121.29301599961431, 31.232857999755854], [121.297837999699, 31.23267000004385], [121.30876299952284, 31.22922899999922], [121.31134199996112, 31.229206999947607], [121.3170619995034, 31.231450000217436], [121.32128700016624, 31.231499000412743], [121.32927400025899, 31.23392199966177], [121.32996600046253, 31.234626000139652], [121.32964299954797, 31.237400999892607], [121.33361099978018, 31.239532999914342], [121.33403600037329, 31.237596999706167], [121.33725600021333, 31.237402999922097], [121.33940900028605, 31.235054000133914], [121.34066400048219, 31.229887000176205], [121.33839500027055, 31.22947200017923], [121.33603899991392, 31.226648999822835], [121.34078600018576, 31.225386000145317], [121.34063499968316, 31.224633999953507], [121.33841199980465, 31.22501299956722], [121.33794799991108, 31.221590000052334], [121.3326099999256, 31.22392999959952], [121.33242200050576, 31.225797999779726], [121.31662800029791, 31.223359999619245], [121.31493200032884, 31.22552800001206], [121.31419099958062, 31.225053999882576], [121.31342000006804, 31.225852999970005], [121.30974200010131, 31.22325400007986], [121.31093800033032, 31.22175299963023], [121.30653100004108, 31.22004300023906], [121.2978680003764, 31.219992000152182], [121.29585699948014, 31.2184780003316], [121.29359500008725, 31.21878399962051], [121.29327599966282, 31.217306999654596], [121.29434900033435, 31.216571999679054], [121.29313100034297, 31.214562000222955], [121.2940869995428, 31.211834000346926], [121.29560200019255, 31.20936299974854], [121.2964470003145, 31.209810999952428], [121.29875299950317, 31.208610000140197], [121.29899899969662, 31.204745999648047], [121.29812000006889, 31.203815000259674], [121.2959509998179, 31.20417599995425], [121.29369099974107, 31.20251400039096], [121.29123299966734, 31.203973000232814], [121.29125799991193, 31.205327000183438], [121.28987500044678, 31.205146000337027], [121.28790899992482, 31.20436700042943], [121.28688600038234, 31.201833999653598], [121.28018399971734, 31.19675100030407], [121.27277700009995, 31.195626999605455], [121.26505500036994, 31.20189600015646], [121.26236399959119, 31.20566800032009], [121.260208000222, 31.20562599978692], [121.2583850004271, 31.208070000195555], [121.2601609995754, 31.209069000403574], [121.25878900021092, 31.212494000424922], [121.25758600008143, 31.212521999818197], [121.25483000031807, 31.21502399955895], [121.2569199996586, 31.21710199985227], [121.25540300002768, 31.220361999622803], [121.25465500002787, 31.22016100031563], [121.25297099978611, 31.222426999853692], [121.25397499947547, 31.224205000113823], [121.25190499983539, 31.228439000365697], [121.25350899951032, 31.229147000251945], [121.2525630005182, 31.231287999863042], [121.25318500014423, 31.23194999982334], [121.2491300001886, 31.23512000030293], [121.24978200005832, 31.236512000296337], [121.24832800048338, 31.23814899981322], [121.24891699971167, 31.238452999770267], [121.24627200013565, 31.24017199975504], [121.24533299954842, 31.23854300042869], [121.24316300051754, 31.242908000248395], [121.23880900049173, 31.24230899963356], [121.23545899983537, 31.243220000349517], [121.23697899977647, 31.244907000224952], [121.23614800043849, 31.247282999861145], [121.2376900002968, 31.24865299962436], [121.2371110004724, 31.24931400006207], [121.24141799954154, 31.25101799958229], [121.24256499990639, 31.25331099958481], [121.24366500036258, 31.25297899979011], [121.24186800004524, 31.253686000219126], [121.24273500030749, 31.255321000381862], [121.24559900011238, 31.258330000128968], [121.24959200020092, 31.259938000294735], [121.2497169999266, 31.261658999612937], [121.25126000049633, 31.26044499956576]]]}}]}